slot,prod_start_ns,prod_end_ns,cons_slot_start_ns,cons_slot_end_ns,import_frame_us,handoff_latency_us,e2e_latency_us
2,22209406649,22209493153,22212767413,22212942225,174.812,3274.26,3360.764
2,22209406649,22209493153,22237870679,22238113538,242.859,28377.526,28464.03
1,22243514384,22243613579,22246329368,22246571597,242.229,2715.789,2814.984
1,22243514384,22243613579,22262735014,22262900805,165.791,19121.435,19220.63
2,22260551870,22260650806,22279415020,22279582225,167.205,18764.214,18863.15
0,22277655288,22277764497,22301990989,22302224027,233.038,24226.492,24335.701
2,22311690160,22311784630,22312868263,22313057406,189.143,1083.633,1178.103
2,22311690160,22311784630,22329455689,22329636734,181.045,17671.059,17765.529
0,22328872975,22328954417,22362306175,22362469633,163.458,33351.758,33433.2
2,22363206761,22363461506,22379313974,22379449735,135.761,15852.468,16107.213
0,22380522465,22380622076,22396164147,22396327115,162.968,15542.071,15641.682
1,22397216063,22397276985,22413439083,22413636055,196.972,16162.098,16223.02
2,22414533508,22414618448,22429989979,22430171054,181.075,15371.531,15456.471
0,22431343531,22431441658,22446231702,22446397227,165.525,14790.044,14888.171
1,22448208343,22448290223,22462805497,22462970899,165.402,14515.274,14597.154
2,22465681821,22465767013,22479472420,22479662211,189.791,13705.407,13790.599
0,22482401212,22482503620,22496282326,22496462635,180.309,13778.706,13881.114
1,22499197377,22499275112,22512933469,22513208117,274.648,13658.357,13736.092
2,22516162892,22516267683,22529413163,22529558524,145.361,13145.48,13250.271
0,22533325818,22533405321,22546060105,22546194000,133.895,12654.784,12734.287
1,22550658981,22550735733,22562795948,22562961473,165.525,12060.215,12136.967
2,22567580972,22567641714,22579452107,22579560809,108.702,11810.393,11871.135
0,22584685421,22584790803,22596066351,22596180583,114.232,11275.548,11380.93
1,22601909882,22602032839,22613068497,22613278543,210.046,11035.658,11158.615
2,22618835169,22618934953,22629432316,22629596616,164.3,10497.363,10597.147
0,22636039525,22636121132,22646114572,22646232547,117.975,9993.44,10075.047
1,22653107674,22653199538,22662900269,22663068780,168.511,9700.731,9792.595
2,22670198214,22670281170,22679585476,22679775671,190.195,9304.306,9387.262
0,22687347088,22687466983,22696116355,22696277399,161.044,8649.372,8769.267
1,22704567724,22704671864,22712947374,22713105431,158.057,8275.51,8379.65
2,22721399057,22721525164,22729562891,22729761004,198.113,8037.727,8163.834
0,22738595559,22738682739,22746122820,22746287341,164.521,7440.081,7527.261
1,22755498146,22755603291,22762803186,22762962279,159.093,7199.895,7305.04
2,22772327027,22772432503,22779413519,22779517291,103.772,6981.016,7086.492
0,22789554220,22789649058,22796194037,22796357290,163.253,6544.979,6639.817
1,22806632581,22806723788,22812969111,22813120477,151.366,6245.323,6336.53
2,22823732485,22823833709,22829437859,22829534233,96.374,5604.15,5705.374
0,22840802398,22840885748,22846127986,22846271082,143.096,5242.238,5325.588
1,22857823182,22857916366,22862749332,22862874844,125.512,4832.966,4926.15
2,22874803784,22874887051,22879390205,22879535202,144.997,4503.154,4586.421
0,22891676939,22891763637,22896146278,22896287808,141.53,4382.641,4469.339
1,22908924981,22909009246,22912744302,22912858603,114.301,3735.056,3819.321
1,22908924981,22909009246,22929412227,22929566832,154.605,20402.981,20487.246
2,22926141380,22926239085,22946061268,22946196192,134.924,19822.183,19919.888
0,22943232171,22943317977,22962724727,22962810126,85.399,19406.75,19492.556
1,22960264195,22960356960,22979589096,22979743985,154.889,19232.136,19324.901
2,22977225238,22977301890,22996058390,22996166229,107.839,18756.5,18833.152
0,22994258887,22994346172,23012719346,23012910047,190.701,18373.174,18460.459
1,23011416170,23011521291,23029390638,23029504620,113.982,17869.347,17974.468
2,23028200696,23028302569,23046211128,23046356718,145.59,17908.559,18010.432
0,23045355018,23045437779,23062729771,23062852817,123.046,17291.992,17374.753
1,23062230098,23062322249,23079392122,23079493750,101.628,17069.873,17162.024
2,23079413827,23079504044,23096055888,23096167957,112.069,16551.844,16642.061
0,23096638836,23096755652,23112729592,23112848598,119.006,15973.94,16090.756
1,23113571855,23113772803,23129519177,23129679439,160.262,15746.374,15947.322
2,23130694197,23130830921,23146071554,23146170679,99.125,15240.633,15377.357
0,23147869396,23147993326,23162785339,23162950457,165.118,14792.013,14915.943
1,23164420167,23164504575,23179403478,23179553235,149.757,14898.903,14983.311
2,23181309997,23181393278,23212519635,23212660428,140.793,31126.357,31209.638
1,23215348754,23215440550,23229545832,23229718034,172.202,14105.282,14197.078
2,23232283923,23232653759,23246075228,23246215229,140.001,13421.469,13791.305
0,23249559634,23249657854,23263096502,23263274122,177.62,13438.648,13536.868
1,23266269640,23266378200,23279443908,23279547596,103.688,13065.708,13174.268
2,23283138200,23283226528,23296091381,23296208574,117.193,12864.853,12953.181
0,23300060201,23300156209,23312854378,23313000051,145.673,12698.169,12794.177
1,23317033228,23317098875,23329475940,23329656800,180.86,12377.065,12442.712
2,23334456395,23334546680,23346126846,23346300936,174.09,11580.166,11670.451
0,23351075142,23351157104,23363063149,23363247026,183.877,11906.045,11988.007
1,23367858867,23367965691,23379397805,23379540205,142.4,11432.114,11538.938
2,23384826894,23384908739,23396085866,23396227327,141.461,11177.127,11258.972
0,23401628817,23401714438,23412731060,23412861891,130.831,11016.622,11102.243
1,23418666651,23418758532,23429397962,23429516691,118.729,10639.43,10731.311
2,23436918343,23437010920,23446058069,23446170952,112.883,9047.149,9139.726
0,23453945551,23454041014,23462763006,23463005204,242.198,8721.992,8817.455
1,23470940374,23471045059,23479399262,23479524577,125.315,8354.203,8458.888
2,23488113638,23488200628,23496053059,23496161605,108.546,7852.431,7939.421
0,23505404683,23505520637,23512716625,23512829221,112.596,7195.988,7311.942
1,23522449238,23522534837,23529392624,23529502129,109.505,6857.787,6943.386
2,23539288017,23539374450,23546051645,23546163680,112.035,6677.195,6763.628
0,23556362364,23556463152,23562733973,23562898493,164.52,6270.821,6371.609
1,23573514121,23573637507,23579451346,23579588561,137.215,5813.839,5937.225
2,23590529343,23590599911,23596191079,23596320441,129.362,5591.168,5661.736
0,23607795635,23607933467,23612726351,23612845249,118.898,4792.884,4930.716
1,23624720040,23624805456,23629390575,23629485332,94.757,4585.119,4670.535
2,23641725644,23641827949,23646057699,23646165752,108.053,4229.75,4332.055
0,23658805822,23658901478,23662891910,23663047737,155.827,3990.432,4086.088
0,23658805822,23658901478,23679424567,23679562421,137.854,20523.089,20618.745
1,23675917514,23676057185,23696154876,23696348565,193.689,20097.691,20237.362
2,23692908362,23692990437,23712910281,23713064154,153.873,19919.844,20001.919
0,23709995727,23710120542,23729396174,23729536370,140.196,19275.632,19400.447
1,23726742340,23726824076,23746068885,23746200950,132.065,19244.809,19326.545
2,23743829888,23743925961,23762720978,23762879211,158.233,18795.017,18891.09
0,23760895777,23760975644,23779384067,23779506977,122.91,18408.423,18488.29
1,23777903521,23778004448,23796096400,23796224774,128.374,18091.952,18192.879
2,23794943155,23795021195,23812721605,23812834070,112.465,17700.41,17778.45
0,23812012323,23812105082,23829389355,23829519314,129.959,17284.273,17377.032
1,23828941281,23829025351,23846074352,23846210173,135.821,17049.001,17133.071
2,23846197421,23846289554,23862768145,23862903055,134.91,16478.591,16570.724
0,23863855441,23863936240,23879387489,23879540312,152.823,15451.249,15532.048
1,23880964186,23881083752,23896064645,23896186897,122.252,14980.893,15100.459
2,23897929914,23898011781,23912826960,23913000533,173.573,14815.179,14897.046
0,23914929346,23915061549,23929388009,23929508666,120.657,14326.46,14458.663
1,23932072365,23932156758,23946074925,23946193479,118.554,13918.167,14002.56
2,23949032601,23949123202,23962724697,23962838277,113.58,13601.495,13692.096
0,23966257976,23966360093,23979385400,23979495493,110.093,13025.307,13127.424
1,23983205181,23983298759,23996071774,23996210311,138.537,12773.015,12866.593
2,24000059886,24000125138,24012755709,24013024080,268.371,12630.571,12695.823
0,24017058783,24017135854,24029400254,24029512849,112.595,12264.4,12341.471
1,24034271371,24034340232,24046074537,24046213873,139.336,11734.305,11803.166
2,24051357205,24051490417,24062732692,24062865094,132.402,11242.275,11375.487
0,24068550348,24068630353,24079382938,24079492039,109.101,10752.585,10832.59
1,24085692893,24085795834,24096068203,24096214311,146.108,10272.369,10375.31
2,24102929900,24103022753,24112740258,24112870158,129.9,9717.505,9810.358
0,24119884236,24119990897,24129402331,24129555394,153.063,9411.434,9518.095
1,24136768609,24136862592,24146092882,24146200568,107.686,9230.29,9324.273
2,24153873900,24153979353,24162738422,24162877032,138.61,8759.069,8864.522
0,24170956587,24171033248,24179385840,24179503181,117.341,8352.592,8429.253
1,24187970871,24188068424,24196055488,24196179982,124.494,7987.064,8084.617
2,24205253346,24205336753,24212720945,24212837656,116.711,7384.192,7467.599
0,24222402002,24222600325,24229408278,24229497396,89.118,6807.953,7006.276
1,24239326514,24239412776,24261983295,24262100972,117.677,22570.519,22656.781
0,24273047720,24273141524,24278934782,24279068370,133.588,5793.258,5887.062
1,24290020668,24290116870,24296194409,24296314633,120.224,6077.539,6173.741
2,24306932894,24307023939,24312741280,24312850281,109.001,5717.341,5808.386
2,24306932894,24307023939,24329411665,24329571519,159.854,22387.726,22478.771
0,24323845428,24323947310,24346208041,24346379139,171.098,22260.731,22362.613
1,24340721741,24340816816,24378979805,24379165893,186.088,38162.989,38258.064
0,24374839477,24374917907,24396263263,24396434025,170.762,21345.356,21423.786
1,24391837204,24391932140,24413150594,24413306402,155.808,21218.454,21313.39
2,24408871400,24409021428,24429438503,24429614751,176.248,20417.075,20567.103
0,24425860148,24425954105,24446253132,24446446912,193.78,20299.027,20392.984
1,24442934318,24443018434,24462953067,24463160168,207.101,19934.633,20018.749
2,24460063125,24460167399,24479466516,24479645480,178.964,19299.117,19403.391
0,24477049809,24477143441,24512171548,24512343015,171.467,35028.107,35121.739
2,24511611088,24511695441,24529226016,24529356008,129.992,17530.575,17614.928
0,24528814150,24528970354,24546052802,24546226700,173.898,17082.448,17238.652
1,24545808484,24545893280,24562598426,24562856644,258.218,16705.146,16789.942
2,24562723174,24562826280,24579248440,24579408094,159.654,16422.16,16525.266
0,24579567487,24579753610,24595737859,24595887985,150.126,15984.249,16170.372
1,24596699062,24596791846,24612267447,24612397562,130.115,15475.601,15568.385
2,24613630067,24613763640,24628998602,24629132330,133.728,15234.962,15368.535
0,24630914565,24631138998,24645929367,24646022226,92.859,14790.369,15014.802
1,24647984683,24648101207,24663077933,24663280972,203.039,14976.726,15093.25
2,24664980660,24665072393,24695655528,24695822197,166.669,30583.135,30674.868
1,24699246456,24699491647,24712579647,24712726724,147.077,13088.0,13333.191
2,24716119694,24716200030,24729501828,24729675712,173.884,13301.798,13382.134
0,24733217217,24733386052,24762637854,24762817824,179.97,29251.802,29420.637
2,24767148403,24767232684,24779556028,24779727684,171.656,12323.344,12407.625
0,24784143420,24784207581,24812200628,24812346586,145.958,27993.047,28057.208
2,24817977155,24818038183,24829226138,24829414923,188.785,11187.955,11248.983
0,24835066673,24835147379,24845992554,24846194192,201.638,10845.175,10925.881
1,24852027312,24852098632,24862526097,24862719178,193.081,10427.465,10498.785
2,24869072905,24869192807,24879424904,24879572296,147.392,10232.097,10351.999
0,24886247062,24886327787,24896181693,24896358150,176.457,9853.906,9934.631
1,24903312825,24903405236,24912842131,24913081050,238.919,9436.895,9529.306
2,24920283219,24920361084,24945720605,24945925900,205.295,25359.521,25437.386
1,24954679896,24954777638,24962389099,24962550039,160.94,7611.461,7709.203
2,24971555038,24971657463,24979337819,24979491230,153.411,7680.356,7782.781
0,24988555051,24988635526,24996108269,24996309854,201.585,7472.743,7553.218
1,25005587572,25005676321,25012783645,25012946630,162.985,7107.324,7196.073
2,25022716091,25022800039,25045640708,25045829454,188.746,22840.669,22924.617
0,25039668326,25039763497,25063249811,25063457538,207.727,23486.314,23581.485
1,25056710953,25056840788,25095698749,25095879282,180.533,38857.961,38987.796
0,25090765625,25090869070,25113031283,25113190099,158.816,22162.213,22265.658
1,25107825768,25107940180,25129869214,25130054529,185.315,21929.034,22043.446
2,25124965724,25125048723,25146120766,25146291645,170.879,21072.043,21155.042
0,25141571920,25141668231,25162737069,25162869912,132.843,21068.838,21165.149
1,25158606320,25158688668,25179417206,25179547556,130.35,20728.538,20810.886
2,25175372186,25175473445,25196107226,25196274363,167.137,20633.781,20735.04
0,25192434822,25192511803,25212733549,25212845545,111.996,20221.746,20298.727
1,25209460690,25209558107,25229417914,25229525321,107.407,19859.807,19957.224
2,25226354579,25226431369,25246071685,25246202222,130.537,19640.316,19717.106
0,25243652918,25243751087,25262728270,25262869642,141.372,18977.183,19075.352
1,25260669105,25260749263,25279397692,25279515117,117.425,18648.429,18728.587
2,25277789788,25277915696,25296075964,25296244340,168.376,18160.268,18286.176
0,25294620318,25294710340,25312803821,25312977190,173.369,18093.481,18183.503
1,25311387230,25311477792,25329406951,25329565149,158.198,17929.159,18019.721
2,25328709636,25328787053,25346127078,25346273932,146.854,17340.025,17417.442
0,25345496911,25345607152,25362947834,25363112825,164.991,17340.682,17450.923
1,25362298233,25362399473,25379424120,25379521306,97.186,17024.647,17125.887
2,25379391622,25379500256,25396118124,25396260797,142.673,16617.868,16726.502
0,25396453558,25396536792,25412987479,25413175421,187.942,16450.687,16533.921
1,25414135471,25414239557,25429434616,25429594176,159.56,15195.059,15299.145
2,25431081060,25431140620,25446123278,25446297700,174.422,14982.658,15042.218
0,25448037623,25448120312,25462782484,25462954021,171.537,14662.172,14744.861
1,25465112226,25465183263,25479492104,25479660010,167.906,14308.841,14379.878
2,25481835238,25481928428,25496298648,25496509261,210.613,14370.22,14463.41
0,25498904950,25498986010,25513003246,25513195060,191.814,14017.236,14098.296
1,25515863445,25515958807,25529547047,25529723063,176.016,13588.24,13683.602
2,25532779435,25532862324,25562359533,25562557110,197.577,29497.209,29580.098
1,25566882692,25566949521,25579471628,25579642461,170.833,12522.107,12588.936
2,25583983842,25584070272,25596540658,25596717761,177.103,12470.386,12556.816
0,25601016712,25601092214,25612777261,25612958844,181.583,11685.047,11760.549
1,25618084489,25618184494,25645612037,25645817271,205.234,27427.543,27527.548
0,25651966444,25652070992,25662787584,25662972026,184.442,10716.592,10821.14
1,25669100831,25669182091,25679444596,25679619100,174.504,10262.505,10343.765
2,25686057709,25686144655,25696180173,25696409407,229.234,10035.518,10122.464
0,25703068501,25703209288,25713192165,25713377944,185.779,9982.877,10123.664
1,25720036711,25720170751,25729507137,25729662593,155.456,9336.386,9470.426
2,25737312415,25737486310,25762544392,25762742903,198.511,25058.082,25231.977
1,25771687636,25771787385,25779415346,25779590135,174.789,7627.961,7727.71
2,25788579232,25788666884,25796309335,25796489238,179.903,7642.451,7730.103
0,25805766965,25805908417,25829238414,25829520695,282.281,23329.997,23471.449
1,25822802359,25822896654,25846237411,25846476158,238.747,23340.757,23435.052
2,25839827141,25839913479,25863004701,25863225780,221.079,23091.222,23177.56
0,25856789616,25856894426,25879512715,25879661905,149.19,22618.289,22723.099
1,25873830235,25873907084,25896190765,25896370068,179.303,22283.681,22360.53
2,25890979629,25891066512,25913061617,25913254487,192.87,21995.105,22081.988
0,25908150311,25908226233,25929412540,25929556150,143.61,21186.307,21262.229
1,25925351301,25925445759,25946139089,25946320514,181.425,20693.33,20787.788
2,25942657070,25942732831,25962853196,25963013900,160.704,20120.365,20196.126
0,25959771133,25959869682,25979407863,25979552891,145.028,19538.181,19636.73
1,25976823495,25976893954,25996075032,25996210152,135.12,19181.078,19251.537
2,25993896519,25993985323,26012802634,26012977139,174.505,18817.311,18906.115
0,26011088428,26011160624,26029397806,26029500719,102.913,18237.182,18309.378
1,26028204052,26028313060,26046228201,26046396287,168.086,17915.141,18024.149
2,26045175538,26045256280,26062867071,26063022633,155.562,17610.791,17691.533
0,26062173026,26062269244,26079411501,26079573773,162.272,17142.257,17238.475
1,26079497795,26079584737,26096081958,26096237868,155.91,16497.221,16584.163
2,26096778022,26096876701,26112745320,26112905161,159.841,15868.619,15967.298
0,26113786184,26113889848,26129404707,26129513314,108.607,15514.859,15618.523
1,26130854202,26130966410,26146076524,26146210665,134.141,15110.114,15222.322
2,26147643339,26147720639,26162736995,26162864057,127.062,15016.356,15093.656
0,26164760622,26164863622,26179395160,26179519612,124.452,14531.538,14634.538
1,26181533445,26181598055,26196065875,26196210744,144.869,14467.82,14532.43
2,26198552319,26198635080,26212730856,26212977292,246.436,14095.776,14178.537
0,26215736070,26215819028,26229818065,26230074458,256.393,13999.037,14081.995
1,26232861880,26232958740,26246170955,26246277554,106.599,13212.215,13309.075
2,26249773744,26249863223,26263113785,26263310249,196.464,13250.562,13340.041
0,26266633889,26266723488,26279449120,26279592246,143.126,12725.632,12815.231
1,26283777080,26283907892,26296080972,26296261314,180.342,12173.08,12303.892
2,26300708580,26300789738,26313094665,26313258615,163.95,12304.927,12386.085
0,26317927352,26317991896,26329417041,26329573117,156.076,11425.145,11489.689
1,26335014593,26335094485,26346122436,26346284781,162.345,11027.951,11107.843
2,26352191144,26352266842,26362731766,26362914270,182.504,10464.924,10540.622
0,26369440056,26369533182,26379539185,26379702459,163.274,10006.003,10099.129
1,26386359554,26386428966,26396593097,26396757159,164.062,10164.131,10233.543
2,26403647234,26403725079,26412942698,26413097066,154.368,9217.619,9295.464
0,26420732888,26420792302,26445691659,26445949479,257.82,24899.357,24958.771
2,26454932190,26455005432,26462729806,26462928670,198.864,7724.374,7797.616
0,26471795806,26471877236,26479863211,26480044617,181.406,7985.975,8067.405
1,26488902338,26488968719,26512500335,26512713286,212.951,23531.616,23597.997
0,26523648676,26523733374,26529326022,26529489476,163.454,5592.648,5677.346
1,26540547309,26540686077,26546040524,26546227925,187.401,5354.447,5493.215
1,26540547309,26540686077,26562588950,26562792635,203.685,21902.873,22041.641
2,26557779672,26557869103,26579161959,26579256432,94.473,21292.856,21382.287
0,26574749680,26574831060,26598658273,26598847169,188.896,23827.213,23908.593
2,26609031195,26609182553,26612757779,26612929798,172.019,3575.226,3726.584
2,26609031195,26609182553,26629404049,26629545249,141.2,20221.496,20372.854
0,26626118425,26626206979,26646065465,26646209213,143.748,19858.486,19947.04
1,26643002072,26643090018,26662853531,26662994673,141.142,19763.513,19851.459
2,26659788316,26659890511,26679408652,26679549450,140.798,19518.141,19620.336
0,26676862989,26676956064,26696163371,26696286120,122.749,19207.307,19300.382
1,26693873644,26693939327,26712774708,26712929616,154.908,18835.381,18901.064
2,26711223602,26711299721,26745539843,26745953424,413.581,34240.122,34316.241
1,26745383986,26745470864,26762708545,26762889996,181.451,17237.681,17324.559
2,26762654528,26762727035,26779279206,26779442022,162.816,16552.171,16624.678
0,26779913140,26780094342,26795902374,26796056851,154.477,15808.032,15989.234
1,26796706366,26796770486,26812357067,26812488619,131.552,15586.581,15650.701
2,26813942504,26814016952,26829107889,26829249750,141.861,15090.937,15165.385
0,26830766964,26830829683,26846437415,26846636593,199.178,15607.732,15670.451
1,26847908839,26847984769,26862797950,26862959518,161.568,14813.181,14889.111
2,26864861363,26864963968,26879459811,26879612234,152.423,14495.843,14598.448
0,26882099999,26882243374,26896277595,26896479775,202.18,14034.221,14177.596
1,26898828259,26898886294,26912840311,26913014120,173.809,13954.017,14012.052
2,26915691387,26915773128,26929415799,26929560626,144.827,13642.671,13724.412
0,26932976242,26933122652,26946071542,26946219287,147.745,12948.89,13095.3
1,26950015364,26950106094,26962729868,26962868718,138.85,12623.774,12714.504
2,26967015785,26967075817,26979410391,26979544628,134.237,12334.574,12394.606
0,26983841696,26983943188,26996072879,26996200386,127.507,12129.691,12231.183
1,27000883081,27001011042,27012753558,27012870070,116.512,11742.516,11870.477
2,27017916785,27018034777,27029396788,27029516432,119.644,11362.011,11480.003
0,27035158517,27035217995,27046069821,27046227016,157.195,10851.826,10911.304
1,27052093254,27052209331,27062719784,27062829121,109.337,10510.453,10626.53
2,27069454615,27069516881,27079421282,27079550423,129.141,9904.401,9966.667
0,27086525457,27086601740,27096054027,27096171938,117.911,9452.287,9528.57
1,27103746666,27103961505,27112797935,27112961750,163.815,8836.43,9051.269
2,27120716551,27120848823,27129425278,27129641304,216.026,8576.455,8708.727
0,27137816079,27137939600,27148986713,27149223472,236.759,11047.113,11170.634
1,27154986531,27155119137,27162773271,27162956911,183.64,7654.134,7786.74
2,27172106035,27172182850,27179718408,27179904722,186.314,7535.558,7612.373
0,27189278725,27189358705,27196068728,27196198554,129.826,6710.023,6790.003
1,27206310662,27206386091,27212731304,27212877029,145.725,6345.213,6420.642
2,27223451181,27223540943,27229435639,27229594253,158.614,5894.696,5984.458
0,27240643552,27240712500,27247384024,27247562726,178.702,6671.524,6740.472
1,27257654982,27257748879,27268301640,27268485306,183.666,10552.761,10646.658
2,27275049306,27275221453,27283480710,27283641956,161.246,8259.257,8431.404
0,27291961560,27292109926,27298045733,27298200599,154.866,5935.807,6084.173
1,27309104075,27309189484,27312851063,27313031462,180.399,3661.579,3746.988
1,27309104075,27309189484,27329407238,27329533406,126.168,20217.754,20303.163
2,27325844325,27325927723,27346063898,27346189416,125.518,20136.175,20219.573
0,27342817309,27342886248,27362723118,27362846785,123.667,19836.87,19905.809
1,27359955267,27360036076,27379387802,27379549466,161.664,19351.726,19432.535
2,27376860725,27376932772,27396087749,27396281889,194.14,19154.977,19227.024
0,27394169148,27394243468,27412731373,27412854074,122.701,18487.905,18562.225
1,27411224497,27411323061,27429396412,27429520171,123.759,18073.351,18171.915
2,27428394942,27428496447,27446123326,27446320475,197.149,17626.879,17728.384
0,27445597158,27445705424,27462724333,27462838815,114.482,17018.909,17127.175
1,27462705267,27462785478,27479401856,27479550665,148.809,16616.378,16696.589
2,27480156313,27480262635,27496066373,27496201039,134.666,15803.738,15910.06
0,27497298890,27497375689,27512726356,27512841801,115.445,15350.667,15427.466
1,27514338271,27514403287,27529389407,27529535586,146.179,14986.12,15051.136
2,27531237303,27531395893,27546102177,27546270451,168.274,14706.284,14864.874
0,27548491359,27548722377,27562819308,27562970389,151.081,14096.931,14327.949
1,27565400275,27565500303,27579396049,27579525205,129.156,13895.746,13995.774
2,27582264035,27582337319,27611958944,27612178374,219.43,29621.625,29694.909
1,27616029911,27616090807,27629155989,27629318312,162.323,13065.182,13126.078
2,27633131538,27633272809,27645780101,27645936201,156.1,12507.292,12648.563
0,27650207560,27650331616,27662872193,27663072569,200.376,12540.577,12664.633
1,27667424582,27667515227,27679397787,27679528849,131.062,11882.56,11973.205
2,27684278566,27684340768,27696075802,27696221780,145.978,11735.034,11797.236
0,27701148552,27701262746,27712733563,27712876836,143.273,11470.817,11585.011
1,27718102556,27718160600,27745401941,27745577365,175.424,27241.341,27299.385
0,27751629011,27751702305,27763037133,27763213624,176.491,11334.828,11408.122
1,27768664724,27768742346,27779423009,27779559007,135.998,10680.663,10758.285
2,27785916535,27785976748,27796065397,27796196269,130.872,10088.649,10148.862
0,27802846322,27802942773,27812727249,27812856582,129.333,9784.476,9880.927
1,27820299891,27820363815,27829396793,27829589818,193.025,9032.978,9096.902
2,27837468942,27837553936,27846065617,27846194969,129.352,8511.681,8596.675
0,27854567030,27854689646,27862736597,27862878795,142.198,8046.951,8169.567
1,27871378174,27871501471,27879406109,27879542413,136.304,7904.638,8027.935
2,27888215907,27888277742,27896228389,27896413700,185.311,7950.647,8012.482
0,27905415711,27905496056,27929048402,27929241377,192.975,23552.346,23632.691
2,27939412772,27939492103,27945904320,27946076532,172.212,6412.217,6491.548
0,27956437131,27956516209,27962691236,27962846414,155.178,6175.027,6254.105
1,27973519712,27973638866,27979700334,27979850146,149.812,6061.468,6180.622
2,27990519952,27990584028,27996063339,27996176896,113.557,5479.311,5543.387
0,28007599410,28007714266,28028845795,28029035095,189.3,21131.529,21246.385
1,28024944539,28025063194,28045982829,28046128821,145.992,20919.635,21038.29
2,28041966917,28042053991,28062374913,28062530416,155.503,20320.922,20407.996
0,28058855137,28058929276,28079248915,28079405946,157.031,20319.639,20393.778
1,28076015657,28076136908,28095889692,28096044661,154.969,19752.784,19874.035
2,28092840029,28092935291,28112441175,28112590190,149.015,19505.884,19601.146
0,28109846047,28109954739,28129162516,28129306346,143.83,19207.777,19316.469
1,28126838892,28126911460,28145603417,28145743518,140.101,18691.957,18764.525
2,28143930828,28144012020,28162252889,28162384146,131.257,18240.869,18322.061
0,28161379872,28161445478,28178974522,28179119445,144.923,17529.044,17594.65
1,28178485952,28178581871,28195982459,28196171788,189.329,17400.588,17496.507
2,28195487305,28195604805,28212550049,28212702269,152.22,16945.244,17062.744
0,28212351745,28212466244,28229206877,28229348648,141.771,16740.633,16855.132
1,28229460859,28229680095,28245653623,28245797159,143.536,15973.528,16192.764
2,28247041642,28247125650,28262267434,28262407510,140.076,15141.784,15225.792
0,28263801758,28264012970,28279122798,28279271422,148.624,15109.828,15321.04
1,28281084009,28281165683,28295882765,28296040832,158.067,14717.082,14798.756
2,28297724599,28297800156,28312441529,28312600202,158.673,14641.373,14716.93
0,28314639101,28314723461,28329298854,28329509951,211.097,14575.393,14659.753
1,28331604277,28331670795,28345922938,28346129125,206.187,14252.143,14318.661
2,28348614409,28348699444,28362060872,28362206547,145.675,13361.428,13446.463
0,28365551080,28365619726,28378981617,28379116305,134.688,13361.891,13430.537
1,28382672461,28382764402,28396214983,28396380843,165.86,13450.581,13542.522
2,28399494087,28399576923,28413013597,28413196931,183.334,13436.674,13519.51
0,28416239453,28416324673,28429412113,28429552595,140.482,13087.44,13172.66
1,28433188931,28433246414,28446074154,28446200103,125.949,12827.74,12885.223
2,28450251132,28450322261,28462773455,28462961438,187.983,12451.194,12522.323
0,28467200554,28467269145,28479388659,28479501894,113.235,12119.514,12188.105
1,28484214293,28484339442,28496066830,28496185493,118.663,11727.388,11852.537
2,28501232047,28501380001,28512734907,28512858806,123.899,11354.906,11502.86
0,28518131147,28518209128,28529403904,28529544896,140.992,11194.776,11272.757
1,28535263953,28535327179,28546053463,28546169194,115.731,10726.284,10789.51
2,28551915256,28552004988,28562728681,28562857883,129.202,10723.693,10813.425
0,28569117930,28569182143,28579388799,28579499784,110.985,10206.656,10270.869
1,28585952004,28586032096,28596053513,28596184097,130.584,10021.417,10101.509
2,28602944090,28603053851,28612734489,28612878246,143.757,9680.638,9790.399
0,28620093622,28620180484,28629391617,28629536337,144.72,9211.133,9297.995
1,28637083934,28637151846,28646056406,28646179830,123.424,8904.56,8972.472
2,28654174792,28654305281,28662818322,28662975883,157.561,8513.041,8643.53
0,28671130887,28671191373,28679386832,28679506455,119.623,8195.459,8255.945
1,28688075945,28688151665,28696062823,28696241619,178.796,7911.158,7986.878
1,28688075945,28688151665,28712734241,28712870123,135.882,24582.576,24658.296
2,28705042013,28705122031,28729397407,28729517715,120.308,24275.376,24355.394
0,28721972815,28722061870,28746057681,28746166914,109.233,23995.811,24084.866
1,28738669371,28738738161,28762718945,28762828786,109.841,23980.784,24049.574
2,28755643903,28755871874,28779388174,28779503684,115.51,23516.3,23744.271
0,28772857446,28772921144,28796053124,28796190842,137.718,23131.98,23195.678
0,28772857446,28772921144,28846056028,28846169800,113.772,73134.884,73198.582
0,28772857446,28772921144,28896065965,28896198580,132.615,123144.821,123208.519
0,28772857446,28772921144,28946074992,28946197953,122.961,173153.848,173217.546
1,28789765929,28789852883,28812748151,28812903065,154.914,22895.268,22982.222
1,28789765929,28789852883,28862720235,28862833881,113.646,72867.352,72954.306
1,28789765929,28789852883,28912751504,28912901920,150.416,122898.621,122985.575
1,28789765929,28789852883,28962729545,28962853206,123.661,172876.662,172963.616
2,28806706314,28806791173,28829409450,28829550622,141.172,22618.277,22703.136
2,28806706314,28806791173,28879405946,28879521621,115.675,72614.773,72699.632
2,28806706314,28806791173,28929406518,28929542147,135.629,122615.345,122700.204
2,28806706314,28806791173,28979402044,28979546563,144.519,172610.871,172695.73
0,31412759989,31412870372,31446811709,31446987299,175.59,33941.337,34051.72
1,31429670113,31429787326,31462771468,31462913485,142.017,32984.142,33101.355
2,31447136998,31447213927,31479649078,31479783308,134.23,32435.151,32512.08
0,31463906947,31463981901,31496317250,31496424224,106.974,32335.349,32410.303
1,31481263570,31481340955,31513221286,31513354501,133.215,31880.331,31957.716
2,31498211904,31498330699,31529741170,31529827655,86.485,31410.471,31529.266
2,31498211904,31498330699,31546338203,31546495390,157.187,48007.504,48126.299
0,31515177202,31515259610,31563015773,31563154072,138.299,47756.163,47838.571
1,31532173411,31532262249,31579549825,31579691950,142.125,47287.576,47376.414
2,31549192302,31549274396,31596151535,31596284687,133.152,46877.139,46959.233
0,31566477356,31566586633,31612992304,31613120123,127.819,46405.671,46514.948
1,31583396569,31583461175,31629812563,31629968758,156.195,46351.388,46415.994
2,31600732332,31600836017,31646283965,31646394771,110.806,45447.948,45551.633
0,31617687777,31617802274,31662735285,31662866118,130.833,44933.011,45047.508
1,31634692995,31634831410,31679387539,31679475528,87.989,44556.129,44694.544
2,31651507610,31651598960,31696253782,31696414942,161.16,44654.822,44746.172
0,31668472629,31668569793,31712760349,31712868429,108.08,44190.556,44287.72
1,31685492487,31685574999,31729639445,31729778862,139.417,44064.446,44146.958
2,31702626062,31702726670,31746156606,31746271157,114.551,43429.936,43530.544
0,31719707792,31719794674,31762853464,31762966919,113.455,43058.79,43145.672
1,31736725625,31736831397,31779382904,31779493440,110.536,42551.507,42657.279
2,31754048931,31754124081,31796095035,31796201146,106.111,41970.954,42046.104
0,31771124051,31771218901,31812898346,31813006610,108.264,41679.445,41774.295
1,31788127727,31788202376,31829604778,31829758387,153.609,41402.402,41477.051
2,31805246888,31805372230,31846275169,31846393378,118.209,40902.939,41028.281
0,31822241356,31822377340,31862718440,31862833594,115.154,40341.1,40477.084
1,31839150589,31839262619,31879405103,31879590147,185.044,40142.484,40254.514
2,31856310204,31856397538,31896235296,31896364213,128.917,39837.758,39925.092
0,31873053079,31873150226,31912847399,31913007934,160.535,39697.173,39794.32
1,31889790118,31889872479,31929697213,31929819884,122.671,39824.734,39907.095
2,31906920053,31907000828,31946312164,31946433564,121.4,39311.336,39392.111
0,31924277724,31924348569,31962993459,31963111095,117.636,38644.89,38715.735
1,31941544341,31941639781,31979381600,31979496968,115.368,37741.819,37837.259
2,31958601400,31958676293,31996055632,31996181877,126.245,37379.339,37454.232
0,31975856042,31975963287,32012887233,32013002707,115.474,36923.946,37031.191
1,31992786308,31992862909,32029504204,32029634227,130.023,36641.295,36717.896
2,32009732316,32009826049,32046476076,32046610689,134.613,36650.027,36743.76
0,32026918896,32026989949,32062723963,32062840362,116.399,35734.014,35805.067
1,32044191614,32044317777,32079383969,32079497344,113.375,35066.192,35192.355
2,32061112234,32061187711,32096073793,32096182071,108.278,34886.082,34961.559
0,32078446385,32078543600,32112730445,32112851867,121.422,34186.845,34284.06
1,32095533494,32095630388,32129433385,32129567560,134.175,33802.997,33899.891
2,32112699247,32112894860,32146072001,32146232480,160.479,33177.141,33372.754
0,32129878920,32129945101,32162751066,32162849045,97.979,32805.965,32872.146
1,32147503478,32147701269,32179536131,32179626244,90.113,31834.862,32032.653
2,32163800585,32163862605,32196136043,32196218090,82.047,32273.438,32335.458
0,32181054541,32181160561,32212781210,32212896452,115.242,31620.649,31726.669
1,32198170862,32198248724,32229636411,32229797213,160.802,31387.687,31465.549
2,32214914913,32215018506,32246680214,32246856407,176.193,31661.708,31765.301
0,32231886636,32231969279,32262749999,32262852929,102.93,30780.72,30863.363
0,32231886636,32231969279,32279441938,32279527523,85.585,47472.659,47555.302
1,32248989812,32249087143,32296359700,32296514289,154.589,47272.557,47369.888
2,32266018556,32266115836,32312829844,32312920087,90.243,46714.008,46811.288
0,32283042031,32283128035,32329532009,32329651663,119.654,46403.974,46489.978
1,32300047742,32300119485,32346217862,32346348165,130.303,46098.377,46170.12
2,32317161480,32317251443,32362964822,32363106687,141.865,45713.379,45803.342
0,32334187729,32334256137,32379662137,32379799376,137.239,45406.0,45474.408
1,32351426537,32351514529,32396543730,32396695660,151.93,45029.201,45117.193
2,32368324933,32368408741,32413072046,32413241088,169.042,44663.305,44747.113
0,32385499326,32385611993,32429464711,32429624482,159.771,43852.718,43965.385
1,32402368346,32402446160,32446340021,32446463409,123.388,43893.861,43971.675
2,32419252291,32419381372,32462738143,32462835831,97.688,43356.771,43485.852
0,32436245957,32436316296,32479816455,32479959601,143.146,43500.159,43570.498
1,32453464648,32453547712,32496290679,32496475204,184.525,42742.967,42826.031
2,32470748018,32470873418,32512919862,32513015027,95.165,42046.444,42171.844
0,32487836683,32487961133,32529535121,32529649193,114.072,41573.988,41698.438
1,32504864296,32504936059,32546257312,32546369046,111.734,41321.253,41393.016
2,32521846176,32521924588,32562978176,32563116748,138.572,41053.588,41132.0
0,32538953939,32539040724,32579976034,32580112267,136.233,40935.31,41022.095
1,32555977245,32556073063,32596430361,32596577685,147.324,40357.298,40453.116
2,32573653567,32573768942,32612850920,32612961502,110.582,39081.978,39197.353
0,32590768812,32590906044,32629421361,32629561292,139.931,38515.317,38652.549
1,32607845243,32607924724,32646187414,32646300651,113.237,38262.69,38342.171
2,32624782364,32624875540,32662744406,32662877548,133.142,37868.866,37962.042
0,32641750186,32641829952,32679394053,32679564896,170.843,37564.101,37643.867
1,32658534766,32658627906,32696219898,32696371907,152.009,37591.992,37685.132
2,32675588396,32675664886,32712889561,32713013184,123.623,37224.675,37301.165
0,32692652663,32692746296,32729560300,32729691200,130.9,36814.004,36907.637
1,32709744017,32709818112,32746206488,32746318336,111.848,36388.376,36462.471
2,32726562945,32726651111,32762810477,32762925868,115.391,36159.366,36247.532
0,32743350912,32743422736,32779541451,32779658913,117.462,36118.715,36190.539
1,32760415252,32760502888,32796103311,32796253941,150.63,35600.423,35688.059
2,32777769914,32777857065,32812727580,32812813293,85.713,34870.515,34957.666
0,32794927157,32795029664,32829401519,32829544771,143.252,34371.855,34474.362
1,32811969090,32812045151,32846170727,32846295570,124.843,34125.576,34201.637
2,32828942516,32829024794,32862731943,32862875472,143.529,33707.149,33789.427
0,32846212928,32846333408,32879385152,32879495520,110.368,33051.744,33172.224
1,32863295317,32863434988,32896174451,32896355642,181.191,32739.463,32879.134
2,32880334926,32880399326,32912898927,32913049546,150.619,32499.601,32564.001
0,32897599461,32897695980,32929399387,32929503899,104.512,31703.407,31799.926
1,32914517872,32914584845,32946060663,32946184594,123.931,31475.818,31542.791
2,32931622189,32931705868,32963114133,32963214831,100.698,31408.265,31491.944
0,32948611299,32948686070,32979386072,32979469820,83.748,30700.002,30774.773
1,32965432623,32965524619,32996049888,32996159114,109.226,30525.269,30617.265
2,32982411024,32982500200,33012987682,33013103691,116.009,30487.482,30576.658
0,32999579567,32999685841,33029552465,33029695738,143.273,29866.624,29972.898
1,33016473177,33016543998,33046358234,33046590519,232.285,29814.236,29885.057
1,33016473177,33016543998,33062727159,33062905924,178.765,46183.161,46253.982
2,33033492443,33033568868,33080243498,33080334754,91.256,46674.63,46751.055
0,33050522146,33050606892,33096824643,33096914363,89.72,46217.751,46302.497
1,33067508084,33067623959,33113927370,33114059293,131.923,46303.411,46419.286
2,33084722931,33084813663,33130460957,33130694669,233.712,45647.294,45738.026
0,33102169309,33102270613,33147169410,33147252174,82.764,44898.797,45000.101
1,33119287456,33119392711,33163800973,33163985673,184.7,44408.262,44513.517
2,33136207273,33136311230,33180234470,33180316943,82.473,43923.24,44027.197
0,33153318035,33153406149,33196885329,33196973939,88.61,43479.18,43567.294
1,33170057351,33170143721,33217647530,33217729339,81.809,47503.809,47590.179
0,33204343681,33204429943,33231500842,33231596823,95.981,27070.899,27157.161
0,33204343681,33204429943,33249741962,33249826882,84.92,45312.019,45398.281
1,33221602944,33221699280,33263177459,33263265745,88.286,41478.179,41574.515
2,33238465989,33238554878,33279381703,33279505940,124.237,40826.825,40915.714
0,33255762723,33255848340,33296105150,33296323994,218.844,40256.81,40342.427
1,33272711511,33272797546,33312774644,33312894266,119.622,39977.098,40063.133
2,33289682349,33289752910,33329411004,33329576531,165.527,39658.094,39728.655
0,33306615540,33306705265,33346064199,33346192585,128.386,39358.934,39448.659
1,33323799998,33323898479,33362725643,33362865370,139.727,38827.164,38925.645
2,33340729002,33340834799,33379389356,33379500529,111.173,38554.557,38660.354
0,33357856132,33357936598,33396087600,33396220689,133.089,38151.002,38231.468
1,33374870536,33374964965,33412735155,33412854706,119.551,37770.19,37864.619
2,33391944867,33392022161,33429397919,33429522995,125.076,37375.758,37453.052
0,33409126443,33409211860,33446068736,33446193116,124.38,36856.876,36942.293
1,33426022761,33426112907,33462752423,33462987751,235.328,36639.516,36729.662
2,33443995329,33444107122,33479404258,33479513109,108.851,35297.136,35408.929
0,33460463486,33460545897,33496053522,33496169362,115.84,35507.625,35590.036
1,33477372075,33477471734,33512730660,33512865154,134.494,35258.926,35358.585
2,33494436542,33494510333,33529385611,33529496621,111.01,34875.278,34949.069
0,33511419235,33511510131,33546083204,33546202616,119.412,34573.073,34663.969
1,33528329736,33528413549,33562740187,33562905306,165.119,34326.638,34410.451
2,33545407315,33545510631,33579400726,33579550588,149.862,33890.095,33993.411
0,33562459987,33562535166,33596066622,33596231201,164.579,33531.456,33606.635
1,33579621732,33579802895,33612724108,33612837374,113.266,32921.213,33102.376
2,33597010390,33597097234,33629387320,33629499594,112.274,32290.086,32376.93
0,33613848478,33613935625,33646063769,33646203021,139.252,32128.144,32215.291
1,33631084045,33631197820,33662740447,33662884306,143.859,31542.627,31656.402
2,33648110866,33648274921,33679389544,33679507981,118.437,31114.623,31278.678
0,33664984268,33665070230,33696059682,33696180419,120.737,30989.452,31075.414
1,33681870250,33681961515,33712733901,33712901608,167.707,30772.386,30863.651
2,33699046274,33699123029,33729383708,33729501168,117.46,30260.679,30337.434
0,33716096315,33716174477,33746054503,33746167278,112.775,29880.026,29958.188
1,33732887870,33732952036,33762735823,33762852442,116.619,29783.787,29847.953
2,33750042117,33750130788,33779398524,33779537434,138.91,29267.736,29356.407
2,33750042117,33750130788,33796056441,33796215518,159.077,45925.653,46014.324
0,33767172391,33767250314,33812857079,33813023990,166.911,45606.765,45684.688
1,33784303828,33784383983,33829391447,33829522344,130.897,45007.464,45087.619
2,33801484658,33801569321,33846061729,33846168166,106.437,44492.408,44577.071
0,33818526578,33818610967,33862729018,33862855155,126.137,44118.051,44202.44
1,33835380616,33835463815,33879404493,33879547061,142.568,43940.678,44023.877
2,33852235730,33852330788,33896073723,33896225954,152.231,43742.935,43837.993
0,33869273496,33869358283,33912727109,33912850474,123.365,43368.826,43453.613
1,33886163464,33886258712,33929392259,33929519209,126.95,43133.547,43228.795
2,33903180990,33903266421,33946057967,33946174513,116.546,42791.546,42876.977
0,33920303704,33920389226,33962746574,33962895212,148.638,42357.348,42442.87
1,33937281726,33937356561,33979412537,33979564406,151.869,42055.976,42130.811
2,33954546913,33954635488,33996055868,33996173723,117.855,41420.38,41508.955
0,33971765504,33971865729,34012730926,34012839339,108.413,40865.197,40965.422
1,33988662351,33988769986,34029422248,34029581482,159.234,40652.262,40759.897
2,34005504738,34005580317,34046081018,34046230745,149.727,40500.701,40576.28
0,34022808888,34022895077,34062738143,34062905492,167.349,39843.066,39929.255
1,34039720805,34039795274,34079407727,34079534249,126.522,39612.453,39686.922
2,34056848120,34056928976,34096072647,34096219908,147.261,39143.671,39224.527
0,34074017819,34074088026,34112721985,34112832861,110.876,38633.959,38704.166
1,34090953541,34091071874,34129390539,34129557428,166.889,38318.665,38436.998
2,34107948125,34108020435,34146080859,34146198541,117.682,38060.424,38132.734
0,34124982011,34125063767,34162731365,34162877583,146.218,37667.598,37749.354
1,34141692613,34141761307,34179387307,34179503266,115.959,37626.0,37694.694
2,34158973895,34159062281,34196061159,34196166118,104.959,36998.878,37087.264
0,34176165150,34176230097,34212738068,34212905846,167.778,36507.971,36572.918
1,34193118554,34193241837,34229385818,34229497701,111.883,36143.981,36267.264
2,34210387688,34210494932,34246055187,34246173912,118.725,35560.255,35667.499
0,34227344533,34227467853,34262725027,34262860729,135.702,35257.174,35380.494
1,34244360691,34244425747,34279385580,34279513028,127.448,34959.833,35024.889
2,34261496356,34261569043,34296065710,34296193976,128.266,34496.667,34569.354
0,34278204060,34278275557,34312723400,34312845594,122.194,34447.843,34519.34
1,34295091431,34295237114,34329387383,34329496626,109.243,34150.269,34295.952
2,34312209515,34312271897,34346054052,34346172880,118.828,33782.155,33844.537
0,34329875802,34329998968,34362728982,34362869973,140.991,32730.014,32853.18
1,34346643444,34346755997,34379384406,34379503274,118.868,32628.409,32740.962
2,34363700014,34363792452,34396067640,34396193951,126.311,32275.188,32367.626
0,34381183400,34381263201,34412800995,34412982385,181.39,31537.794,31617.595
1,34397894281,34397990518,34429398846,34429516883,118.037,31408.328,31504.565
2,34414454230,34414515436,34446061009,34446189533,128.524,31545.573,31606.779
0,34431482760,34431559864,34462721653,34462860669,139.016,31161.789,31238.893
1,34448345138,34448405711,34479400808,34479546415,145.607,30995.097,31055.67
2,34465191339,34465265091,34496070809,34496225209,154.4,30805.718,30879.47
0,34482318811,34482385647,34512761723,34512983315,221.592,30376.076,30442.912
0,34482318811,34482385647,34529410521,34529932541,522.02,47024.874,47091.71
1,34499445153,34499585282,34546070430,34546199029,128.599,46485.148,46625.277
2,34516269398,34516360078,34562724671,34562844000,119.329,46364.593,46455.273
0,34533465850,34533555772,34579396999,34579516392,119.393,45841.227,45931.149
1,34550170392,34550238660,34596066849,34596204211,137.362,45828.189,45896.457
2,34567398417,34567520593,34612740846,34612917391,176.545,45220.253,45342.429
0,34584644091,34584701434,34629435148,34629565091,129.943,44733.714,44791.057
1,34601928562,34602063366,34646063580,34646180892,117.312,44000.214,44135.018
2,34619033779,34619112346,34662720596,34662844388,123.792,43608.25,43686.817
0,34636206932,34636342536,34679400069,34679551361,151.292,43057.533,43193.137
1,34653676920,34653890881,34696051523,34696157188,105.665,42160.642,42374.603
2,34670310301,34670396731,34712745961,34712890146,144.185,42349.23,42435.66
0,34687094289,34687199660,34729397409,34729514892,117.483,42197.749,42303.12
1,34703791190,34703911681,34746054094,34746190064,135.97,42142.413,42262.904
2,34720586831,34720661386,34762716088,34762824244,108.156,42054.702,42129.257
0,34737293757,34737426089,34779429387,34779622475,193.088,42003.298,42135.63
1,34754401348,34754464480,34796062579,34796215552,152.973,41598.099,41661.231
2,34771536593,34771611745,34812784138,34812964960,180.822,41172.393,41247.545
0,34788854651,34788928604,34829392065,34829544962,152.897,40463.461,40537.414
1,34806032363,34806130199,34846081676,34846322111,240.435,39951.477,40049.313
2,34823305533,34823392228,34862738609,34862931002,192.393,39346.381,39433.076
0,34840202328,34840335001,34879389673,34879498836,109.163,39054.672,39187.345
1,34857327098,34857427080,34896073661,34896204120,130.459,38646.581,38746.563
2,34874480690,34874563698,34912730409,34912852233,121.824,38166.711,38249.719
0,34891458290,34891527937,34929400282,34929519520,119.238,37872.345,37941.992
1,34908344392,34908466041,34946088453,34946217093,128.64,37622.412,37744.061
2,34925555599,34925614613,34962756820,34962915858,159.038,37142.207,37201.221
0,34942712903,34942872781,34979383745,34979493038,109.293,36510.964,36670.842
1,34959842581,34959907264,34996066709,34996295966,229.257,36159.445,36224.128
2,34977038063,34977158708,35012726986,35012886388,159.402,35568.278,35688.923
0,34994232852,34994334625,35029394433,35029572472,178.039,35059.808,35161.581
1,35010722323,35010809968,35046063053,35046230011,166.958,35253.085,35340.73
2,35027576073,35027638514,35062743038,35062886536,143.498,35104.524,35166.965
0,35044772117,35044858171,35079402238,35079536325,134.087,34544.067,34630.121
1,35061824727,35061882665,35096059344,35096182687,123.343,34176.679,34234.617
2,35079050038,35079173293,35112735358,35112871921,136.563,33562.065,33685.32
0,35097847348,35098021986,35129410816,35129543401,132.585,31388.83,31563.468
1,35113413203,35113562135,35146073625,35146212059,138.434,32511.49,32660.422
2,35130414489,35130482030,35162781176,35162937665,156.489,32299.146,32366.687
0,35147219389,35147569467,35179391712,35179501025,109.313,31822.245,32172.323
1,35164410227,35164476321,35196060279,35196188777,128.498,31583.958,31650.052
2,35181592047,35181674227,35212752559,35212953281,200.722,31078.332,31160.512
0,35198447410,35198516870,35229395356,35229502052,106.696,30878.486,30947.946
0,35198447410,35198516870,35246075705,35246281942,206.237,47558.835,47628.295
1,35215320467,35215487804,35262744659,35262898049,153.39,47256.855,47424.192
2,35232659828,35232789032,35279410087,35279547221,137.134,46621.055,46750.259
0,35249867648,35249994834,35296088143,35296220694,132.551,46093.309,46220.495
1,35266678409,35266753154,35312728224,35312855957,127.733,45975.07,46049.815
2,35283739139,35283822799,35329394109,35329544542,150.433,45571.31,45654.97
0,35300777743,35300939920,35346059968,35346187914,127.946,45120.048,45282.225
1,35317585555,35317667597,35362726318,35362843519,117.201,45058.721,45140.763
2,35334941439,35335034543,35379397392,35379512826,115.434,44362.849,44455.953
0,35351658070,35351743209,35396069169,35396190713,121.544,44325.96,44411.099
1,35368746237,35368820042,35412753663,35412939196,185.533,43933.621,44007.426
2,35386157326,35386255097,35429397150,35429515523,118.373,43142.053,43239.824
0,35403146660,35403217021,35446057677,35446179069,121.392,42840.656,42911.017
1,35420514810,35420604156,35462724735,35462846255,121.52,42120.579,42209.925
2,35437480459,35437541430,35479394037,35479512715,118.678,41852.607,41913.578
0,35454366366,35454440441,35496092118,35496215802,123.684,41651.677,41725.752
1,35471480731,35471551296,35512760731,35512915723,154.992,41209.435,41280.0
2,35488576796,35488654649,35529406404,35529544574,138.17,40751.755,40829.608
0,35505596689,35505656493,35546105228,35546258792,153.564,40448.735,40508.539
0,35556574071,35556664642,35595878172,35596100200,222.028,39213.53,39304.101
1,35573880412,35573962856,35578718079,35578890390,172.311,4755.223,4837.667
1,35573880412,35573962856,35612339542,35612536135,196.593,38376.686,38459.13
2,35590855800,35590942897,35629409373,35629607538,198.165,38466.476,38553.573
0,35607765009,35607842736,35645621426,35645781046,159.62,37778.69,37856.417
1,35624705471,35624791810,35662237415,35662429515,192.1,37445.605,37531.944
2,35641854211,35641918456,35679270322,35679451264,180.942,37351.866,37416.111
0,35659117468,35659204263,35695880839,35696050336,169.497,36676.576,36763.371
1,35676115820,35676198262,35712512722,35712697913,185.191,36314.46,36396.902
2,35693199258,35693353266,35728882062,35729039450,157.388,35528.796,35682.804
0,35710154562,35710224885,35745785027,35745974822,189.795,35560.142,35630.465
1,35727345981,35727430271,35762181867,35762366243,184.376,34751.596,34835.886
2,35744575501,35744656743,35779036454,35779220199,183.745,34379.711,34460.953
0,35761704995,35761791631,35795938037,35796120038,182.001,34146.406,34233.042
1,35778815007,35778886775,35812846160,35813070495,224.335,33959.385,34031.153
2,35795826433,35795918167,35829491263,35829633118,141.855,33573.096,33664.83
0,35812836660,35812909007,35846062872,35846197300,134.428,33153.865,33226.212
1,35830234131,35830329700,35862728905,35862875128,146.223,32399.205,32494.774
2,35847088374,35847154066,35879418676,35879562021,143.345,32264.61,32330.302
0,35864235725,35864322160,35896198087,35896397798,199.711,31875.927,31962.362
1,35881459567,35881534624,35913451150,35913673223,222.073,31916.526,31991.583
2,35898540294,35898637636,35929419808,35929571565,151.757,30782.172,30879.514
0,35915310041,35915377086,35946087940,35946199785,111.845,30710.854,30777.899
1,35932510188,35932596266,35962825420,35962962607,137.187,30229.154,30315.232
2,35949435690,35949516710,35979394812,35979549733,154.921,29878.102,29959.122
0,35966514011,35966616547,35996071061,35996215555,144.494,29454.514,29557.05
2,36000752788,36000844286,36045905334,36046091946,186.612,45061.048,45152.546
0,36017709192,36017772943,36028838196,36029022942,184.746,11065.253,11129.004
0,36017709192,36017772943,36062685238,36062868135,182.897,44912.295,44976.046
1,36034821511,36034909708,36079057039,36079280333,223.294,44147.331,44235.528
2,36051903904,36051967463,36095936227,36096129427,193.2,43968.764,44032.323
0,36068959829,36069042668,36112380168,36112536372,156.204,43337.5,43420.339
1,36086561736,36086655124,36129504494,36129684452,179.958,42849.37,42942.758
1,36137673901,36137770202,36178775920,36178963289,187.369,41005.718,41102.019
2,36154887840,36155008254,36161891392,36162085356,193.964,6883.138,7003.552
2,36154887840,36155008254,36195414205,36195607904,193.699,40405.951,40526.365
0,36171579838,36171663562,36212209155,36212401547,192.392,40545.593,40629.317
1,36188721815,36188785623,36229247343,36229429880,182.537,40461.72,40525.528
2,36205666834,36205740995,36246321519,36246527342,205.823,40580.524,40654.685
2,36256946927,36257011555,36295703323,36295874954,171.631,38691.768,38756.396
0,36273878943,36273954996,36278837163,36279033158,195.995,4882.167,4958.22
0,36273878943,36273954996,36312769831,36312986445,216.614,38814.835,38890.888
0,36324707955,36324825329,36362587564,36362787076,199.512,37762.235,37879.609
1,36341883853,36342040085,36345484701,36345667607,182.906,3444.616,3600.848
1,36341883853,36342040085,36378939410,36379118372,178.962,36899.325,37055.557
2,36359073923,36359142096,36395838833,36396059092,220.259,36696.737,36764.91
0,36376310289,36376398884,36412799713,36412991841,192.128,36400.829,36489.424
0,36427537939,36427611734,36462431196,36462682117,250.921,34819.462,34893.257
1,36444515384,36444597333,36445509409,36445704263,194.854,912.076,994.025
1,36444515384,36444597333,36479031551,36479220251,188.7,34434.218,34516.167
2,36461507510,36461571907,36495748017,36495918671,170.654,34176.11,34240.507
0,36478705681,36478820681,36512623468,36512799993,176.525,33802.787,33917.787
1,36495453518,36495516095,36529220521,36529398682,178.161,33704.426,33767.003
2,36512732201,36512809387,36545698030,36545862490,164.46,32888.643,32965.829
0,36529698759,36529781452,36562448059,36562640790,192.731,32666.607,32749.3
1,36546880551,36546982932,36578965445,36579122447,157.002,31982.513,32084.894
2,36563861595,36564076086,36595501126,36595633687,132.561,31425.04,31639.531
0,36581037487,36581167138,36612164865,36612306316,141.451,30997.727,31127.378
1,36598259759,36598347214,36628888498,36629035570,147.072,30541.284,30628.739
2,36615273420,36615372567,36645506405,36645657287,150.882,30133.838,30232.985
0,36632312352,36632384518,36662456626,36662663176,206.55,30072.108,30144.274
1,36649280418,36649379795,36679485440,36679642495,157.055,30105.645,30205.022
2,36666171968,36666239300,36712111582,36712297864,186.282,45872.282,45939.614
0,36683251039,36683358466,36729074756,36729254814,180.058,45716.29,45823.717
1,36700345503,36700458325,36745631777,36745817819,186.042,45173.452,45286.274
2,36717250145,36717352225,36762203318,36762486097,282.779,44851.093,44953.173
0,36734597652,36734708454,36779232087,36779405902,173.815,44523.633,44634.435
1,36751514129,36751609744,36795403819,36795525785,121.966,43794.075,43889.69
2,36768540966,36768608603,36812170737,36812286790,116.053,43562.134,43629.771
0,36785562706,36785651879,36828949853,36829144894,195.041,43297.974,43387.147
1,36802656078,36802721437,36845585199,36845753371,168.172,42863.762,42929.121
2,36819646333,36819761607,36862088072,36862217490,129.418,42326.465,42441.739
0,36836379598,36836444855,36879144205,36879350287,206.082,42699.35,42764.607
1,36853535312,36853633614,36897864164,36898080080,215.916,44230.55,44328.852
2,36870549683,36870621505,36912912072,36913097928,185.856,42290.567,42362.389
2,36921690335,36921810653,36962660683,36962933277,272.594,40850.03,40970.348
0,36938805724,36938871375,36945700082,36945919201,219.119,6828.707,6894.358
0,36938805724,36938871375,36980308636,36980514118,205.482,41437.261,41502.912
1,36955939368,36956019359,36996118161,36996262791,144.63,40098.802,40178.793
1,37006918909,37006981125,37045899352,37046074273,174.921,38918.227,38980.443
2,37023995195,37024069146,37028934360,37029125570,191.21,4865.214,4939.165
2,37023995195,37024069146,37062813798,37062996647,182.849,38744.652,38818.603
0,37041008025,37041077427,37079450546,37079585671,135.125,38373.119,38442.521
1,37058036251,37058157171,37096145896,37096283647,137.751,37988.725,38109.645
2,37075279230,37075351304,37112753462,37112901950,148.488,37402.158,37474.232
0,37092429653,37092572173,37129425453,37129592941,167.488,36853.28,36995.8
1,37109603502,37109723943,37146088678,37146257366,168.688,36364.735,36485.176
2,37126806013,37126929940,37162731045,37162873728,142.683,35801.105,35925.032
0,37143733643,37143798880,37179396473,37179527288,130.815,35597.593,35662.83
1,37160911979,37160991539,37196069680,37196166898,97.218,35078.141,35157.701
2,37178228926,37178349342,37212740595,37212848124,107.529,34391.253,34511.669
0,37195302875,37195386727,37229397089,37229533450,136.361,34010.362,34094.214
1,37212528456,37212592086,37262142446,37262335347,192.901,49550.36,49613.99
0,37246914301,37246983562,37279227064,37279394317,167.253,32243.502,32312.763
1,37264248044,37264360937,37295909204,37296066512,157.308,31548.267,31661.16
2,37281046642,37281167695,37312988749,37313256849,268.1,31821.054,31942.107
0,37298239693,37298333192,37329511135,37329666401,155.266,31177.943,31271.442
1,37315068497,37315146837,37346067923,37346242125,174.202,30921.086,30999.426
2,37332309566,37332464134,37362725115,37362852990,127.875,30260.981,30415.549
0,37349257327,37349340459,37379394050,37379520074,126.024,30053.591,30136.723
1,37366307156,37366453270,37396096618,37396274534,177.916,29643.348,29789.462
2,37383488217,37383579097,37428836799,37429105552,268.753,45257.702,45348.582
0,37400692790,37400807995,37445860605,37445969185,108.58,45052.61,45167.815
1,37417649318,37417723134,37462001601,37462162820,161.219,44278.467,44352.283
2,37434664986,37434764615,37478685932,37478802424,116.492,43921.317,44020.946
0,37451728469,37451801582,37496222604,37496416580,193.976,44421.022,44494.135
1,37468581468,37468703690,37512737286,37512837173,99.887,44033.596,44155.818
2,37485377293,37485443544,37529397466,37529546648,149.182,43953.922,44020.173
0,37502417094,37502517175,37546207647,37546314839,107.192,43690.472,43790.553
1,37519387002,37519454265,37562736474,37562890523,154.049,43282.209,43349.472
2,37536670107,37536756565,37579391505,37579512862,121.357,42634.94,42721.398
0,37553672816,37553742904,37596059630,37596191687,132.057,42316.726,42386.814
1,37570719500,37570967850,37612736624,37612894871,158.247,41768.774,42017.124
2,37587869997,37587932048,37629400411,37629535624,135.213,41468.363,41530.414
0,37604756272,37604908101,37646071637,37646213578,141.941,41163.536,41315.365
1,37621753823,37621830797,37662757694,37662902200,144.506,40926.897,41003.871
2,37638952746,37639040890,37679396181,37679595165,198.984,40355.291,40443.435
0,37655913908,37656029389,37696065576,37696253791,188.215,40036.187,40151.668
0,37706490772,37706578940,37745946469,37746124773,178.304,39367.529,39455.697
1,37723704510,37723781903,37728848520,37729004029,155.509,5066.617,5144.01
1,37723704510,37723781903,37762611108,37762803244,192.136,38829.205,38906.598
2,37740716094,37740815577,37779093993,37779292702,198.709,38278.416,38377.899
0,37757751557,37757819748,37795525280,37795696260,170.98,37705.532,37773.723
1,37775114372,37775195437,37812357739,37812557880,200.141,37162.302,37243.367
2,37792288970,37792351646,37828950067,37829174863,224.796,36598.421,36661.097
0,37809295683,37809482439,37845845857,37846006684,160.827,36363.418,36550.174
1,37826242095,37826377626,37862592210,37862793570,201.36,36214.584,36350.115
2,37843459285,37843548689,37878982335,37879210397,228.062,35433.646,35523.05
0,37860329546,37860418816,37896036250,37896216208,179.958,35617.434,35706.704
1,37877530800,37877611100,37912717158,37912897555,180.397,35106.058,35186.358
2,37894591994,37894659544,37929116300,37929280161,163.861,34456.756,34524.306
0,37911643335,37911717573,37945708742,37945853424,144.682,33991.169,34065.407
1,37928764048,37928823275,37962447519,37962771706,324.187,33624.244,33683.471
2,37945844772,37946122402,37978888558,37979038038,149.48,32766.156,33043.786
0,37963129807,37963239899,37995294156,37995406307,112.151,32054.257,32164.349
1,37980199485,37980291597,38012133881,38012313634,179.753,31842.284,31934.396
2,37997086755,37997344173,38028990765,38029203001,212.236,31646.592,31904.01
0,38014462914,38014643775,38045743212,38045948645,205.433,31099.437,31280.298
1,38030997534,38031050387,38062316051,38062555292,239.241,31265.664,31318.517
2,38048415512,38048510349,38079265296,38079500391,235.095,30754.947,30849.784
0,38065766631,38065851582,38095296752,38095418822,122.07,29445.17,29530.121
1,38082876142,38082978062,38112111743,38112285762,174.019,29133.681,29235.601
2,38099856356,38099935030,38128986412,38129201668,215.256,29051.382,29130.056
0,38116808559,38116902974,38145782733,38145941072,158.339,28879.759,28974.174
1,38133876431,38133940267,38162514587,38162677789,163.202,28574.32,28638.156
2,38150738839,38150833339,38178996201,38179240797,244.596,28162.862,28257.362
0,38167814816,38167883745,38195329326,38195411654,82.328,27445.581,27514.51
1,38184876767,38185005954,38212234718,38212398970,164.252,27228.764,27357.951
1,38184876767,38185005954,38228736562,38228866622,130.06,43730.608,43859.795
2,38201844804,38201921178,38245881528,38246045659,164.131,43960.35,44036.724
0,38218716485,38218893566,38262435911,38262579553,143.642,43542.345,43719.426
1,38235781354,38235853744,38278972275,38279150773,178.498,43118.531,43190.921
2,38252589329,38252691738,38295373347,38295495998,122.651,42681.609,42784.018
0,38269628554,38269697966,38312533514,38312683028,149.514,42835.548,42904.96
1,38286488460,38286570680,38328854904,38329056848,201.944,42284.224,42366.444
2,38303517579,38303583771,38345298446,38345409216,110.77,41714.675,41780.867
0,38320590645,38320675507,38362113672,38362243956,130.284,41438.165,41523.027
1,38338040144,38338108958,38378629782,38378739346,109.564,40520.824,40589.638
2,38354808415,38355031009,38395913242,38396033004,119.762,40882.233,41104.827
0,38371757803,38371856746,38412455288,38412616197,160.909,40598.542,40697.485
1,38388763763,38388929549,38429549249,38429732937,183.688,40619.7,40785.486
2,38508679897,38508766255,38536602853,38536757780,154.927,27836.598,27922.956
0,38525796774,38525907110,38551850329,38552067314,216.985,25943.219,26053.555
0,38525796774,38525907110,38567474633,38567807653,333.02,41567.523,41677.859
1,38543021371,38543113234,38582953894,38583170982,217.088,39840.66,39932.523
2,38560114318,38560225312,38597461744,38597658844,197.1,37236.432,37347.426
0,38577184785,38577280665,38612764871,38612992756,227.885,35484.206,35580.086
1,38594773531,38594910701,38629415790,38629600624,184.834,34505.089,34642.259
2,38611601959,38611699223,38646074612,38646254209,179.597,34375.389,34472.653
0,38628697941,38628807291,38662733003,38662909997,176.994,33925.712,34035.062
1,38645817312,38645901542,38679398394,38679559153,160.759,33496.852,33581.082
2,38662905942,38663039810,38696063179,38696232842,169.663,33023.369,33157.237
0,38679993648,38680105504,38712777901,38712984599,206.698,32672.397,32784.253
1,38697026173,38697129411,38729461738,38729757977,296.239,32332.327,32435.565
2,38713728335,38713805070,38746086000,38746306365,220.365,32280.93,32357.665
0,38730643799,38730796686,38762744530,38762961802,217.272,31947.844,32100.731
1,38747954680,38748038157,38779396559,38779566948,170.389,31358.402,31441.879
2,38764442696,38764535918,38796063831,38796288965,225.134,31527.913,31621.135
0,38781533757,38781599439,38812734650,38812907916,173.266,31135.211,31200.893
1,38798744160,38798843696,38829423408,38829635837,212.429,30579.712,30679.248
2,38815933994,38816017939,38846069371,38846249229,179.858,30051.432,30135.377
0,38832901130,38833006118,38862738343,38862956038,217.695,29732.225,29837.213
1,38850038462,38850120292,38879405024,38879572695,167.671,29284.732,29366.562
2,38867084020,38867169110,38896127866,38896374016,246.15,28958.756,29043.846
0,38884087252,38884177162,38912757886,38913019102,261.216,28580.724,28670.634
1,38901152527,38901250487,38929461643,38929708133,246.49,28211.156,28309.116
2,38918196512,38918290611,38946084125,38946313467,229.342,27793.514,27887.613
0,38935236955,38935332750,38962785687,38962960188,174.501,27452.937,27548.732
0,38935236955,38935332750,38979413555,38979572715,159.16,44080.805,44176.6
1,38952247145,38952325319,38996090656,38996275491,184.835,43765.337,43843.511
2,38969583679,38969670728,39012737266,39012907056,169.79,43066.538,43153.587
0,38986859518,38986937827,39029403282,39029592759,189.477,42465.455,42543.764
1,39004178927,39004294758,39046079367,39046276545,197.178,41784.609,41900.44
2,39021143253,39021228092,39062737934,39062930339,192.405,41509.842,41594.681
0,39038016372,39038116022,39079430124,39079668696,238.572,41314.102,41413.752
1,39055084630,39055161958,39096064530,39096242270,177.74,40902.572,40979.9
2,39072094931,39072184414,39112732420,39112914117,181.697,40548.006,40637.489
0,39089147595,39089236982,39129413566,39129631087,217.521,40176.584,40265.971
1,39106023973,39106126554,39146126753,39146366228,239.475,40000.199,40102.78
2,39123082894,39123173237,39162782452,39163000732,218.28,39609.215,39699.558
0,39140156069,39140260799,39179406911,39179603509,196.598,39146.112,39250.842
1,39157110567,39157205307,39196079492,39196288504,209.012,38874.185,38968.925
2,39174109346,39174210754,39212735897,39212921586,185.689,38525.143,38626.551
0,39191114223,39191186188,39229397442,39229586048,188.606,38211.254,38283.219
1,39208171966,39208259557,39246088945,39246353468,264.523,37829.388,37916.979
2,39225291720,39225377877,39262756794,39262979703,222.909,37378.917,37465.074
0,39242325071,39242417391,39279407211,39279580100,172.889,36989.82,37082.14
1,39259286520,39259366673,39296066151,39296259868,193.717,36699.478,36779.631
2,39276460012,39276554614,39312762868,39312961102,198.234,36208.254,36302.856
0,39293705773,39293793521,39329452540,39329707853,255.313,35659.019,35746.767
1,39310718985,39310802151,39346086168,39346304210,218.042,35284.017,35367.183
2,39327967654,39328051012,39362761068,39362993638,232.57,34710.056,34793.414
0,39344977065,39345086462,39379428215,39379621399,193.184,34341.753,34451.15
1,39361927942,39362022374,39396148731,39396429827,281.096,34126.357,34220.789
2,39378767178,39378888595,39412749244,39412949003,199.759,33860.649,33982.066
0,39395764698,39395872996,39429425288,39429661522,236.234,33552.292,33660.59
1,39413121324,39413228867,39446075789,39446254367,178.578,32846.922,32954.465
2,39430263950,39430376650,39462823758,39463200447,376.689,32447.108,32559.808
0,39448533804,39448653187,39479414609,39479600071,185.462,30761.422,30880.805
1,39464355845,39464456497,39496066489,39496258588,192.099,31609.992,31710.644
2,39481669520,39481796471,39512735765,39512925935,190.17,30939.294,31066.245
0,39498835114,39498955098,39529409985,39529625886,215.901,30454.887,30574.871
1,39515798037,39515915057,39546069583,39546262114,192.531,30154.526,30271.546
2,39532828016,39532932207,39562735271,39562916374,181.103,29803.064,29907.255
0,39550189976,39550311115,39579459987,39579690935,230.948,29148.872,29270.011
1,39567132292,39567225899,39596081023,39596274722,193.699,28855.124,28948.731
2,39584197436,39584309085,39612743715,39612911767,168.052,28434.63,28546.279
0,39601298014,39601412306,39629406085,39629592335,186.25,27993.779,28108.071
1,39618324355,39618431152,39646079975,39646383233,303.258,27648.823,27755.62
2,39635319018,39635405560,39662741966,39662917696,175.73,27336.406,27422.948
2,39635319018,39635405560,39679438383,39679677424,239.041,44032.823,44119.365
0,39652345400,39652458118,39696080442,39696302910,222.468,43622.324,43735.042
1,39669439358,39669528421,39712735028,39712898875,163.847,43206.607,43295.67
2,39686559205,39686653416,39729408297,39729634890,226.593,42754.881,42849.092
0,39703571021,39703665125,39746066138,39746254580,188.442,42401.013,42495.117
1,39720715409,39720818081,39762727375,39762966702,239.327,41909.294,42011.966
2,39737744957,39737828746,39779404598,39779589893,185.295,41575.852,41659.641
0,39754752331,39754841725,39796090129,39796314342,224.213,41248.404,41337.798
1,39771873109,39771958448,39812734574,39812914084,179.51,40776.126,40861.465
2,39789109637,39789205634,39829504832,39829681432,176.6,40299.198,40395.195
0,39806152979,39806232523,39846077300,39846266161,188.861,39844.777,39924.321
1,39823242640,39823331640,39862740330,39862979010,238.68,39408.69,39497.69
2,39840331422,39840409068,39879409119,39879573991,164.872,39000.051,39077.697
0,39857511125,39857599928,39896134450,39896447595,313.145,38534.522,38623.325
1,39874667717,39874753437,39912745169,39912966005,220.836,37991.732,38077.452
2,39891766938,39891855534,39929398503,39929580740,182.237,37542.969,37631.565
0,39908879646,39908952418,39946100857,39946312355,211.498,37148.439,37221.211
1,39925743134,39925831963,39962764434,39962978812,214.378,36932.471,37021.3
2,39942695798,39942765811,39979411738,39979595460,183.722,36645.927,36715.94
0,39959653187,39959741223,39996090864,39996275661,184.797,36349.641,36437.677
1,39976605639,39976693772,40012749918,40012957927,208.009,36056.146,36144.279
2,39993738463,39993825667,40029406539,40029601831,195.292,35580.872,35668.076
0,40010686679,40010761621,40046115723,40046296493,180.77,35354.102,35429.044
1,40027505472,40027597097,40062771082,40063044773,273.691,35173.985,35265.61
2,40044405649,40044480051,40079463283,40079700316,237.033,34983.232,35057.634
0,40061594946,40061680428,40096088259,40096290249,201.99,34407.831,34493.313
1,40078771746,40078877215,40112776999,40112980867,203.868,33899.784,34005.253
2,40095902766,40096165478,40129476318,40129662046,185.728,33310.84,33573.552
0,40112690647,40112789274,40146083631,40146294678,211.047,33294.357,33392.984
1,40130226708,40130351294,40162735775,40162920604,184.829,32384.481,32509.067
2,40146941834,40147010253,40179399005,40179584105,185.1,32388.752,32457.171
0,40164094087,40164185376,40196066818,40196271618,204.8,31881.442,31972.731
1,40181153227,40181228160,40212744795,40212934678,189.883,31516.635,31591.568
2,40198250450,40198362497,40229420662,40229657217,236.555,31058.165,31170.212
0,40215527434,40215611753,40246088022,40246287075,199.053,30476.269,30560.588
1,40232453599,40232550139,40262738512,40262946384,207.872,30188.373,30284.913
2,40249288719,40249366906,40279423490,40279619758,196.268,30056.584,30134.771
0,40266437134,40266540732,40296065716,40296252373,186.657,29524.984,29628.582
1,40283557530,40283662026,40312745790,40312942630,196.84,29083.764,29188.26
2,40300549658,40300697109,40329448179,40329706949,258.77,28751.07,28898.521
0,40317536324,40317605114,40346078202,40346267758,189.556,28473.088,28541.878
0,40317536324,40317605114,40362834723,40363127164,292.441,45229.609,45298.399
1,40334981200,40335082379,40379451219,40379653939,202.72,44368.84,44470.019
2,40351642848,40351721270,40396153886,40396438179,284.293,44432.616,44511.038
0,40368909922,40369008988,40412752040,40412936920,184.88,43743.052,43842.118
1,40385686247,40385775174,40429463475,40429721925,258.45,43688.301,43777.228
2,40403030724,40403134667,40446100676,40446346733,246.057,42966.009,43069.952
0,40420227976,40420313925,40462755683,40462954013,198.33,42441.758,42527.707
1,40437283461,40437373294,40479411280,40479665121,253.841,42037.986,42127.819
2,40454418860,40454501160,40496066761,40496242578,175.817,41565.601,41647.901
0,40471468498,40471556871,40512739748,40512904534,164.786,41182.877,41271.25
1,40488278853,40488359893,40529404579,40529609558,204.979,41044.686,41125.726
2,40505492626,40505577463,40546093287,40546309504,216.217,40515.824,40600.661
0,40522324170,40522402581,40562749939,40562966174,216.235,40347.358,40425.769
1,40539533691,40539639075,40579404754,40579574204,169.45,39765.679,39871.063
2,40556666304,40556776957,40596070062,40596277594,207.532,39293.105,39403.758
0,40573733631,40573823973,40612731743,40612898788,167.045,38907.77,38998.112
1,40590834649,40590913955,40629407115,40629642282,235.167,38493.16,38572.466
2,40607709678,40607859024,40646123304,40646374368,251.064,38264.28,38413.626
0,40624319287,40624409638,40662739506,40662930541,191.035,38329.868,38420.219
1,40640932850,40641037637,40679404404,40679574246,169.842,38366.767,38471.554
2,40658116224,40658205478,40696065484,40696254426,188.942,37860.006,37949.26
0,40674942509,40675040454,40712734888,40712902082,167.194,37694.434,37792.379
1,40692006660,40692091856,40729397537,40729572218,174.681,37305.681,37390.877
2,40709129138,40709222545,40746074682,40746273064,198.382,36852.137,36945.544
0,40726250920,40726324140,40762775361,40762995448,220.087,36451.221,36524.441
1,40743661633,40743763677,40779403261,40779582266,179.005,35639.584,35741.628
2,40760541618,40760623933,40796068924,40796250224,181.3,35444.991,35527.306
0,40777819298,40777916226,40812729933,40812899091,169.158,34813.707,34910.635
1,40795109858,40795190524,40829403780,40829590446,186.666,34213.256,34293.922
2,40812043087,40812137029,40846068472,40846233763,165.291,33931.443,34025.385
0,40829117878,40829191140,40862772000,40863035303,263.303,33580.86,33654.122
1,40846949913,40847064997,40879416693,40879585770,169.077,32351.696,32466.78
2,40863208930,40863352023,40896144720,40896395781,251.061,32792.697,32935.79
0,40880202804,40880312818,40912769029,40912966411,197.382,32456.211,32566.225
1,40897316388,40897410898,40929420221,40929622895,202.674,32009.323,32103.833
2,40914230436,40914327084,40946073330,40946248562,175.232,31746.246,31842.894
0,40931055381,40931136572,40962752798,40962948012,195.214,31616.226,31697.417
1,40948276081,40948409345,40979458389,40979677037,218.648,31049.044,31182.308
2,40965388700,40965488134,40996089786,40996305633,215.847,30601.652,30701.086
0,40982421204,40982524896,41012747106,41012926826,179.72,30222.21,30325.902
1,40999060107,40999154771,41029401308,41029602748,201.44,30246.537,30341.201
2,41016198169,41016298627,41046085561,41046257404,171.843,29786.934,29887.392
0,41033374773,41033464664,41062756013,41062937600,181.587,29291.349,29381.24
1,41050420062,41050524814,41079466125,41079674136,208.011,28941.311,29046.063
2,41067431440,41067511510,41096103848,41096347650,243.802,28592.338,28672.408
0,41084250881,41084352211,41112778427,41112954778,176.351,28426.216,28527.546
1,41101607779,41101720775,41129408070,41129632966,224.896,27687.295,27800.291
1,41101607779,41101720775,41146065920,41146246443,180.523,44345.145,44458.141
2,41118571954,41118664217,41162792264,41163094476,302.212,44128.047,44220.31
0,41135685371,41135762449,41179406408,41179579767,173.359,43643.959,43721.037
1,41152423857,41152511985,41196109445,41196373675,264.23,43597.46,43685.588
2,41169653538,41169733289,41212749526,41212935646,186.12,43016.237,43095.988
0,41186727384,41186837046,41229396798,41229580499,183.701,42559.752,42669.414
1,41203481293,41203554822,41246076466,41246245660,169.194,42521.644,42595.173
2,41220483675,41220568149,41262733159,41263084411,351.252,42165.01,42249.484
0,41237541584,41237618307,41279397354,41279565821,168.467,41779.047,41855.77
1,41254814236,41254996500,41296090692,41296324404,233.712,41094.192,41276.456
2,41271744802,41271827163,41312736322,41312935801,199.479,40909.159,40991.52
0,41288931201,41289027535,41329402695,41329581366,178.671,40375.16,40471.494
1,41305960618,41306039068,41346065241,41346243379,178.138,40026.173,40104.623
2,41322961618,41323054090,41362733537,41362932484,198.947,39679.447,39771.919
0,41340071325,41340152351,41379408936,41379585295,176.359,39256.585,39337.611
1,41357296688,41357386214,41396106748,41396339708,232.96,38720.534,38810.06
2,41374351074,41374442438,41412782952,41413031374,248.422,38340.514,38431.878
0,41391433902,41391549034,41429450661,41429716723,266.062,37901.627,38016.759
1,41408535947,41408623282,41446278897,41446545300,266.403,37655.615,37742.95
2,41425847272,41426059542,41462778777,41463054319,275.542,36719.235,36931.505
0,41442639196,41442723982,41479404830,41479579324,174.494,36680.848,36765.634
1,41459686984,41459777819,41496061418,41496231642,170.224,36283.599,36374.434
2,41476636758,41476715163,41512782016,41513012235,230.219,36066.853,36145.258
0,41493838399,41493952740,41529410648,41529604677,194.029,35457.908,35572.249
1,41510742392,41510825228,41546241531,41546415295,173.764,35416.303,35499.139
2,41527816135,41527906751,41564198483,41564439208,240.725,36291.732,36382.348
0,41544941789,41545037396,41579596497,41579771031,174.534,34559.101,34654.708
1,41562217079,41562311244,41596145349,41596382764,237.415,33834.105,33928.27
2,41579470235,41579654297,41612781064,41612986587,205.523,33126.767,33310.829
0,41646855755,41646935600,41651157067,41651446605,289.538,4221.467,4301.312
0,41646855755,41646935600,41664610071,41664772023,161.952,17674.471,17754.316
0,41646855755,41646935600,41680186499,41680337254,150.755,33250.899,33330.744
0,41646855755,41646935600,41696072730,41696167966,95.236,49137.13,49216.975
0,41698135308,41698224244,41712732116,41712925296,193.18,14507.872,14596.808
0,41698135308,41698224244,41729445570,41729589565,143.995,31221.326,31310.262
0,41698135308,41698224244,41746073223,41746201569,128.346,47848.979,47937.915
0,41749167988,41749249234,41762740952,41762846009,105.057,13491.718,13572.964
0,41749167988,41749249234,41779396577,41779518517,121.94,30147.343,30228.589
0,41749167988,41749249234,41796077662,41796211490,133.828,46828.428,46909.674
0,41800363992,41800467375,41812738229,41812849730,111.501,12270.854,12374.237
0,41800363992,41800467375,41829394969,41829493207,98.238,28927.594,29030.977
0,41800363992,41800467375,41846107848,41846288411,180.563,45640.473,45743.856
0,41851653636,41851726759,41862736953,41862849394,112.441,11010.194,11083.317
0,41851653636,41851726759,41879471252,41879696963,225.711,27744.493,27817.616
0,41851653636,41851726759,41896134113,41896327642,193.529,44407.354,44480.477
0,41902460558,41902554376,41912754499,41912948665,194.166,10200.123,10293.941
0,41902460558,41902554376,41929423955,41929590610,166.655,26869.579,26963.397
0,41902460558,41902554376,41946122596,41946322639,200.043,43568.22,43662.038
0,41953275662,41953356254,41962770161,41962936668,166.507,9413.907,9494.499
0,41953275662,41953356254,41979443527,41979632027,188.5,26087.273,26167.865
0,41953275662,41953356254,41996064381,41996251690,187.309,42708.127,42788.719
0,42004756864,42004859409,42012761352,42012964747,203.395,7901.943,8004.488
0,42004756864,42004859409,42029393557,42029562828,169.271,24534.148,24636.693
0,42004756864,42004859409,42046070588,42046261495,190.907,41211.179,41313.724
0,42055834336,42055918795,42062733462,42062903548,170.086,6814.667,6899.126
0,42055834336,42055918795,42079419006,42079627606,208.6,23500.211,23584.67
0,42055834336,42055918795,42096091206,42096311845,220.639,40172.411,40256.87
0,42107254333,42107358669,42112741111,42112955252,214.141,5382.442,5486.778
0,42107254333,42107358669,42129417101,42129659447,242.346,22058.432,22162.768
1,42124451008,42124538647,42146102108,42146300790,198.682,21563.461,21651.1
2,42141465510,42141580392,42162773909,42162982591,208.682,21193.517,21308.399
0,42158557269,42158645804,42179427416,42179660900,233.484,20781.612,20870.147
1,42175408401,42175514019,42196077442,42196267143,189.701,20563.423,20669.041
2,42192143888,42192229049,42212732482,42212875790,143.308,20503.433,20588.594
0,42209149480,42209245450,42229402931,42229647470,244.539,20157.481,20253.451
1,42226270203,42226358685,42246085264,42246257807,172.543,19726.579,19815.061
2,42243189335,42243286748,42262865833,42263056171,190.338,19579.085,19676.498
0,42260272569,42260364996,42279403361,42279584155,180.794,19038.365,19130.792
1,42277378438,42277492513,42296065411,42296207120,141.709,18572.898,18686.973
2,42294346442,42294436155,42312810120,42313064958,254.838,18373.965,18463.678
0,42311561950,42311667907,42329410178,42329637226,227.048,17742.271,17848.228
1,42328629128,42328719001,42361835382,42362030055,194.673,33116.381,33206.254
0,42362672498,42362777612,42379139355,42379343099,203.744,16361.743,16466.857
1,42379485128,42379611247,42395580391,42395734866,154.475,15969.144,16095.263
2,42396709275,42396778595,42413151574,42413434247,282.673,16372.979,16442.299
0,42413808064,42413920855,42445268218,42445510434,242.216,31347.363,31460.154
2,42447752522,42447841944,42462024900,42462225062,200.162,14182.956,14272.378
0,42464655376,42464743542,42479196501,42479370173,173.672,14452.959,14541.125
1,42481820428,42481944779,42495385594,42495542443,156.849,13440.815,13565.166
2,42498838157,42498935117,42511783381,42511906430,123.049,12848.264,12945.224
0,42515778436,42515893081,42528343635,42528489922,146.287,12450.554,12565.199
1,42532869786,42532951004,42545112959,42545234211,121.252,12161.955,12243.173
2,42549937617,42550051146,42561753068,42561860451,107.383,11701.922,11815.451
0,42567118048,42567209317,42578527870,42578684977,157.107,11318.553,11409.822
1,42583965854,42584062799,42595253925,42595386235,132.31,11191.126,11288.071
2,42600973157,42601061469,42611963679,42612125461,161.782,10902.21,10990.522
0,42617954416,42618051457,42628566144,42628719133,152.989,10514.687,10611.728
1,42634922503,42634995086,42645229364,42645351268,121.904,10234.278,10306.861
2,42652063649,42652163763,42661845134,42661974706,129.572,9681.371,9781.485
0,42669123827,42669223870,42678586629,42678739696,153.067,9362.759,9462.802
1,42686150871,42686271455,42696014496,42696171175,156.679,9743.041,9863.625
2,42703131333,42703229264,42712199803,42712347594,147.791,8970.539,9068.47
2,42703131333,42703229264,42728564111,42728732331,168.22,25334.847,25432.778
0,42720141487,42720252746,42745402096,42745575995,173.899,25149.35,25260.609
1,42737203726,42737289967,42762090904,42762238595,147.691,24800.937,24887.178
2,42754209731,42754318064,42778800149,42778977839,177.69,24482.085,24590.418
0,42771211570,42771305173,42795806712,42795993415,186.703,24501.539,24595.142
1,42788375756,42788494448,42812306647,42812502696,196.049,23812.199,23930.891
2,42805291392,42805386530,42828612272,42828803190,190.918,23225.742,23320.88
0,42822329779,42822433647,42845569598,42845752133,182.535,23135.951,23239.819
1,42839372030,42839458548,42862011626,42862199078,187.452,22553.078,22639.596
2,42856455434,42856565872,42878805346,42878961469,156.123,22239.474,22349.912
0,42873496546,42873589012,42895184835,42895308430,123.595,21595.823,21688.289
1,42890546549,42890663069,42912258984,42912432792,173.808,21595.915,21712.435
2,42907551450,42907657654,42928701448,42928906250,204.802,21043.794,21149.998
0,42924571066,42924677157,42945497432,42945697000,199.568,20820.275,20926.366
1,42941684760,42941780936,42962111853,42962290444,178.591,20330.917,20427.093
2,42958669699,42958776481,42978701689,42978887801,186.112,19925.208,20031.99
0,42975705926,42975807807,42995420004,42995576843,156.839,19612.197,19714.078
1,42992732206,42992846380,43012152443,43012333465,181.022,19306.063,19420.237
2,43009779231,43009872885,43029035645,43029246514,210.869,19162.76,19256.414
0,43026867549,43026976293,43045407162,43045593395,186.233,18430.869,18539.613
1,43043872538,43043967127,43062114428,43062262194,147.766,18147.301,18241.89
2,43060953525,43061063957,43078928703,43079113495,184.792,17864.746,17975.178
0,43077744869,43077839636,43095854544,43096017706,163.162,18014.908,18109.675
1,43094854064,43094967009,43112345093,43112559789,214.696,17378.084,17491.029
2,43111914096,43112016137,43128937496,43129160563,223.067,16921.359,17023.4
0,43129156893,43129317341,43145351212,43145554165,202.953,16033.871,16194.319
1,43146062850,43146166142,43162104784,43162300968,196.184,15938.642,16041.934
2,43163279732,43163448433,43178410753,43178535658,124.905,14962.32,15131.021
0,43180286016,43180376414,43195105819,43195236340,130.521,14729.405,14819.803
1,43197514949,43197614876,43212139165,43212325895,186.73,14524.289,14624.216
2,43214438270,43214511432,43228858064,43229025276,167.212,14346.632,14419.794
0,43231130920,43231222092,43245469362,43245621814,152.452,14247.27,14338.442
1,43248131985,43248200548,43262101792,43262280211,178.419,13901.244,13969.807
2,43265370941,43265455629,43278659444,43278803436,143.992,13203.815,13288.503
0,43282633725,43282727454,43295378886,43295566308,187.422,12651.432,12745.161
1,43299807207,43299924711,43311955547,43312104810,149.263,12030.836,12148.34
2,43316929655,43317012128,43328767125,43328948612,181.487,11754.997,11837.47
0,43333942731,43334048908,43345289303,43345438366,149.063,11240.395,11346.572
1,43350907441,43350979401,43361964690,43362100088,135.398,10985.289,11057.249
2,43367921079,43368001695,43378526850,43378653633,126.783,10525.155,10605.771
0,43385161161,43385271691,43396029669,43396218816,189.147,10757.978,10868.508
1,43402005974,43402103176,43412102084,43412280863,178.779,9998.908,10096.11
2,43418834007,43418915299,43428572420,43428722903,150.483,9657.121,9738.413
0,43435780181,43435903082,43445224561,43445365703,141.142,9321.479,9444.38
1,43452831187,43452926735,43461959021,43462113405,154.384,9032.286,9127.834
2,43469660307,43469760263,43479291082,43479485150,194.068,9530.819,9630.775
0,43486667871,43486764937,43496433710,43496628159,194.449,9668.773,9765.839
1,43503458631,43503557478,43512743099,43512865951,122.852,9185.621,9284.468
2,43520379995,43520469446,43529402171,43529525935,123.764,8932.725,9022.176
0,43537348096,43537457697,43546088782,43546221153,132.371,8631.085,8740.686
0,43537348096,43537457697,43562777644,43562971277,193.633,25319.947,25429.548
1,43554514955,43554608567,43579403726,43579542215,138.489,24795.159,24888.771
2,43571532919,43571681263,43596054789,43596181977,127.188,24373.526,24521.87
0,43588666581,43588767363,43612731364,43612905759,174.395,23964.001,24064.783
1,43605942028,43606054434,43629383688,43629487825,104.137,23329.254,23441.66
2,43622858184,43622955642,43646056766,43646204827,148.061,23101.124,23198.582
0,43639815547,43639928197,43662731944,43662861359,129.415,22803.747,22916.397
1,43656830066,43656919486,43679388462,43679501310,112.848,22468.976,22558.396
2,43673929002,43674026502,43696061181,43696189588,128.407,22034.679,22132.179
0,43690945433,43691023834,43712729986,43712867634,137.648,21706.152,21784.553
1,43707981612,43708071920,43729405018,43729561258,156.24,21333.098,21423.406
2,43725034544,43725117745,43762088064,43762263426,175.362,36970.319,37053.52
1,43759365201,43759448959,43779147332,43779318161,170.829,19698.373,19782.131
2,43776441775,43776538125,43795521696,43795686931,165.235,18983.571,19079.921
0,43793522064,43793600161,43812542623,43812740466,197.843,18942.462,19020.559
1,43810478079,43810568506,43829220411,43829409838,189.427,18651.905,18742.332
2,43827661502,43827744721,43845841783,43846044319,202.536,18097.062,18180.281
0,43844828528,43844942904,43862736184,43862998830,262.646,17793.28,17907.656
1,43861733892,43861822272,43879102497,43879317063,214.566,17280.225,17368.605
2,43878549942,43878646758,43896464477,43896651271,186.794,17817.719,17914.535
0,43895711813,43895818912,43912738590,43912893042,154.452,16919.678,17026.777
1,43912852412,43912969562,43945149300,43945326991,177.691,32179.738,32296.888
0,43946998482,43947099320,43962212075,43962390787,178.712,15112.755,15213.593
1,43963968916,43964062711,43978750088,43978898454,148.366,14687.377,14781.172
2,43981027669,43981125925,43995876701,43996063514,186.813,14750.776,14849.032
0,43998197062,43998277796,44012285200,44012464603,179.403,14007.404,14088.138
1,44015192292,44015283421,44028835043,44029026859,191.816,13551.622,13642.751
2,44032203616,44032276451,44045494325,44045687174,192.849,13217.874,13290.709
0,44049310664,44049410800,44062097786,44062262436,164.65,12686.986,12787.122
1,44066568724,44066688579,44078741159,44078898474,157.315,12052.58,12172.435
2,44083354936,44083461557,44095461744,44095580764,119.02,12000.187,12106.808
0,44100489013,44100624036,44112348509,44112629496,280.987,11724.473,11859.496
1,44117359649,44117447795,44128762360,44128920736,158.376,11314.565,11402.711
2,44134518294,44134590376,44145313512,44145525621,212.109,10723.136,10795.218
0,44151429499,44151525297,44162226534,44162380737,154.203,10701.237,10797.035
1,44168472925,44168542908,44178770548,44178958399,187.851,10227.64,10297.623
2,44185683876,44185879562,44195481699,44195693131,211.432,9602.137,9797.823
0,44202316116,44202395751,44212206448,44212390295,183.847,9810.697,9890.332
1,44219453745,44219558599,44228629287,44228824491,195.204,9070.688,9175.542
2,44236441897,44236520904,44245276411,44245380139,103.728,8755.507,8834.514
0,44253396420,44253490318,44262170534,44262348393,177.859,8680.216,8774.114
1,44270417279,44270483111,44278455501,44278574245,118.744,7972.39,8038.222
1,44270417279,44270483111,44295145777,44295259620,113.843,24662.666,24728.498
2,44287286725,44287429809,44312209159,44312467260,258.101,24779.35,24922.434
0,44304832320,44305206125,44328638816,44328836786,197.97,23432.691,23806.496
1,44321160976,44321308668,44345191202,44345375523,184.321,23882.534,24030.226
2,44338281612,44338397286,44361814461,44362060651,246.19,23417.175,23532.849
0,44355481021,44355580608,44378582390,44378773884,191.494,23001.782,23101.369
1,44372320148,44372423061,44395640044,44395829519,189.475,23216.983,23319.896
2,44389616010,44389737799,44412145018,44412268397,123.379,22407.219,22529.008
0,44406714926,44406802403,44428938828,44429078120,139.292,22136.425,22223.902
1,44423665699,44423755229,44445438460,44445561258,122.798,21683.231,21772.761
2,44440652248,44440728040,44461916141,44462037422,121.281,21188.101,21263.893
0,44457734078,44457864209,44478619740,44478737699,117.959,20755.531,20885.662
1,44474702910,44474763868,44495132824,44495245392,112.568,20368.956,20429.914
2,44492053731,44492177402,44511934270,44512127568,193.298,19756.868,19880.539
0,44509030958,44509105507,44528579165,44528696393,117.228,19473.658,19548.207
1,44526037917,44526167216,44545497416,44545635872,138.456,19330.2,19459.499
2,44542981363,44543083453,44561812975,44561924658,111.683,18729.522,18831.612
0,44559936240,44560041319,44578524691,44578733557,208.866,18483.372,18588.451
1,44577067777,44577224172,44595315356,44595512234,196.878,18091.184,18247.579
2,44594160553,44594323605,44612219715,44612468874,249.159,17896.11,18059.162
0,44610767045,44610846123,44628672775,44628804547,131.772,17826.652,17905.73
1,44627872141,44627958339,44645291492,44645411684,120.192,17333.153,17419.351
2,44644985248,44645096511,44661854532,44662068060,213.528,16758.021,16869.284
0,44662287245,44662424462,44678575863,44678693523,117.66,16151.401,16288.618
1,44679213549,44679300435,44695012869,44695127386,114.517,15712.434,15799.32
2,44696414563,44696508920,44711743318,44711914624,171.306,15234.398,15328.755
0,44713417573,44713519631,44728474157,44728597422,123.265,14954.526,15056.584
1,44730520921,44730701571,44745354093,44745457482,103.389,14652.522,14833.172
2,44747337958,44747403639,44762022437,44762204706,182.269,14618.798,14684.479
0,44764288645,44764367182,44778544085,44778717551,173.466,14176.903,14255.44
1,44781259106,44781315772,44795187117,44795397565,210.448,13871.345,13928.011
2,44798459833,44798552179,44811875567,44812052206,176.639,13323.388,13415.734
0,44815862599,44815925077,44828566405,44828754762,188.357,12641.328,12703.806
1,44832779469,44832892408,44845488685,44845687902,199.217,12596.277,12709.216
2,44849821742,44849889373,44861782929,44861902182,119.253,11893.556,11961.187
0,44867019600,44867153514,44878623587,44878819687,196.1,11470.073,11603.987
1,44884031742,44884095815,44895498861,44895617127,118.266,11403.046,11467.119
2,44901127383,44901244813,44911885318,44912003285,117.967,10640.505,10757.935
0,44918265859,44918327128,44928466838,44928557179,90.341,10139.71,10200.979
1,44935331150,44935406261,44945552578,44945675583,123.005,10146.317,10221.428
1,44935331150,44935406261,44961846675,44961968199,121.524,26440.414,26515.525
2,44952452659,44952523375,44978648677,44978767534,118.857,26125.302,26196.018
0,44969624695,44969733804,44995099651,44995225595,125.944,25365.847,25474.956
1,44986694380,44986757056,45011798185,45011964655,166.47,25041.129,25103.805
2,45003479240,45003552785,45028623542,45028813014,189.472,25070.757,25144.302
0,45020728320,45020788125,45045273545,45045431536,157.991,24485.42,24545.225
1,45037841872,45037916429,45062257236,45062453937,196.701,24340.807,24415.364
2,45054648355,45054714806,45078647757,45078775864,128.107,23932.951,23999.402
0,45071881847,45072072410,45095117144,45095230972,113.828,23044.734,23235.297
1,45089155398,45089216432,45112072088,45112189940,117.852,22855.656,22916.69
2,45106171777,45106330125,45128670663,45128867360,196.697,22340.538,22498.886
0,45123111568,45123222280,45145218764,45145331952,113.188,21996.484,22107.196
1,45140255806,45140337963,45161948599,45162067582,118.983,21610.636,21692.793
2,45157648940,45157733830,45178989615,45179108171,118.556,21255.785,21340.675
0,45174570891,45174653162,45195236087,45195351716,115.629,20582.925,20665.196
1,45191734471,45191810305,45211916681,45212140462,223.781,20106.376,20182.21
2,45208770819,45208849036,45228465467,45228654726,189.259,19616.431,19694.648
0,45225991386,45226093514,45245302147,45245488292,186.145,19208.633,19310.761
1,45243054771,45243195190,45261880316,45261999223,118.907,18685.126,18825.545
2,45259933203,45260007344,45278703069,45278940263,237.194,18695.725,18769.866
0,45277103724,45277209068,45295249932,45295441737,191.805,18040.864,18146.208
1,45294069588,45294147739,45311893483,45312049403,155.92,17745.744,17823.895
2,45311197305,45311279857,45329037895,45329289583,251.688,17758.038,17840.59
0,45328037297,45328147628,45345383072,45345586596,203.524,17235.444,17345.775
1,45344985914,45345068840,45361968021,45362176106,208.085,16899.181,16982.107
2,45362258560,45362362780,45378931518,45379129336,197.818,16568.738,16672.958
0,45379781214,45379906113,45395319430,45395539393,219.963,15413.317,15538.216
1,45396864578,45396958162,45411958236,45412072973,114.737,15000.074,15093.658
2,45413752453,45414182501,45428762307,45428883497,121.19,14579.806,15009.854
0,45430628796,45430713557,45445140949,45445255369,114.42,14427.392,14512.153
1,45447604522,45447712499,45461821855,45462045618,223.763,14109.356,14217.333
2,45464751482,45464841641,45478799551,45478946925,147.374,13957.91,14048.069
0,45481716269,45481858656,45495137558,45495261309,123.751,13278.902,13421.289
1,45498706958,45498790142,45511816853,45511932815,115.962,13026.711,13109.895
2,45515486982,45515593363,45528524662,45528694515,169.853,12931.299,13037.68
0,45532317639,45532516862,45545141354,45545256416,115.062,12624.492,12823.715
1,45549124060,45549228987,45561770594,45561883063,112.469,12541.607,12646.534
2,45566076271,45566179309,45578440633,45578549971,109.338,12261.324,12364.362
0,45582990478,45583106153,45595366946,45595563947,197.001,12260.793,12376.468
1,45600045302,45600155100,45611936398,45612131777,195.379,11781.298,11891.096
2,45616676351,45616799420,45628557693,45628743111,185.418,11758.273,11881.342
0,45633610584,45633694842,45645311772,45645444266,132.494,11616.93,11701.188
1,45650559035,45650665772,45661846261,45661940082,93.821,11180.489,11287.226
2,45668043565,45668114502,45678599213,45678709425,110.212,10484.711,10555.648
0,45685047194,45685183850,45695503260,45695627380,124.12,10319.41,10456.066
0,45685047194,45685183850,45711800653,45711928556,127.903,26616.803,26753.459
1,45702132717,45702207184,45728397184,45728599102,201.918,26190.0,26264.467
2,45719280104,45719363763,45745095651,45745202503,106.852,25731.888,25815.547
0,45736435055,45736529087,45761769296,45761901311,132.015,25240.209,25334.241
1,45753477532,45753564075,45778489562,45778638474,148.912,24925.487,25012.03
2,45770322271,45770388511,45795366313,45795532053,165.74,24977.802,25044.042
0,45787446673,45787568450,45812088615,45812201579,112.964,24520.165,24641.942
1,45804235990,45804349738,45828500566,45828613434,112.868,24150.828,24264.576
2,45821362720,45821488028,45845146887,45845272776,125.889,23658.859,23784.167
0,45838549961,45838671982,45861782716,45861946167,163.451,23110.734,23232.755
1,45855722551,45855794927,45878737396,45878895901,158.505,22942.469,23014.845
2,45872785634,45872868654,45895402255,45895539689,137.434,22533.601,22616.621
0,45889765953,45889864366,45912358932,45912499816,140.884,22494.566,22592.979
1,45906753618,45906834331,45928595478,45928743987,148.509,21761.147,21841.86
2,45923704931,45923827764,45945287594,45945408543,120.949,21459.83,21582.663
0,45940774404,45940842560,45961870980,45961987741,116.761,21028.42,21096.576
1,45957431856,45957509586,45978658605,45978772688,114.083,21149.019,21226.749
2,45974478190,45974554940,45995235535,45995412567,177.032,20680.595,20757.345
0,45991445581,45991560589,46011909178,46012099179,190.001,20348.589,20463.597
1,46008630031,46008733146,46028598227,46028718565,120.338,19865.081,19968.196
2,46025660579,46025766259,46045402070,46045604667,202.597,19635.811,19741.491
0,46042590525,46042655648,46061921977,46062110814,188.837,19266.329,19331.452
1,46059600539,46059687129,46078567318,46078746267,178.949,18880.189,18966.779
2,46076770089,46076835970,46095411842,46095605905,194.063,18575.872,18641.753
0,46094220517,46094299390,46111943506,46112134331,190.825,17644.116,17722.989
1,46111630690,46111713621,46128964372,46129116860,152.488,17250.751,17333.682
2,46128547926,46128711344,46145333161,46145458248,125.087,16621.817,16785.235
0,46145575806,46145688364,46161782794,46161896214,113.42,16094.43,16206.988
1,46162527701,46162606658,46178759699,46178941563,181.864,16153.041,16231.998
2,46180056432,46180121521,46195167801,46195307145,139.344,15046.28,15111.369
0,46196628896,46196706814,46211878224,46212027920,149.696,15171.41,15249.328
1,46213688872,46213749559,46228603973,46228776111,172.138,14854.414,14915.101
2,46231263632,46231409497,46245646343,46245839506,193.163,14236.846,14382.711
0,46248341909,46248417959,46261777352,46261891239,113.887,13359.393,13435.443
1,46265324837,46265404777,46278371691,46278480769,109.078,12966.914,13046.854
2,46282278082,46282350525,46295128141,46295276114,147.973,12777.616,12850.059
0,46299196804,46299270242,46311890845,46312107698,216.853,12620.603,12694.041
1,46316439966,46316660108,46328504855,46328629486,124.631,11844.747,12064.889
2,46333395619,46333514761,46345418867,46345616262,197.395,11904.106,12023.248
0,46350367437,46350439597,46361966187,46362143130,176.943,11526.59,11598.75
1,46367305434,46367409760,46378701166,46378796162,94.996,11291.406,11395.732
2,46384407135,46384474174,46395615113,46395779076,163.963,11140.939,11207.978
0,46401625480,46401775955,46412341436,46412475049,133.613,10565.481,10715.956
1,46418607190,46418736944,46428904801,46429032076,127.275,10167.857,10297.611
1,46418607190,46418736944,46445273334,46445403500,130.166,26536.39,26666.144
2,46435633825,46435774806,46461842599,46461960413,117.814,26067.793,26208.774
0,46452809265,46452878343,46478618206,46478800588,182.382,25739.863,25808.941
1,46470044811,46470127598,46495189491,46495306477,116.986,25061.893,25144.68
2,46486919480,46486979450,46511814957,46511937083,122.126,24835.507,24895.477
0,46503925085,46504006264,46528396141,46528512214,116.073,24389.877,24471.056
1,46520996632,46521058339,46545206785,46545374659,167.874,24148.446,24210.153
2,46538039543,46538158469,46562006919,46562160105,153.186,23848.45,23967.376
0,46555146773,46555218813,46578613186,46578790330,177.144,23394.373,23466.413
1,46572331350,46572417624,46595216582,46595347581,130.999,22798.958,22885.232
2,46589553408,46589692396,46611865562,46611999493,133.931,22173.166,22312.154
0,46606482287,46606644602,46628508351,46628622583,114.232,21863.749,22026.064
1,46623507474,46623590003,46645227601,46645341694,114.093,21637.598,21720.127
2,46640597709,46640683164,46662192014,46662319047,127.033,21508.85,21594.305
0,46657808396,46657893010,46678614799,46678791918,177.119,20721.789,20806.403
1,46674984507,46675073228,46695126910,46695242279,115.369,20053.682,20142.403
2,46691848728,46691957109,46711891563,46712065940,174.377,19934.454,20042.835
0,46708762770,46708856608,46728542474,46728676353,133.879,19685.866,19779.704
1,46725701619,46725771062,46745182387,46745318538,136.151,19411.325,19480.768
2,46742725506,46742809720,46761834391,46761969561,135.17,19024.671,19108.885
0,46760020676,46760094916,46778917432,46779103888,186.456,18822.516,18896.756
1,46776497103,46776583382,46795478458,46795683657,205.199,18895.076,18981.355
2,46793663129,46793734351,46811923465,46812034818,111.353,18189.114,18260.336
0,46810618880,46810700089,46828459023,46828573693,114.67,17758.934,17840.143
1,46827705186,46827770616,46845236413,46845387625,151.212,17465.797,17531.227
2,46844846937,46844952002,46862078879,46862270608,191.729,17126.877,17231.942
0,46861566912,46861682266,46879201640,46879381225,179.585,17519.374,17634.728
1,46878726775,46878819377,46895968932,46896185855,216.923,17149.555,17242.157
2,46895455365,46895528395,46912290888,46912406017,115.129,16762.493,16835.523
0,46912653700,46912739942,46928817578,46928970233,152.655,16077.636,16163.878
1,46929885565,46929953380,46945922397,46946044462,122.065,15969.017,16036.832
2,46946826582,46946964155,46962002832,46962092380,89.548,15038.677,15176.25
0,46963710969,46963795853,46978956539,46979071554,115.015,15160.686,15245.57
1,46980750039,46980921789,46995356837,46995479961,123.124,14435.048,14606.798
2,46997916962,46997986203,47012035189,47012161873,126.684,14048.986,14118.227
0,47014671685,47014757270,47028830091,47030011456,1181.365,14072.821,14158.406
1,47031691843,47031758998,47045532055,47045649350,117.295,13773.057,13840.212
2,47048729275,47048811615,47062174666,47062311809,137.143,13363.051,13445.391
0,47065868220,47065937605,47078818084,47078931309,113.225,12880.479,12949.864
1,47082725760,47082888487,47095470734,47095689700,218.966,12582.247,12744.974
2,47099652285,47099750718,47112240999,47112494041,253.042,12490.281,12588.714
0,47116327915,47116407174,47129417570,47129555602,138.032,13010.396,13089.655
1,47133324981,47133392308,47145609475,47145694462,84.987,12217.167,12284.494
2,47149968227,47150052850,47161970961,47162052620,81.659,11918.111,12002.734
0,47167053471,47167117903,47178932660,47179061898,129.238,11814.757,11879.189
0,47167053471,47167117903,47195596236,47195734037,137.801,28478.333,28542.765
1,47184197594,47184281294,47212079098,47212199661,120.563,27797.804,27881.504
2,47201277459,47201344680,47228577071,47228660293,83.222,27232.391,27299.612
0,47218026266,47218170744,47245492576,47245642290,149.714,27321.832,27466.31
1,47235151443,47235219894,47261985652,47262121862,136.21,26765.758,26834.209
2,47252111218,47252202740,47278870849,47278991860,121.011,26668.109,26759.631
0,47269065367,47269134553,47295617632,47295748772,131.14,26483.079,26552.265
1,47286040297,47286121466,47312329630,47312572057,242.427,26208.164,26289.333
2,47303305349,47303381818,47328608810,47328696254,87.444,25226.992,25303.461
0,47320355697,47320462835,47345520266,47345644137,123.871,25057.431,25164.569
1,47337608947,47337684944,47362090313,47362265817,175.504,24405.369,24481.366
2,47354475943,47354620313,47378786757,47378899702,112.945,24166.444,24310.814
0,47372117945,47372249761,47395969436,47396164268,194.832,23719.675,23851.491
1,47388753150,47388897528,47412437385,47412570661,133.276,23539.857,23684.235
2,47405795655,47405945142,47429259334,47429385585,126.251,23314.192,23463.679
0,47423023279,47423117368,47445411519,47445527622,116.103,22294.151,22388.24
1,47439937827,47440012581,47462089310,47462231382,142.072,22076.729,22151.483
2,47457005546,47457160820,47478713158,47478873472,160.314,21552.338,21707.612
0,47474000750,47474067686,47495258369,47495382731,124.362,21190.683,21257.619
1,47491183667,47491260654,47512278969,47512436223,157.254,21018.315,21095.302
2,47508376044,47508455674,47528912016,47529041234,129.218,20456.342,20535.972
0,47525508616,47525599061,47545436300,47545545317,109.017,19837.239,19927.684
1,47542497548,47542574254,47562102865,47562217402,114.537,19528.611,19605.317
2,47559851058,47559941450,47578660195,47578749704,89.509,18718.745,18809.137
0,47576979410,47577127850,47595422282,47595536906,114.624,18294.432,18442.872
1,47593643141,47593804976,47612544656,47612698479,153.823,18739.68,18901.515
2,47610664040,47610742139,47628943522,47629083964,140.442,18201.383,18279.482
0,47627746988,47627852319,47645400303,47645519861,119.558,17547.984,17653.315
1,47644780797,47644897819,47662203577,47662314676,111.099,17305.758,17422.78
2,47661789185,47661941544,47678583829,47678663132,79.303,16642.285,16794.644
0,47678908575,47678984584,47695457913,47695568710,110.797,16473.329,16549.338
1,47695819327,47695913657,47711958557,47712051827,93.27,16044.9,16139.23
2,47713110694,47713216804,47729029434,47729232280,202.846,15812.63,15918.74
0,47730217757,47730337253,47745753343,47745953755,200.412,15416.09,15535.586
1,47747125655,47747257008,47762170167,47762301163,130.996,14913.159,15044.512
2,47764071937,47764194346,47778829546,47778950859,121.313,14635.2,14757.609
0,47781164111,47781238697,47795447908,47795568530,120.622,14209.211,14283.797
1,47798000275,47798093170,47812010366,47812189303,178.937,13917.196,14010.091
2,47815488853,47815623915,47828689532,47828860274,170.742,13065.617,13200.679
0,47832477604,47832580160,47845877263,47846079921,202.658,13297.103,13399.659
1,47849711843,47849802630,47862312963,47862434477,121.514,12510.333,12601.12
2,47866619594,47866709442,47878648785,47878795344,146.559,11939.343,12029.191
0,47883651676,47883723225,47896023205,47896153023,129.818,12299.98,12371.529
1,47900478488,47900582696,47912329496,47912424481,94.985,11746.8,11851.008
2,47917675932,47917746832,47931072654,47931165879,93.225,13325.822,13396.722
0,47934442527,47934552489,47946087277,47946221454,134.177,11534.788,11644.75
1,47951394275,47951481590,47962820295,47962942588,122.293,11338.705,11426.02
2,47968517494,47968651046,47979396302,47979470457,74.155,10745.256,10878.808
2,47968517494,47968651046,47996055762,47996177609,121.847,27404.716,27538.268
0,47985403108,47985476457,48012727326,48012877303,149.977,27250.869,27324.218
1,48002372379,48002470056,48030590686,48030711010,120.324,28120.63,28218.307
2,48019506564,48019568111,48046058062,48046211099,153.037,26489.951,26551.498
0,48036635287,48036758472,48062735957,48062835559,99.602,25977.485,26100.67
1,48053513553,48053592005,48079382690,48079492322,109.632,25790.685,25869.137
2,48070318502,48070405899,48096048995,48096201552,152.557,25643.096,25730.493
0,48087541262,48087616226,48112733590,48112925226,191.636,25117.364,25192.328
1,48104526806,48104649780,48130516618,48130653782,137.164,25866.838,25989.812
2,48121642044,48121747458,48146090189,48146270083,179.894,24342.731,24448.145
0,48138603604,48138727796,48162762085,48162854734,92.649,24034.289,24158.481
1,48155855830,48155931980,48179408337,48179541482,133.145,23476.357,23552.507
2,48172785114,48172873939,48196050008,48196164421,114.413,23176.069,23264.894
0,48189564330,48189632455,48212717901,48212829966,112.065,23085.446,23153.571
1,48206567613,48206679729,48230187528,48230310517,122.989,23507.799,23619.915
2,48223397081,48223463225,48246074376,48246227152,152.776,22611.151,22677.295
0,48240394548,48240479938,48262748459,48262961303,212.844,22268.521,22353.911
1,48257427495,48257540906,48279413775,48279505142,91.367,21872.869,21986.28
2,48274589840,48274687664,48296083983,48296205529,121.546,21396.319,21494.143
0,48291543234,48291609562,48312722820,48312845631,122.811,21113.258,21179.586
1,48308592963,48308684931,48330202424,48330325378,122.954,21517.493,21609.461
2,48325747982,48325816424,48346393990,48346518394,124.404,20577.566,20646.008
0,48342767888,48342851027,48362736869,48362829539,92.67,19885.842,19968.981
1,48359985909,48360056826,48379424461,48379658891,234.43,19367.635,19438.552
2,48377071390,48377173739,48396088393,48396308252,219.859,18914.654,19017.003
0,48394127447,48394195086,48413186012,48413374141,188.129,18990.926,19058.565
1,48411261042,48411348758,48430750801,48430927840,177.039,19402.043,19489.759
2,48428549957,48428721780,48446102662,48446231493,128.831,17380.882,17552.705
0,48445400156,48445513085,48462735190,48462855781,120.591,17222.105,17335.034
1,48462714745,48462813173,48479460302,48479627256,166.954,16647.129,16745.557
2,48479758287,48479871438,48496115474,48496303065,187.591,16244.036,16357.187
0,48496678734,48496769783,48512774664,48512952378,177.714,16004.881,16095.93
1,48513510831,48513603858,48530939107,48532093673,1154.566,17335.249,17428.276
2,48530524507,48530602206,48546083088,48546282739,199.651,15480.882,15558.581
0,48547715024,48547802131,48562719095,48562838311,119.216,14916.964,15004.071
1,48564689877,48564752785,48579385178,48579490810,105.632,14632.393,14695.301
2,48581871869,48581960995,48596066472,48596193293,126.821,14105.477,14194.603
0,48599054335,48599136445,48612721383,48612838053,116.67,13584.938,13667.048
1,48617712470,48617817366,48630254497,48630394572,140.075,12437.131,12542.027
2,48632943016,48633011975,48646053155,48646165225,112.07,13041.18,13110.139
0,48650123592,48650216623,48662725031,48662856274,131.243,12508.408,12601.439
1,48667092956,48667160069,48679411844,48679488434,76.59,12251.775,12318.888
1,48667092956,48667160069,48696138035,48696346243,208.208,28977.966,29045.079
2,48684036479,48684146823,48712740696,48712890090,149.394,28593.873,28704.217
0,48701243142,48701334138,48730402516,48730524704,122.188,29068.378,29159.374
1,48718281709,48718406517,48746048256,48746157407,109.151,27641.739,27766.547
2,48735362890,48735439334,48762729424,48762827765,98.341,27290.09,27366.534
0,48752429441,48752515674,48779422116,48779556950,134.834,26906.442,26992.675
1,48769604924,48769693816,48796073360,48796186892,113.532,26379.544,26468.436
2,48786315743,48786420177,48812740698,48812908512,167.814,26320.521,26424.955
0,48803524760,48803608654,48830210655,48830304575,93.92,26602.001,26685.895
1,48820562041,48820658788,48846067119,48846209431,142.312,25408.331,25505.078
2,48837623316,48837704595,48862749807,48862935445,185.638,25045.212,25126.491
0,48854675731,48854768007,48879388837,48879498105,109.268,24620.83,24713.106
1,48871916893,48871991220,48896139978,48896342378,202.4,24148.758,24223.085
2,48889234202,48889322351,48912737315,48912830190,92.875,23414.964,23503.113
0,48906142475,48906226275,48930791362,48930914324,122.962,24565.087,24648.887
1,48923144005,48923240122,48946055945,48946171850,115.905,22815.823,22911.94
2,48940077494,48940174994,48962772904,48962933002,160.098,22597.91,22695.41
0,48957146207,48957235758,48979382357,48979498743,116.386,22146.599,22236.15
1,48974230724,48974311390,48996062887,48996177602,114.715,21751.497,21832.163
2,48991142633,48991226787,49012742711,49012888792,146.081,21515.924,21600.078
0,49008242167,49008319882,49030090166,49030210187,120.021,21770.284,21847.999
1,49025286581,49025386976,49046050416,49046161310,110.894,20663.44,20763.835
2,49042393419,49042492385,49062726299,49062903693,177.394,20233.914,20332.88
0,49060052119,49060150737,49079392309,49079572808,180.499,19241.572,19340.19
1,49076998228,49077071713,49096066201,49096244431,178.23,18994.488,19067.973
2,49094117163,49094209094,49112874485,49113019250,144.765,18665.391,18757.322
0,49111240518,49111333882,49130879204,49130999487,120.283,19545.322,19638.686
1,49128597607,49128709689,49146113943,49146278383,164.44,17404.254,17516.336
2,49145598642,49145688191,49162720409,49162840570,120.161,17032.218,17121.767
0,49163188937,49163283015,49179401105,49179567236,166.131,16118.09,16212.168
1,49180367226,49180456130,49196065470,49196202760,137.29,15609.34,15698.244
2,49197075081,49197171122,49212756976,49212971653,214.677,15585.854,15681.895
0,49214036488,49214105972,49230732492,49230881916,149.424,16626.52,16696.004
1,49230909504,49230992217,49246053699,49246289751,236.052,15061.482,15144.195
2,49247848992,49247932225,49262729722,49262872868,143.146,14797.497,14880.73
0,49264663610,49264751489,49279382871,49279491339,108.468,14631.382,14719.261
1,49281711512,49281787686,49296051608,49296221307,169.699,14263.922,14340.096
2,49298777504,49298875291,49312714126,49312818101,103.975,13838.835,13936.622
0,49315978603,49316062603,49330157049,49330251535,94.486,14094.446,14178.446
1,49333050581,49333146043,49346062036,49346188504,126.468,12915.993,13011.455
2,49350316977,49350421526,49362724381,49362823908,99.527,12302.855,12407.404
0,49367251762,49367331891,49379887282,49380060735,173.453,12555.391,12635.52
1,49384293511,49384371280,49396966604,49397123860,157.256,12595.324,12673.093
2,49401346721,49401440735,49413000805,49413170832,170.027,11560.07,11654.084
2,49401346721,49401440735,49429597189,49429755869,158.68,28156.454,28250.468
0,49418393997,49418470240,49446203196,49446361093,157.897,27732.956,27809.199
1,49435461977,49435558053,49462890097,49463087128,197.031,27332.044,27428.12
2,49452521572,49452608400,49479517681,49479669106,151.425,26909.281,26996.109
0,49469527062,49469624445,49496152595,49496303901,151.306,26528.15,26625.533
1,49486401984,49486476217,49512886431,49513091084,204.653,26410.214,26484.447
2,49503265032,49503353323,49530169688,49530331619,161.931,26816.365,26904.656
0,49520546143,49520619213,49546276621,49546440724,164.103,25657.408,25730.478
1,49537679049,49537766387,49562804848,49562949528,144.68,25038.461,25125.799
2,49554937536,49555037409,49579424437,49579566059,141.622,24387.028,24486.901
0,49571846460,49571941214,49596191296,49596388021,196.725,24250.082,24344.836
1,49589010653,49589097792,49612826080,49612968090,142.01,23728.288,23815.427
2,49606181616,49606298808,49630018773,49630162611,143.838,23719.965,23837.157
0,49623174913,49623261819,49646130033,49646282611,152.578,22868.214,22955.12
1,49640427833,49640521386,49662902749,49663180691,277.942,22381.363,22474.916
2,49657408098,49657496356,49679385619,49679488969,103.35,21889.263,21977.521
0,49674424588,49674541963,49696060682,49696243095,182.413,21518.719,21636.094
1,49691600285,49691678914,49712731867,49712927603,195.736,21052.953,21131.582
2,49708524706,49708639918,49729643544,49729742842,99.298,21003.626,21118.838
0,49725321116,49725393998,49746075119,49746209902,134.783,20681.121,20754.003
1,49742325140,49742417100,49762755752,49762973376,217.624,20338.652,20430.612
2,49759489146,49759560657,49779403931,49779512413,108.482,19843.274,19914.785
0,49776609220,49776707438,49796053421,49796166160,112.739,19345.983,19444.201
1,49793591042,49793668880,49812730344,49812922841,192.497,19061.464,19139.302
2,49810603878,49810690545,49830471932,49830598100,126.168,19781.387,19868.054
0,49827846899,49827931650,49846071101,49846211398,140.297,18139.451,18224.202
1,49844944823,49845055591,49862718689,49862890336,171.647,17663.098,17773.866
2,49862177989,49862258636,49879782587,49879993920,211.333,17523.951,17604.598
0,49879422389,49879535629,49896615966,49896775248,159.282,17080.337,17193.577
1,49896152251,49896306781,49912884127,49913084671,200.544,16577.346,16731.876
2,49913070818,49913193074,49931747163,49931946222,199.059,18554.089,18676.345
0,49930103638,49930170207,49946079530,49946283035,203.505,15909.323,15975.892
1,49947198425,49947278147,49962739379,49962905661,166.282,15461.232,15540.954
2,49964136555,49964206295,49979421405,49979572210,150.805,15215.11,15284.85
0,49981244928,49981329406,49996073047,49996242435,169.388,14743.641,14828.119
1,49998261237,49998338503,50012806546,50013008676,202.13,14468.043,14545.309
2,50015193549,50015287735,50030102410,50030213011,110.601,14814.675,14908.861
0,50032343943,50032440397,50046136963,50046233314,96.351,13696.566,13793.02
1,50049270372,50049359702,50063043376,50063201810,158.434,13683.674,13773.004
2,50066584488,50066663952,50079616248,50079810974,194.726,12952.296,13031.76
0,50083628948,50083751146,50096313762,50096493587,179.825,12562.616,12684.814
0,50083628948,50083751146,50113327872,50113533624,205.752,29576.726,29698.924
2,50117696900,50117810204,50131186164,50131350550,164.386,13375.96,13489.264
0,50134701468,50134786261,50146363077,50146578928,215.851,11576.816,11661.609
0,50134701468,50134786261,50163243188,50163491391,248.203,28456.927,28541.72
1,50152229236,50152317454,50180241339,50180505487,264.148,27923.885,28012.103
2,50169389043,50169468099,50196338073,50196512884,174.811,26869.974,26949.03
0,50186468892,50186556668,50212732188,50212837789,105.601,26175.52,26263.296
1,50203687631,50203789660,50229782712,50230006789,224.077,25993.052,26095.081
2,50220652588,50220752797,50246081067,50246255553,174.486,25328.27,25428.479
0,50237570053,50237648043,50262729747,50262869582,139.835,25081.704,25159.694
1,50254549560,50254637973,50279427093,50279590383,163.29,24789.12,24877.533
2,50271466634,50271544662,50296126179,50296307529,181.35,24581.517,24659.545
0,50288605691,50288692145,50312822535,50313064298,241.763,24130.39,24216.844
1,50305689082,50305764640,50329722261,50329844429,122.168,23957.621,24033.179
2,50323010458,50323112499,50346110335,50346259792,149.457,22997.836,23099.877
0,50340091764,50340176382,50362866159,50362984987,118.828,22689.777,22774.395
1,50357108902,50357248664,50379648565,50379828777,180.212,22399.901,22539.663
2,50374044270,50374124241,50396237105,50396431951,194.846,22112.864,22192.835
0,50391253438,50391350395,50415117987,50415312938,194.951,23767.592,23864.549
1,50408154138,50408243680,50430180866,50430411702,230.836,21937.186,22026.728
2,50425496785,50425598480,50446146723,50446249305,102.582,20548.243,20649.938
0,50442500505,50442597622,50462747984,50462943286,195.302,20150.362,20247.479
1,50459702458,50459813355,50479660169,50479755887,95.718,19846.814,19957.711
2,50476607803,50476700833,50496073363,50496194357,120.994,19372.53,19465.56
0,50493883344,50493972031,50512732629,50512826387,93.758,18760.598,18849.285
1,50510897429,50510982700,50530270641,50530449555,178.914,19287.941,19373.212
2,50527938498,50528037195,50546061958,50546185646,123.688,18024.763,18123.46
0,50544869963,50544950480,50562723034,50562845385,122.351,17772.554,17853.071
1,50562064109,50562160568,50579400139,50579583400,183.261,17239.571,17336.03
2,50579653504,50579837510,50596061795,50596175498,113.703,16224.285,16408.291
0,50596406934,50596547663,50612755321,50612931171,175.85,16207.658,16348.387
1,50613491782,50613568621,50630304611,50630481994,177.383,16735.99,16812.829
2,50630713755,50630813744,50646072592,50646225702,153.11,15258.848,15358.837
0,50647621200,50647708804,50662726023,50662846006,119.983,15017.219,15104.823
1,50664754738,50664835571,50679383676,50679494586,110.91,14548.105,14628.938
2,50682034354,50682124171,50696076965,50696261405,184.44,13952.794,14042.611
0,50699042011,50699124598,50712718215,50712829343,111.128,13593.617,13676.204
1,50716020681,50716103128,50730213895,50730329099,115.204,14110.767,14193.214
2,50732934640,50733020737,50746116863,50746258396,141.533,13096.126,13182.223
0,50749794575,50749876348,50762732759,50762829415,96.656,12856.411,12938.184
1,50766787622,50766875414,50779407666,50779547684,140.018,12532.252,12620.044
2,50783554861,50783629115,50796080427,50796204292,123.865,12451.312,12525.566
0,50800618448,50800712845,50812746422,50812879373,132.951,12033.577,12127.974
1,50817633759,50817701822,50829737901,50829825010,87.109,12036.079,12104.142
2,50834919620,50835027226,50846108831,50846278126,169.295,11081.605,11189.211
2,50834919620,50835027226,50862733693,50862927296,193.603,27706.467,27814.073
0,50852091290,50852194206,50879435484,50879632343,196.859,27241.278,27344.194
1,50868799645,50868891807,50896121208,50896248386,127.178,27229.401,27321.563
2,50885760329,50885842251,50912728579,50912834303,105.724,26886.328,26968.25
0,50902790702,50902871276,50929402176,50929486765,84.589,26530.9,26611.474
1,50920060250,50920155687,50946090612,50946242780,152.168,25934.925,26030.362
2,50936975978,50937070859,50962812406,50963012905,200.499,25741.547,25836.428
0,50954299729,50954412982,50979389445,50979490595,101.15,24976.463,25089.716
1,50971181005,50971280364,50996058159,50996169929,111.77,24777.795,24877.154
2,50988013689,50988103435,51012723647,51012879764,156.117,24620.212,24709.958
0,51005036688,51005117484,51029591600,51029870398,278.798,24474.116,24554.912
1,51022105804,51022180219,51046105800,51046229211,123.411,23925.581,23999.996
2,51039214907,51039320139,51062956270,51063059088,102.818,23636.131,23741.363
0,51055906181,51055980987,51079533255,51079667190,133.935,23552.268,23627.074
1,51073305068,51073412776,51096411539,51096501304,89.765,22998.763,23106.471
2,51090143730,51090236033,51113235461,51113321244,85.783,22999.428,23091.731
0,51107174737,51107299578,51129981339,51130260354,279.015,22681.761,22806.602
1,51124021740,51124104125,51146590388,51146673945,83.557,22486.263,22568.648
2,51140997039,51141101447,51163555283,51163652819,97.536,22453.836,22558.244
0,51158084603,51158162260,51180137858,51180432013,294.155,21975.598,22053.255
1,51175299633,51175413030,51196666268,51196771357,105.089,21253.238,21366.635
2,51192449836,51192527469,51213390030,51213515488,125.458,20862.561,20940.194
0,51209580318,51209669916,51230953968,51231067094,113.126,21284.052,21373.65
1,51226431820,51226507215,51246605068,51246710656,105.588,20097.853,20173.248
2,51243148125,51243253373,51264700210,51264825680,125.47,21446.837,21552.085
0,51260248152,51260318994,51279810970,51279990079,179.109,19491.976,19562.818
1,51277407391,51277490991,51296071892,51296244928,173.036,18580.901,18664.501
2,51294708469,51294794441,51312725801,51312988135,262.334,17931.36,18017.332
0,51311674083,51311775422,51329431229,51329713790,282.561,17655.807,17757.146
1,51328550565,51328630052,51346083395,51346320728,237.333,17453.343,17532.83
2,51345548420,51345647759,51362726889,51362844041,117.152,17079.13,17178.469
0,51363057152,51363134365,51379409526,51379579451,169.925,16275.161,16352.374
1,51380071516,51380156899,51400119843,51403081198,2961.355,19962.944,20048.327
2,51397406134,51397516267,51414722339,51414928127,205.788,17206.072,17316.205
0,51414410579,51414497897,51430491742,51430674193,182.451,15993.845,16081.163
1,51431526039,51431594259,51446072249,51446201950,129.701,14477.99,14546.21
2,51448566261,51448757745,51462727811,51462880759,152.948,13970.066,14161.55
0,51465819298,51465920943,51479411660,51479685420,273.76,13490.717,13592.362
1,51482830792,51482930724,51496068764,51496250268,181.504,13138.04,13237.972
2,51500059067,51500165706,51512729034,51512897643,168.609,12563.328,12669.967
0,51516826260,51516927676,51531018943,51531237621,218.678,14091.267,14192.683
1,51533719872,51533782902,51546211598,51546494898,283.3,12428.696,12491.726
2,51550889042,51550966771,51562733618,51562844991,111.373,11766.847,11844.576
0,51567634574,51567696357,51579403427,51579508817,105.39,11707.07,11768.853
0,51567634574,51567696357,51596069796,51596210228,140.432,28373.439,28435.222
1,51584940262,51585118978,51612722792,51612896037,173.245,27603.814,27782.53
2,51602124040,51602213685,51629407030,51629559337,152.307,27193.345,27282.99
0,51619134966,51619236933,51646071070,51646249986,178.916,26834.137,26936.104
1,51636112785,51636200179,51662739375,51662920386,181.011,26539.196,26626.59
2,51653139612,51653238500,51679389420,51679518119,128.699,26150.92,26249.808
0,51670365046,51670463273,51696065395,51696207680,142.285,25602.122,25700.349
1,51687422392,51687531729,51712734100,51712900888,166.788,25202.371,25311.708
2,51704462447,51704534092,51729386051,51729497090,111.039,24851.959,24923.604
0,51721530158,51721626975,51746078451,51746224805,146.354,24451.476,24548.293
1,51738516664,51738590396,51762741342,51762868452,127.11,24150.946,24224.678
2,51755752531,51755838854,51779392712,51779521055,128.343,23553.858,23640.181
0,51772737193,51772809787,51796076425,51796271769,195.344,23266.638,23339.232
1,51789779583,51789868206,51812748902,51812882926,134.024,22880.696,22969.319
2,51806914557,51806998307,51829397763,51829511394,113.631,22399.456,22483.206
0,51825464409,51825576543,51846068593,51846231831,163.238,20492.05,20604.184
1,51841118643,51841200847,51862730786,51862886198,155.412,21529.939,21612.143
2,51858470515,51858568405,51879395566,51879559042,163.476,20827.161,20925.051
0,51875388978,51875471525,51896076139,51896215213,139.074,20604.614,20687.161
1,51892334767,51892416833,51912754470,51912887499,133.029,20337.637,20419.703
2,51909462660,51909542726,51929405405,51929551398,145.993,19862.679,19942.745
0,51926747073,51926833510,51946370774,51946534904,164.13,19537.264,19623.701
1,51943934538,51944023057,51962731118,51962904078,172.96,18708.061,18796.58
2,51961001735,51961089638,51979413228,51979525532,112.304,18323.59,18411.493
0,51978139488,51978223418,51996096990,51996254097,157.107,17873.572,17957.502
1,51995149666,51995235782,52012722108,52012908319,186.211,17486.326,17572.442
2,52012210571,52012278212,52029417939,52029595396,177.457,17139.727,17207.368
0,52029570825,52029706196,52046066648,52046227593,160.945,16360.452,16495.823
1,52046789940,52046919771,52062728071,52062860900,132.829,15808.3,15938.131
2,52063735746,52063815045,52079396068,52079556481,160.413,15581.023,15660.322
0,52080706648,52080777427,52096061893,52096228122,166.229,15284.466,15355.245
1,52097791678,52097892257,52112727105,52112886273,159.168,14834.848,14935.427
2,52114781042,52114863473,52129633311,52130152577,519.266,14769.838,14852.269
0,52131797054,52131913483,52146061442,52146245288,183.846,14147.959,14264.388
1,52148893912,52149159755,52162734138,52162862357,128.219,13574.383,13840.226
2,52165718322,52165812961,52179431629,52179597033,165.404,13618.668,13713.307
0,52182751592,52182831664,52196088702,52196256396,167.694,13257.038,13337.11
1,52199895430,52200002926,52212752104,52212891006,138.902,12749.178,12856.674
2,52217114535,52217184098,52229437302,52229636343,199.041,12253.204,12322.767
0,52234181320,52234262901,52246077637,52246210069,132.432,11814.736,11896.317
0,52234181320,52234262901,52262736562,52262870292,133.73,28473.661,28555.242
2,52268464039,52268568502,52279423785,52279623327,199.542,10855.283,10959.746
2,52268464039,52268568502,52296103286,52296293815,190.529,27534.784,27639.247
0,52285572300,52285652800,52312741640,52312906718,165.078,27088.84,27169.34
1,52302449770,52302529147,52329407193,52329537481,130.288,26878.046,26957.423
2,52319374299,52319529535,52346092410,52346236901,144.491,26562.875,26718.111
0,52336518847,52336602993,52362743777,52362953592,209.815,26140.784,26224.93
1,52353483019,52353561309,52379404664,52379538896,134.232,25843.355,25921.645
2,52370600973,52370713871,52396086711,52396262481,175.77,25372.84,25485.738
0,52387571297,52387650699,52412747023,52412879148,132.125,25096.324,25175.726
1,52404353155,52404450451,52429397644,52429513628,115.984,24947.193,25044.489
2,52421627893,52421719745,52446103765,52446236975,133.21,24384.02,24475.872
0,52438615335,52438713570,52462733198,52462859788,126.59,24019.628,24117.863
1,52455827883,52455910705,52479414082,52479620502,206.42,23503.377,23586.199
2,52472978545,52473095905,52496061033,52496217731,156.698,22965.128,23082.488
0,52490083559,52490169580,52512736520,52512872497,135.977,22566.94,22652.961
1,52507230319,52507322763,52529391455,52529543261,151.806,22068.692,22161.136
2,52524162675,52524234620,52546071150,52546218587,147.437,21836.53,21908.475
0,52541112410,52541207649,52562745742,52562925246,179.504,21538.093,21633.332
1,52558143180,52558215969,52579391450,52579511977,120.527,21175.481,21248.27
2,52575414976,52575582857,52596058748,52596200441,141.693,20475.891,20643.772
0,52592314445,52592405526,52612716508,52612823167,106.659,20310.982,20402.063
1,52609335244,52609443531,52629388664,52629514288,125.624,19945.133,20053.42
2,52626414494,52626501004,52646054878,52646169514,114.636,19553.874,19640.384
0,52643644273,52643743103,52662731415,52662879445,148.03,18988.312,19087.142
1,52660752808,52660830435,52679409445,52679557092,147.647,18579.01,18656.637
2,52677913995,52678003819,52696063961,52696224106,160.145,18060.142,18149.966
0,52695111412,52695193222,52712721650,52712834362,112.712,17528.428,17610.238
1,52712151271,52712242156,52729394890,52729542795,147.905,17152.734,17243.619
2,52729908828,52730114301,52746061959,52746180096,118.137,15947.658,16153.131
0,52746537499,52746638981,52762728534,52762906651,178.117,16089.553,16191.035
1,52763350251,52763418479,52779432718,52779586593,153.875,16014.239,16082.467
2,52780229399,52780329201,52796061829,52796240297,178.468,15732.628,15832.43
0,52797091074,52797162197,52812722907,52812896165,173.258,15560.71,15631.833
1,52814135281,52814229432,52829395619,52829510150,114.531,15166.187,15260.338
2,52831130572,52831213127,52846076328,52846263119,186.791,14863.201,14945.756
0,52848392904,52848534563,52862760454,52862918455,158.001,14225.891,14367.55
1,52865057511,52865143281,52879420550,52879577541,156.991,14277.269,14363.039
2,52882301573,52882395578,52896079212,52896224990,145.778,13683.634,13777.639
0,52899210032,52899304494,52912733056,52912898818,165.762,13428.562,13523.024
1,52916373773,52916475927,52929397690,52929558457,160.767,12921.763,13023.917
2,52933498373,52933560444,52946070999,52946229943,158.944,12510.555,12572.626
0,52950707738,52950785939,52962733748,52962904193,170.445,11947.809,12026.01
1,52967710360,52967782035,52979385195,52979563090,177.895,11603.16,11674.835
2,52984823261,52984906195,52996092840,52996383249,290.409,11186.645,11269.579
2,52984823261,52984906195,53012733283,53012870022,136.739,27827.088,27910.022
0,53001575623,53001647147,53029382945,53029495748,112.803,27735.798,27807.322
1,53018667602,53018762430,53046066836,53046246703,179.867,27304.406,27399.234
2,53035459065,53035540909,53062734172,53062874510,140.338,27193.263,27275.107
0,53052395651,53052492640,53079393625,53079526953,133.328,26900.985,26997.974
1,53069708213,53069782598,53096078231,53096234037,155.806,26295.633,26370.018
2,53086875006,53086984252,53112717604,53112827858,110.254,25733.352,25842.598
0,53103635470,53103725347,53129417677,53129567031,149.354,25692.33,25782.207
1,53120841840,53120950338,53146065458,53146197084,131.626,25115.12,25223.618
2,53138040760,53138123160,53162750820,53162916905,166.085,24627.66,24710.06
0,53155037980,53155130923,53179419487,53179580466,160.979,24288.564,24381.507
1,53171835523,53171913969,53196069253,53196227444,158.191,24155.284,24233.73
2,53188866089,53188954415,53212732880,53212861669,128.789,23778.465,23866.791
0,53206144263,53206225902,53229386528,53229545309,158.781,23160.626,23242.265
1,53223252031,53223373901,53246065123,53246210824,145.701,22691.222,22813.092
2,53240168767,53240246749,53262733150,53262888908,155.758,22486.401,22564.383
0,53257295340,53257400541,53279396116,53279610960,214.844,21995.575,22100.776
1,53274482027,53274565595,53296054602,53296173339,118.737,21489.007,21572.575
2,53291462585,53291550920,53312735189,53312862393,127.204,21184.269,21272.604
0,53308732566,53308826615,53329400881,53329538961,138.08,20574.266,20668.315
1,53325951142,53326128940,53346059730,53346197515,137.785,19930.79,20108.588
2,53342967128,53343099614,53362864536,53363010049,145.513,19764.922,19897.408
0,53359708875,53359816886,53379422086,53379577925,155.839,19605.2,19713.211
1,53376801663,53376888836,53396060995,53396195335,134.34,19172.159,19259.332
2,53393988599,53394086389,53412738617,53412936025,197.408,18652.228,18750.018
0,53411125143,53411234941,53429420158,53429551874,131.716,18185.217,18295.015
1,53428265886,53428356604,53446080236,53446222075,141.839,17723.632,17814.35
2,53445505440,53445597552,53462739359,53462900903,161.544,17141.807,17233.919
0,53462482704,53462617654,53479389135,53479505083,115.948,16771.481,16906.431
1,53479539467,53479671612,53496062093,53496200990,138.897,16390.481,16522.626
2,53496742008,53496814860,53512725157,53512851833,126.676,15910.297,15983.149
0,53513444973,53513556414,53529402450,53529531590,129.14,15846.036,15957.477
1,53530545632,53530621345,53546072849,53546222680,149.831,15451.504,15527.217
2,53547591638,53547698829,53562721166,53562844574,123.408,15022.337,15129.528
0,53564456226,53564544184,53579395229,53579543452,148.223,14851.045,14939.003
1,53581261687,53581338618,53596053487,53596170278,116.791,14714.869,14791.8
2,53598256683,53598352856,53612721378,53612840084,118.706,14368.522,14464.695
0,53615015510,53615090509,53629386371,53629517728,131.357,14295.862,14370.861
1,53632084478,53632177411,53646105445,53646308531,203.086,13928.034,14020.967
2,53649195991,53649281703,53662739814,53662865966,126.152,13458.111,13543.823
0,53666183317,53666278957,53679404523,53679554074,149.551,13125.566,13221.206
1,53683298141,53683382623,53696076773,53696232353,155.58,12694.15,12778.632
2,53700313576,53700397607,53712729766,53712963426,233.66,12332.159,12416.19
0,53717178013,53717242846,53729404905,53729555794,150.889,12162.059,12226.892
1,53734172730,53734269132,53746092090,53746244346,152.256,11822.958,11919.36
1,53734172730,53734269132,53762748834,53762888789,139.955,28479.702,28576.104
2,53751296638,53751364875,53779397265,53779555471,158.206,28032.39,28100.627
0,53768075747,53768163607,53796063857,53796194272,130.415,27900.25,27988.11
1,53785140133,53785208311,53812729561,53812901847,172.286,27521.25,27589.428
2,53802231139,53802333969,53829399310,53829527611,128.301,27065.341,27168.171
0,53818997898,53819075494,53846070177,53846194643,124.466,26994.683,27072.279
1,53836121347,53836208318,53862757055,53862903585,146.53,26548.737,26635.708
2,53853166388,53853253261,53879395077,53879530847,135.77,26141.816,26228.689
0,53870022248,53870124903,53896076310,53896213472,137.162,25951.407,26054.062
1,53887065186,53887141335,53912723432,53912839734,116.302,25582.097,25658.246
2,53904049601,53904135447,53929403426,53929552522,149.096,25267.979,25353.825
0,53921316488,53921391126,53946057355,53946177002,119.647,24666.229,24740.867
1,53938464107,53938569889,53962722754,53962859643,136.889,24152.865,24258.647
2,53955599449,53955676718,53979414903,53979556814,141.911,23738.185,23815.454
0,53972887641,53972993768,53996083246,53996244730,161.484,23089.478,23195.605
1,53989789727,53989869215,54012739332,54012877608,138.276,22870.117,22949.605
2,54006894592,54006976743,54029389723,54029524027,134.304,22412.98,22495.131
0,54024126808,54024199852,54046064762,54046198369,133.607,21864.91,21937.954
1,54041111422,54041195464,54064159553,54064349388,189.835,22964.089,23048.131
2,54058300988,54058375913,54079541042,54079741497,200.455,21165.129,21240.054
0,54075443564,54075599625,54096071381,54096208506,137.125,20471.756,20627.817
1,54092409420,54092500121,54112732770,54112881853,149.083,20232.649,20323.35
2,54109474603,54109570837,54129407818,54129564056,156.238,19836.981,19933.215
0,54126674326,54126754236,54146053843,54146169067,115.224,19299.607,19379.517
1,54143917688,54144026622,54162740931,54162891531,150.6,18714.309,18823.243
2,54161019906,54161099264,54179432277,54179535700,103.423,18333.013,18412.371
0,54178111219,54178234727,54196085863,54196234255,148.392,17851.136,17974.644
1,54195374261,54195466460,54212744415,54212898382,153.967,17277.955,17370.154
2,54212747942,54212825960,54229411706,54229554087,142.381,16585.746,16663.764
0,54229682565,54229813669,54246063950,54246215641,151.691,16250.281,16381.385
1,54246772193,54246897297,54262732133,54262870087,137.954,15834.836,15959.94
2,54263808297,54263869619,54295118359,54295293184,174.825,31248.74,31310.062
1,54297794948,54297887109,54312106698,54312293401,186.703,14219.589,14311.75
2,54314833592,54314917437,54328484553,54328662359,177.806,13567.116,13650.961
0,54332066525,54332150632,54345250139,54345456155,206.016,13099.507,13183.614
1,54349004483,54349111138,54362128491,54362296622,168.131,13017.353,13124.008
2,54365905738,54365983631,54379348554,54379557972,209.418,13364.923,13442.816
0,54382828122,54382925616,54396729150,54396933380,204.23,13803.534,13901.028
1,54399896660,54399982283,54412975799,54413144588,168.789,12993.516,13079.139
2,54417176239,54417267792,54429455676,54429600037,144.361,12187.884,12279.437
0,54433864951,54433938424,54446069061,54446207337,138.276,12130.637,12204.11
1,54450729974,54450815149,54462753587,54462873811,120.224,11938.438,12023.613
2,54467594054,54467685456,54479401945,54479553962,152.017,11716.489,11807.891
0,54484162471,54484251216,54496085568,54496250006,164.438,11834.352,11923.097
0,54484162471,54484251216,54512748539,54512943083,194.544,28497.323,28586.068
1,54501245172,54501310068,54529402928,54529556366,153.438,28092.86,28157.756
2,54518220370,54518346385,54546064034,54546183119,119.085,27717.649,27843.664
0,54535470498,54535533081,54562736662,54562883542,146.88,27203.581,27266.164
1,54552241401,54552323386,54579424161,54579580555,156.394,27100.775,27182.76
2,54568994841,54569068822,54596089269,54596207122,117.853,27020.447,27094.428
0,54586210682,54586294826,54612739612,54612886721,147.109,26444.786,26528.93
1,54603363955,54603439175,54629422818,54629554201,131.383,25983.643,26058.863
2,54620604484,54620722681,54646075512,54646218735,143.223,25352.831,25471.028
0,54637633892,54637722261,54662729862,54662857442,127.58,25007.601,25095.97
1,54654726364,54654840741,54679398140,54679528282,130.142,24557.399,24671.776
2,54671701792,54671775943,54696055379,54696221099,165.72,24279.436,24353.587
0,54688819160,54688901148,54712727040,54712834137,107.097,23825.892,23907.88
1,54705922526,54705983482,54729403377,54729537954,134.577,23419.895,23480.851
2,54722987793,54723091405,54746077991,54746226519,148.528,22986.586,23090.198
0,54740021175,54740085531,54762737518,54762894509,156.991,22651.987,22716.343
1,54757116150,54757192581,54779395306,54779526924,131.618,22202.725,22279.156
2,54774214545,54774278115,54796126208,54796262662,136.454,21848.093,21911.663
0,54791284986,54791358509,54812734481,54812880446,145.965,21375.972,21449.495
1,54808399651,54808460921,54829396980,54829580342,183.362,20936.059,20997.329
2,54825462556,54825556383,54846068060,54846208435,140.375,20511.677,20605.504
0,54842433901,54842499217,54862740659,54862901200,160.541,20241.442,20306.758
1,54859447271,54859529009,54879428718,54879597874,169.156,19899.709,19981.447
2,54876618925,54876686848,54896108491,54896258325,149.834,19421.643,19489.566
0,54893752442,54893835673,54912736473,54912890138,153.665,18900.8,18984.031
1,54910902963,54910965017,54929416708,54929562018,145.31,18451.691,18513.745
2,54927885900,54927967910,54946084317,54946230183,145.866,18116.407,18198.417
0,54944953032,54945078637,54962730001,54962872498,142.497,17651.364,17776.969
1,54961933956,54962020711,54979401931,54979544520,142.589,17381.22,17467.975
2,54979278912,54979346662,54996075292,54996243662,168.37,16728.63,16796.38
0,54996001638,54996083662,55012727427,55012845775,118.348,16643.765,16725.789
1,55012901130,55012963898,55029397580,55029555858,158.278,16433.682,16496.45
2,55029891406,55029965867,55046056781,55046183352,126.571,16090.914,16165.375
0,55046618281,55046690487,55062750109,55062888655,138.546,16059.622,16131.828
1,55063398181,55063518849,55079397230,55079519969,122.739,15878.381,15999.049
2,55080685834,55080830732,55096080989,55096220121,139.132,15250.257,15395.155
0,55097818716,55097946478,55112728659,55112880681,152.022,14782.181,14909.943
1,55114757182,55114829899,55129401433,55129639243,237.81,14571.534,14644.251
2,55131840457,55132036132,55146066408,55146201891,135.483,14030.276,14225.951
0,55149006385,55149086346,55162743840,55162890536,146.696,13657.494,13737.455
1,55165940868,55166028246,55179411542,55179569905,158.363,13383.296,13470.674
2,55182955135,55183018395,55196066626,55196208653,142.027,13048.231,13111.491
0,55200082354,55200162210,55212734069,55212882425,148.356,12571.859,12651.715
1,55217265772,55217328537,55229404909,55229573389,168.48,12076.372,12139.137
2,55234153675,55234244037,55246063698,55246190098,126.4,11819.661,11910.023
0,55251143179,55251210539,55262755707,55262977934,222.227,11545.168,11612.528
1,55267992289,55268078454,55279435336,55279589479,154.143,11356.882,11443.047
1,55267992289,55268078454,55296083576,55296194684,111.108,28005.122,28091.287
2,55284963607,55285029125,55312769897,55312941036,171.139,27740.772,27806.29
0,55302068917,55302182572,55329430932,55329557512,126.58,27248.36,27362.015
1,55319742245,55319852849,55346081586,55346210149,128.563,26228.737,26339.341
2,55336546420,55336627697,55362733467,55362912207,178.74,26105.77,26187.047
0,55353563916,55353628587,55379403836,55379523777,119.941,25775.249,25839.92
1,55370810686,55370897295,55396117213,55396258764,141.551,25219.918,25306.527
2,55387823659,55387891151,55412798950,55412973533,174.583,24907.799,24975.291
0,55404939630,55405091405,55429392627,55429512258,119.631,24301.222,24452.997
1,55422206771,55422329019,55446117566,55446236302,118.736,23788.547,23910.795
2,55439145441,55439222227,55462769321,55462948182,178.861,23547.094,23623.88
0,55456324010,55456564462,55479416579,55479557960,141.381,22852.117,23092.569
1,55473290473,55473403806,55496100052,55496233461,133.409,22696.246,22809.579
2,55490488544,55490551927,55512757566,55512899890,142.324,22205.639,22269.022
0,55507739346,55507836135,55529403996,55529529419,125.423,21567.861,21664.65
1,55524885236,55524951409,55546071614,55546218070,146.456,21120.205,21186.378
2,55542161340,55542243362,55562745182,55562872835,127.653,20501.82,20583.842
0,55559116053,55559179184,55579408586,55579566440,157.854,20229.402,20292.533
1,55576391257,55576491203,55596080325,55596220892,140.567,19589.122,19689.068
2,55593254815,55593323443,55612737855,55612855768,117.913,19414.412,19483.04
0,55610925447,55611030476,55629401128,55629531787,130.659,18370.652,18475.681
1,55627190305,55627259239,55646087483,55646244952,157.469,18828.244,18897.178
2,55644182685,55644274827,55662753293,55662913289,159.996,18478.466,18570.608
0,55661006486,55661085623,55679429823,55679612283,182.46,18344.2,18423.337
1,55678215946,55678355479,55696081951,55696225376,143.425,17726.472,17866.005
2,55695088522,55695159434,55712743984,55712923663,179.679,17584.55,17655.462
0,55711807693,55711890206,55729456448,55729645096,188.648,17566.242,17648.755
1,55728818760,55728897393,55746088052,55746254004,165.952,17190.659,17269.292
2,55745956687,55746106742,55762761507,55762947169,185.662,16654.765,16804.82
0,55762759407,55762839874,55779415962,55779519661,103.699,16576.088,16656.555
1,55779655133,55779758440,55796094667,55796213273,118.606,16336.227,16439.534
2,55796812539,55796885971,55812748779,55812873921,125.142,15862.808,15936.24
0,55813956311,55814137847,55829445697,55829618252,172.555,15307.85,15489.386
1,55831024301,55831091827,55846075156,55846225343,150.187,14983.329,15050.855
2,55848060696,55848151829,55862752308,55862894830,142.522,14600.479,14691.612
0,55865068000,55865171688,55879421509,55879563498,141.989,14249.821,14353.509
1,55882130493,55882232990,55896081978,55896223056,141.078,13848.988,13951.485
2,55899180314,55899265941,55912754122,55912881896,127.774,13488.181,13573.808
0,55916254065,55916352165,55929413963,55929551988,138.025,13061.798,13159.898
1,55933712555,55933792753,55946079884,55946232517,152.633,12287.131,12367.329
2,55950707563,55950832750,55962766902,55962901075,134.173,11934.152,12059.339
0,55967777009,55967841097,55979415146,55979578929,163.783,11574.049,11638.137
1,55984725485,55984845599,55996115444,55996246820,131.376,11269.845,11389.959
2,56001743209,56001861934,56012735585,56012870322,134.737,10873.651,10992.376
0,56018675734,56018764050,56029415051,56029553632,138.581,10651.001,10739.317
1,56035598826,56035671601,56046070100,56046197980,127.88,10398.499,10471.274
1,56035598826,56035671601,56062757351,56062987329,229.978,27085.75,27158.525
2,56052811848,56052898846,56079393504,56079582739,189.235,26494.658,26581.656
0,56070011994,56070079005,56096082244,56096315031,232.787,26003.239,26070.25
1,56087008054,56087082971,56112746186,56112933696,187.51,25663.215,25738.132
2,56105113948,56105287370,56129402460,56129567042,164.582,24115.09,24288.512
0,56121142980,56121245843,56146066959,56146249518,182.559,24821.116,24923.979
1,56138268238,56138333843,56162732275,56162875995,143.72,24398.432,24464.037
2,56155301977,56155426960,56180040193,56180175350,135.157,24613.233,24738.216
0,56172316511,56172382252,56196082286,56196304238,221.952,23700.034,23765.775
1,56189439889,56189516294,56212754103,56212940491,186.388,23237.809,23314.214
2,56206670614,56206730373,56229442754,56229598470,155.716,22712.381,22772.14
0,56223827846,56223924386,56246077736,56246229117,151.381,22153.35,22249.89
1,56240787790,56240894333,56262737673,56262891477,153.804,21843.34,21949.883
2,56257828395,56257917919,56279430113,56279589630,159.517,21512.194,21601.718
0,56274645024,56274707550,56296077569,56296286265,208.696,21370.019,21432.545
1,56291456904,56291543398,56312752707,56312867017,114.31,21209.309,21295.803
2,56308859774,56308928179,56329411964,56329581472,169.508,20483.785,20552.19
0,56326047140,56326214936,56346083925,56346239152,155.227,19868.989,20036.785
1,56343088336,56343161725,56362781523,56362918709,137.186,19619.798,19693.187
2,56360134890,56360221997,56379403308,56379598361,195.053,19181.311,19268.418
0,56377157883,56377224498,56396082527,56396207647,125.12,18858.029,18924.644
1,56394205961,56394302487,56412754504,56412985839,231.335,18452.017,18548.543
2,56411603514,56411681062,56429435156,56429592978,157.822,17754.094,17831.642
0,56428311114,56428390671,56446077854,56446206510,128.656,17687.183,17766.74
1,56445391163,56445467779,56462743855,56462895948,152.093,17276.076,17352.692
2,56462659383,56462759712,56479391765,56479503741,111.976,16632.053,16732.382
0,56479504365,56479581767,56496079437,56496291464,212.027,16497.67,16575.072
1,56496458218,56496545200,56512724585,56512844583,119.998,16179.385,16266.367
2,56513611081,56513712411,56529448428,56529584950,136.522,15736.017,15837.347
0,56531024826,56531099719,56546074932,56546305864,230.932,14975.213,15050.106
1,56547810959,56547885834,56562725703,56562853251,127.548,14839.869,14914.744
2,56564973682,56565062923,56579411056,56579584889,173.833,14348.133,14437.374
0,56582036556,56582104772,56596063772,56596237776,174.004,13959.0,14027.216
1,56599310535,56599432941,56612744799,56612914063,169.264,13311.858,13434.264
2,56616383539,56616493361,56629394940,56629536723,141.783,12901.579,13011.401
0,56633288047,56633413047,56646086380,56646252336,165.956,12673.333,12798.333
1,56650404789,56650499793,56662741948,56662961009,219.061,12242.155,12337.159
2,56667320125,56667416873,56679406811,56679552194,145.383,11989.938,12086.686
0,56684316438,56684387434,56696097689,56696277703,180.014,11710.255,11781.251
1,56701404684,56701495260,56712836482,56713000817,164.335,11341.222,11431.798
2,56718165481,56718226977,56729418500,56729571806,153.306,11191.523,11253.019
0,56735224246,56735299629,56746094345,56746238204,143.859,10794.716,10870.099
1,56752597301,56752665906,56763123633,56763246221,122.588,10457.727,10526.332
2,56769475434,56769601197,56779416967,56779567499,150.532,9815.77,9941.533
0,56786345836,56786412406,56796084187,56796214097,129.91,9671.781,9738.351
0,56786345836,56786412406,56812742727,56812856564,113.837,26330.321,26396.891
1,56803408890,56803506306,56829392693,56829517827,125.134,25886.387,25983.803
2,56820113020,56820178601,56846058543,56846148824,90.281,25879.942,25945.523
0,56836766435,56836850945,56862787746,56862981951,194.205,25936.801,26021.311
1,56853833582,56853955025,56879418881,56879632020,213.139,25463.856,25585.299
2,56871032303,56871156978,56896095230,56896275785,180.555,24938.252,25062.927
0,56887879410,56887989556,56912764087,56912908210,144.123,24774.531,24884.677
1,56904693415,56904814222,56929399888,56929490367,90.479,24585.666,24706.473
2,56921750388,56921813842,56946057579,56946146240,88.661,24243.737,24307.191
0,56938802950,56938884641,56962770513,56962980827,210.314,23885.872,23967.563
1,56955591423,56955670697,56979402578,56979684774,282.196,23731.881,23811.155
2,56972579322,56972712473,56996085223,56996188261,103.038,23372.75,23505.901
0,56989533722,56989602323,57012777165,57012915184,138.019,23174.842,23243.443
1,57006363617,57006444314,57029425310,57029608636,183.326,22980.996,23061.693
2,57023422176,57023483000,57046070423,57046279211,208.788,22587.423,22648.247
0,57040426530,57040548688,57062734448,57062999864,265.416,22185.76,22307.918
1,57057281281,57057351612,57079403251,57079650016,246.765,22051.639,22121.97
2,57074255272,57074346207,57097605446,57097866236,260.79,23259.239,23350.174
0,57091177266,57091243679,57114958268,57115092433,134.165,23714.589,23781.002
1,57108343277,57108452636,57129576244,57129765766,189.522,21123.608,21232.967
2,57125422360,57125501725,57146073309,57146206000,132.691,20571.584,20650.949
0,57142782655,57142912555,57162723673,57162839956,116.283,19811.118,19941.018
1,57159775913,57159848224,57179391348,57179567336,175.988,19543.124,19615.435
2,57176414728,57176513998,57196084126,57196182689,98.563,19570.128,19669.398
0,57193576926,57193647404,57212732823,57212822098,89.275,19085.419,19155.897
1,57210462079,57210555120,57229398201,57229540527,142.326,18843.081,18936.122
2,57227525139,57227586070,57246057174,57246147678,90.504,18471.104,18532.035
0,57244614613,57244761558,57262723789,57262843230,119.441,17962.231,18109.176
1,57261848599,57261982808,57279387020,57279500839,113.819,17404.212,17538.421
2,57278835952,57278916310,57296072256,57296212989,140.733,17155.946,17236.304
0,57296124614,57296205774,57312740900,57312893852,152.952,16535.126,16616.286
1,57313053958,57313153639,57329403203,57329605484,202.281,16249.564,16349.245
2,57329957931,57330028961,57346057350,57346190660,133.31,16028.389,16099.419
0,57347415136,57347543226,57362729442,57362880668,151.226,15186.216,15314.306
1,57364484389,57364606671,57379426742,57379568261,141.519,14820.071,14942.353
2,57381457644,57381547570,57396080953,57396179298,98.345,14533.383,14623.309
0,57398623663,57398757532,57412745300,57412844794,99.494,13987.768,14121.637
1,57415631433,57415716764,57429404632,57429491656,87.024,13687.868,13773.199
2,57432666096,57432732345,57446074105,57446222501,148.396,13341.76,13408.009
0,57449520201,57449711701,57462720740,57462856408,135.668,13009.039,13200.539
1,57466497456,57466562256,57479405598,57479562261,156.663,12843.342,12908.142
2,57483804165,57483915006,57496077391,57496251837,174.446,12162.385,12273.226
0,57500646316,57500724361,57512720800,57512836805,116.005,11996.439,12074.484
1,57517971054,57518076896,57529407923,57529546784,138.861,11331.027,11436.869
2,57534624764,57534710846,57546098766,57546203565,104.799,11387.92,11474.002
0,57551412086,57551523095,57562730831,57562871667,140.836,11207.736,11318.745
1,57568387122,57568463000,57579419454,57579541238,121.784,10956.454,11032.332
2,57585773563,57585920821,57596064780,57596154318,89.538,10143.959,10291.217
2,57585773563,57585920821,57612717351,57612828647,111.296,26796.53,26943.788
0,57602899657,57603008347,57629400200,57629552391,152.191,26391.853,26500.543
1,57619369642,57619471201,57646059159,57646173103,113.944,26587.958,26689.517
2,57636381141,57636457921,57662723081,57662841496,118.415,26265.16,26341.94
0,57653421271,57653526112,57679386675,57679498695,112.02,25860.563,25965.404
1,57670570698,57670644731,57696068948,57696212642,143.694,25424.217,25498.25
2,57687516667,57687608814,57712715996,57712832674,116.678,25107.182,25199.329
0,57704502059,57704574183,57729386942,57729501062,114.12,24812.759,24884.883
1,57721691872,57721790831,57746064419,57746147839,83.42,24273.588,24372.547
2,57738771850,57738847788,57762719381,57762829282,109.901,23871.593,23947.531
0,57755922464,57756009602,57779400421,57779539112,138.691,23390.819,23477.957
1,57773249062,57773318661,57796056980,57796231591,174.611,22738.319,22807.918
2,57790449988,57790530510,57812723359,57812846646,123.287,22192.849,22273.371
0,57807638984,57807707624,57829384991,57829567615,182.624,21677.367,21746.007
1,57824805445,57824908420,57847613212,57847794225,181.013,22704.792,22807.767
2,57841726728,57841810697,57862720911,57862838531,117.62,20910.214,20994.183
0,57858943336,57859049416,57879386470,57879530702,144.232,20337.054,20443.134
1,57875874388,57875939814,57896065848,57896208415,142.567,20126.034,20191.46
2,57892905835,57892987995,57912738875,57913018872,279.997,19750.88,19833.04
0,57909711541,57909780762,57929421745,57929554786,133.041,19640.983,19710.204
1,57926891856,57926979936,57948271859,57948459410,187.551,21291.923,21380.003
2,57943940996,57944084160,57962928880,57963142233,213.353,18844.72,18987.884
0,57960746720,57960834519,57979397063,57979550328,153.265,18562.544,18650.343
1,57977845960,57977910552,57996060894,57996182014,121.12,18150.342,18214.934
2,57994827524,57994904945,58012742142,58012856857,114.715,17837.197,17914.618
0,58011864261,58011929109,58029453665,58029591635,137.97,17524.556,17589.404
1,58028854220,58029292300,58048331787,58048475126,143.339,19039.487,19477.567
2,58045984436,58046096482,58063792634,58063986174,193.54,17696.152,17808.198
0,58063222840,58063306923,58079389843,58079512176,122.333,16082.92,16167.003
1,58080097296,58080387537,58096052504,58096140398,87.894,15664.967,15955.208
2,58097668347,58097910918,58112729828,58112829579,99.751,14818.91,15061.481
0,58114311764,58114381851,58129405152,58129509234,104.082,15023.301,15093.388
1,58131255574,58131341772,58147263742,58147443152,179.41,15921.97,16008.168
2,58148365088,58148445619,58162742001,58162919469,177.468,14296.382,14376.913
0,58164968224,58165053529,58179405002,58179535304,130.302,14351.473,14436.778
1,58182348531,58182416744,58196090386,58196321655,231.269,13673.642,13741.855
2,58199358886,58199448180,58212764973,58212870110,105.137,13316.793,13406.087
0,58216485607,58216550895,58229428696,58229575403,146.707,12877.801,12943.089
1,58233443144,58233523463,58247572888,58247667600,94.712,14049.425,14129.744
2,58250581316,58250696435,58262765647,58262893357,127.71,12069.212,12184.331
2,58250581316,58250696435,58279449663,58279553955,104.292,28753.228,28868.347
0,58267250673,58267341456,58296116515,58296295087,178.572,28775.059,28865.842
1,58284324001,58284389168,58312763039,58312870655,107.616,28373.871,28439.038
2,58301432554,58301515917,58329414196,58329510928,96.732,27898.279,27981.642
0,58318369422,58318456505,58347426575,58347551301,124.726,28970.07,29057.153
2,58352666045,58352740852,58362747367,58362844276,96.909,10006.515,10081.322
2,58352666045,58352740852,58379416598,58379514231,97.633,26675.746,26750.553
0,58369290787,58369379545,58396127518,58396248074,120.556,26747.973,26836.731
1,58386191377,58386256041,58412757384,58412864142,106.758,26501.343,26566.007
2,58403306671,58403425246,58429454246,58429625723,171.477,26029.0,26147.575
0,58420261745,58420333747,58447095318,58447214402,119.084,26761.571,26833.573
1,58437380731,58437457481,58462742702,58462917097,174.395,25285.221,25361.971
2,58454694552,58454796383,58479394849,58479481767,86.918,24598.466,24700.297
0,58471694168,58471783910,58496062252,58496176479,114.227,24278.342,24368.084
1,58488660475,58488737229,58512722892,58512805943,83.051,23985.663,24062.417
2,58505799137,58505881679,58529400026,58529527658,127.632,23518.347,23600.889
0,58522955016,58523076471,58546901636,58547038557,136.921,23825.165,23946.62
1,58539853870,58539970563,58562732122,58562828748,96.626,22761.559,22878.252
2,58557198233,58557318184,58579387706,58579472579,84.873,22069.522,22189.473
0,58574196408,58574292080,58596073939,58596215386,141.447,21781.859,21877.531
1,58591238982,58591326056,58612739112,58612924016,184.904,21413.056,21500.13
2,58609694822,58609794397,58646962569,58647146383,183.814,37168.172,37267.747
1,58642414883,58642498885,58662720728,58662934394,213.666,20221.843,20305.845
2,58659493371,58659559470,58679405257,58679532082,126.825,19845.787,19911.886
0,58676600689,58676696200,58696095792,58696197625,101.833,19399.592,19495.103
1,58693687100,58693759859,58712733263,58712821806,88.543,18973.404,19046.163
2,58710480488,58710553578,58729388122,58729469432,81.31,18834.544,18907.634
0,58727578420,58727640437,58746928981,58747143901,214.92,19288.544,19350.561
1,58744724290,58744800746,58762744129,58762900733,156.604,17943.383,18019.839
2,58761512552,58761583667,58779385352,58779496610,111.258,17801.685,17872.8
0,58778678339,58778755007,58796061856,58796164503,102.647,17306.849,17383.517
1,58796155993,58796235239,58812743081,58812944799,201.718,16507.842,16587.088
2,58813206624,58813306701,58829399733,58829537632,137.899,16093.032,16193.109
0,58830061340,58830138711,58847757661,58847893562,135.901,17618.95,17696.321
1,58846931877,58847021097,58863955354,58864150269,194.915,16934.257,17023.477
2,58864344933,58864449581,58879397548,58879571070,173.522,14947.967,15052.615
0,58880991760,58881080433,58896074365,58896185931,111.566,14993.932,15082.605
1,58898055147,58898129702,58912743499,58912841155,97.656,14613.797,14688.352
2,58915279703,58915369665,58929406598,58929498079,91.481,14036.933,14126.895
0,58931949302,58932022051,58947861271,58947984358,123.087,15839.22,15911.969
1,58949107016,58949207034,58962904623,58963109151,204.528,13697.589,13797.607
2,58966330364,58966414269,58979434165,58979552047,117.882,13019.896,13103.801
0,58983463280,58983543722,58996052023,58996261709,209.686,12508.301,12588.743
1,59000734286,59000814534,59012720694,59012857856,137.162,11906.16,11986.408
2,59017671171,59017776301,59029407478,59029497745,90.267,11631.177,11736.307
0,59034641410,59034722490,59046082352,59046185802,103.45,11359.862,11440.942
0,59034641410,59034722490,59062724825,59062807719,82.894,28002.335,28083.415
1,59051702343,59051792214,59079381818,59079489387,107.569,27589.604,27679.475
2,59068787559,59068862536,59096069933,59096219896,149.963,27207.397,27282.374
0,59085928723,59086025522,59112772468,59112880277,107.809,26746.946,26843.745
1,59103733522,59103826170,59129394651,59129511860,117.209,25568.481,25661.129
2,59120029987,59120134884,59147752487,59147964676,212.189,27617.603,27722.5
0,59136897318,59136989234,59162732074,59162882926,150.852,25742.84,25834.756
1,59153816450,59153901412,59179384965,59179493494,108.529,25483.553,25568.515
2,59170808784,59170888488,59196068103,59196151040,82.937,25179.615,25259.319
0,59187845917,59187927625,59212735666,59212823113,87.447,24808.041,24889.749
1,59204930315,59205002722,59229396304,59229724277,327.973,24393.582,24465.989
2,59221880594,59221971204,59246063822,59246179428,115.606,24092.618,24183.228
0,59239094182,59239176330,59262760427,59262903832,143.405,23584.097,23666.245
1,59256212900,59256305872,59279396045,59279535014,138.969,23090.173,23183.145
2,59273477917,59273598480,59296069477,59296181430,111.953,22470.997,22591.56
0,59290448037,59290539416,59312720517,59312852598,132.081,22181.101,22272.48
1,59307447990,59307527292,59329385810,59329521310,135.5,21858.518,21937.82
2,59324576137,59324686745,59346725304,59346971520,246.216,22038.559,22149.167
0,59341425536,59341514215,59362727310,59362815873,88.563,21213.095,21301.774
1,59358471530,59358566753,59379383297,59379461714,78.417,20816.544,20911.767
2,59375698206,59375786772,59396083284,59396183454,100.17,20296.512,20385.078
0,59392499123,59392604467,59412736910,59412885671,148.761,20132.443,20237.787
1,59409634177,59409726454,59429401851,59429502490,100.639,19675.397,19767.674
2,59426613034,59426720375,59446062715,59446198637,135.922,19342.34,19449.681
0,59443635623,59443724108,59462742621,59462834235,91.614,19018.513,19106.998
1,59461059749,59461155200,59479407282,59479557907,150.625,18252.082,18347.533
2,59477675747,59477754688,59496058798,59496195930,137.132,18304.11,18383.051
0,59494826777,59494948537,59528936558,59529113734,177.176,33988.021,34109.781
2,59528729933,59528834122,59547642970,59547824526,181.556,18808.848,18913.037
0,59546327905,59546485451,59562745164,59562856703,111.539,16259.713,16417.259
1,59563252827,59563333662,59579402467,59579587872,185.405,16068.805,16149.64
2,59580078920,59580160318,59596082621,59596220277,137.656,15922.303,16003.701
0,59597084523,59597194118,59628525459,59628676179,150.72,31331.341,31440.936
2,59631141193,59631251180,59648159576,59648323943,164.367,16908.396,17018.383
0,59648115373,59648194028,59662737990,59662905911,167.921,14543.962,14622.617
1,59664861983,59665181048,59679428194,59679593954,165.76,14247.146,14566.211
2,59681924928,59682017273,59696073512,59696187146,113.634,14056.239,14148.584
0,59698864070,59698957128,59712762503,59712956852,194.349,13805.375,13898.433
1,59716084079,59716166011,59729547574,59729678145,130.571,13381.563,13463.495
2,59733222000,59733320443,59746505518,59746604563,99.045,13185.075,13283.518
0,59750247386,59750332747,59762737791,59762861098,123.307,12405.044,12490.405
1,59767393086,59767499044,59779405718,59779496550,90.832,11906.674,12012.632
2,59784420177,59784507688,59796063654,59796168469,104.815,11555.966,11643.477
0,59801377757,59801467165,59812733715,59812874038,140.323,11266.55,11355.958
0,59801377757,59801467165,59829395958,59829480791,84.833,27928.793,28018.201
1,59818687435,59818764181,59846063614,59846218061,154.447,27299.433,27376.179
2,59835731545,59835824015,59862724931,59862817589,92.658,26900.916,26993.386
0,59853078120,59853166443,59879397754,59879489217,91.463,26231.311,26319.634
1,59870003111,59870098583,59896086421,59896188670,102.249,25987.838,26083.31
2,59887008916,59887085602,59912728817,59912812321,83.504,25643.215,25719.901
0,59903831177,59903919957,59929392057,59929471998,79.941,25472.1,25560.88
1,59920806056,59920886387,59946053165,59946165019,111.854,25166.778,25247.109
2,59937914727,59938002551,59962725632,59962902734,177.102,24723.081,24810.905
0,59954925360,59955002842,59979397472,59979584046,186.574,24394.63,24472.112
1,59972043627,59972151053,59996063285,59996146599,83.314,23912.232,24019.658
2,59988991453,59989081439,60012733719,60012879202,145.483,23652.28,23742.266
0,60006082193,60006164011,60029398946,60029549559,150.613,23234.935,23316.753
1,60023273177,60023346152,60046901038,60047090225,189.187,23554.886,23627.861
2,60040249617,60040336095,60062738890,60062927221,188.331,22402.795,22489.273
0,60057480643,60057554055,60079386739,60079468268,81.529,21832.684,21906.096
1,60074550194,60074654010,60096253524,60096401368,147.844,21599.514,21703.33
2,60091406865,60091482655,60112887641,60113006726,119.085,21404.986,21480.776
0,60108362381,60108470226,60129410595,60129615491,204.896,20940.369,21048.214
1,60125147564,60125233360,60146120448,60146269765,149.317,20887.088,20972.884
2,60142202271,60142304617,60162748368,60162859715,111.347,20443.751,20546.097
0,60159253672,60159334484,60179405793,60179519574,113.781,20071.309,20152.121
1,60176333844,60176454738,60196087324,60196197694,110.37,19632.586,19753.48
2,60193412328,60193509439,60212739733,60212842840,103.107,19230.294,19327.405
0,60210415830,60210509901,60229415295,60229522968,107.673,18905.394,18999.465
1,60227669754,60227745033,60246065144,60246199644,134.5,18320.111,18395.39
2,60244794960,60244878347,60263040675,60263206653,165.978,18162.328,18245.715
0,60262100100,60262319819,60279407378,60279550875,143.497,17087.559,17307.278
1,60279167376,60279308841,60296452870,60296628312,175.442,17144.029,17285.494
2,60295700555,60295774560,60312782127,60312911510,129.383,17007.567,17081.572
0,60312999044,60313105464,60329393333,60329485210,91.877,16287.869,16394.289
1,60329869610,60329940202,60347012174,60347201753,189.579,17071.972,17142.564
2,60346823168,60346922614,60363318745,60363506123,187.378,16396.131,16495.577
0,60363586891,60363662723,60380225753,60380456754,231.001,16563.03,16638.862
1,60380478777,60380582776,60396115531,60396252824,137.293,15532.755,15636.754
2,60397416626,60397508010,60412768463,60412905846,137.383,15260.453,15351.837
0,60414476595,60414569332,60430005894,60430155486,149.592,15436.562,15529.299
1,60431645428,60431749965,60446069285,60446163987,94.702,14319.32,14423.857
2,60448660560,60448747518,60462773768,60462934839,161.071,14026.25,14113.208
0,60465440025,60465527666,60479448530,60479686955,238.425,13920.864,14008.505
1,60482338790,60482607577,60496071979,60496174411,102.432,13464.402,13733.189
2,60499016458,60499122841,60512972555,60513124227,151.672,13849.714,13956.097
0,60516013535,60516108244,60529422083,60529953981,531.898,13313.839,13408.548
1,60533015336,60533096455,60546357678,60546458842,101.164,13261.223,13342.342
2,60549721029,60549815227,60562785241,60562909926,124.685,12970.014,13064.212
0,60566845627,60566909366,60579400656,60579504717,104.061,12491.29,12555.029
1,60584150975,60584333812,60596124579,60596271524,146.945,11790.767,11973.604
2,60601210419,60601370288,60612741202,60612864805,123.603,11370.914,11530.783
2,60601210419,60601370288,60629392796,60629563306,170.51,28022.508,28182.377
0,60618134156,60618238240,60649360880,60649516761,155.881,31122.64,31226.724
2,60652242207,60652337703,60665329307,60665493531,164.224,12991.604,13087.1
0,60669344992,60669426292,60680539902,60680692308,152.406,11113.61,11194.91
0,60669344992,60669426292,60696052577,60696144642,92.065,26626.285,26707.585
1,60686321982,60686417105,60712741885,60712858333,116.448,26324.78,26419.903
2,60703480505,60703560668,60729387580,60729482845,95.265,25826.912,25907.075
0,60720496262,60720624812,60748221425,60748409743,188.318,27596.613,27725.163
1,60737517050,60737597466,60763420224,60763632165,211.941,25822.758,25903.174
2,60754669001,60754764729,60779395322,60779527363,132.041,24630.593,24726.321
0,60771769930,60771851457,60796052160,60796171031,118.871,24200.703,24282.23
1,60788900410,60789001736,60812719910,60812827713,107.803,23718.174,23819.5
2,60805941937,60806029095,60829399756,60829589620,189.864,23370.661,23457.819
0,60822753507,60822859868,60846067840,60846156394,88.554,23207.972,23314.333
1,60839772018,60839849779,60862731214,60862818657,87.443,22881.435,22959.196
2,60856956959,60857044940,60879388242,60879509287,121.045,22343.302,22431.283
0,60873916122,60873991485,60896070952,60896167153,96.201,22079.467,22154.83
1,60891049364,60891145491,60912735203,60912831025,95.822,21589.712,21685.839
2,60908100156,60908172802,60929401666,60929491747,90.081,21228.864,21301.51
0,60925374075,60925480570,60946056413,60946134565,78.152,20575.843,20682.338
1,60942320434,60942399901,60962728399,60962810647,82.248,20328.498,20407.965
2,60959596018,60959683200,60979382168,60979516599,134.431,19698.968,19786.15
0,60976620579,60976703275,60996048883,60996161508,112.625,19345.608,19428.304
1,60993902256,60993988902,61012737375,61012850174,112.799,18748.473,18835.119
2,61010660622,61010732348,61029397487,61029579283,181.796,18665.139,18736.865
0,61027842818,61027948977,61046103058,61046255850,152.792,18154.081,18260.24
1,61044812062,61044903861,61063018819,61063204861,186.042,18114.958,18206.757
2,61061801467,61061893502,61095090837,61095260124,169.287,33197.335,33289.37
1,61096888771,61096981182,61112618672,61112814748,196.076,15637.49,15729.901
2,61113668181,61113756067,61129029070,61129244597,215.527,15273.003,15360.889
0,61129991711,61130084185,61147877320,61147990189,112.869,17793.135,17885.609
1,61147247732,61147332239,61164662969,61164832751,169.782,17330.73,17415.237
2,61164269401,61164381300,61179475326,61179651398,176.072,15094.026,15205.925
0,61181357914,61181435068,61196059878,61196153315,93.437,14624.81,14701.964
1,61198778996,61198870108,61212849400,61213060510,211.11,13979.292,14070.404
2,61215855244,61215953289,61229431503,61229612574,181.071,13478.214,13576.259
0,61232913084,61233021055,61246086089,61246225130,139.041,13065.034,13173.005
1,61250302754,61250420230,61263947008,61264092234,145.226,13526.778,13644.254
2,61267317363,61267404907,61280209376,61280313799,104.423,12804.469,12892.013
0,61284542701,61284605137,61296484601,61296571731,87.13,11879.464,11941.9
1,61301615998,61301693504,61316454693,61316557005,102.312,14761.189,14838.695
2,61318585054,61318654671,61332843742,61333015458,171.716,14189.071,14258.688
0,61335907408,61336000111,61348196929,61348285483,88.554,12196.818,12289.521
1,61352927820,61353014101,61366246568,61366437613,191.045,13232.467,13318.748
2,61369942314,61370032992,61381361922,61381459472,97.55,11328.93,11419.608
0,61387057742,61387132958,61397106298,61397216035,109.737,9973.34,10048.556
0,61387057742,61387132958,61414523678,61414662008,138.33,27390.72,27465.936
1,61404220672,61404303384,61434155137,61434267804,112.667,29851.753,29934.465
0,61438554673,61438645140,61453497477,61453613417,115.94,14852.337,14942.804
1,61455623547,61455707648,61463736989,61463850226,113.237,8029.341,8113.442
1,61455623547,61455707648,61479394676,61479561568,166.892,23687.028,23771.129
2,61472956647,61473077841,61496074833,61496212624,137.791,22996.992,23118.186
0,61489899141,61489981887,61512763447,61513006426,242.979,22781.56,22864.306
1,61507018808,61507117389,61529389134,61529526940,137.806,22271.745,22370.326
2,61524232533,61524309385,61546062169,61546288487,226.318,21752.784,21829.636
0,61541214361,61541308039,61562730046,61562920222,190.176,21422.007,21515.685
1,61557981263,61558071859,61579386992,61579747252,360.26,21315.133,21405.729
2,61575029847,61575136941,61596062515,61596242575,180.06,20925.574,21032.668
0,61592072260,61592154170,61612738190,61612869115,130.925,20584.02,20665.93
1,61609124931,61609234527,61629393188,61629562535,169.347,20158.661,20268.257
2,61626221826,61626322037,61646064412,61646228977,164.565,19742.375,19842.586
0,61643195110,61643286114,61662722955,61662850273,127.318,19436.841,19527.845
1,61660224620,61660310854,61679394261,61679570711,176.45,19083.407,19169.641
2,61677631296,61677919493,61696059557,61696210329,150.772,18140.064,18428.261
0,61694757343,61694848933,61712741979,61712984131,242.152,17893.046,17984.636
1,61711570253,61711662663,61729387108,61729507679,120.571,17724.445,17816.855
2,61728708855,61728788437,61746057998,61746210955,152.957,17269.561,17349.143
0,61745818998,61745947323,61762733170,61763090500,357.33,16785.847,16914.172
1,61762795053,61762868271,61779387961,61779552810,164.849,16519.69,16592.908
2,61779665239,61779745897,61796053189,61796203903,150.714,16307.292,16387.95
0,61796926955,61797014982,61812732659,61812903104,170.445,15717.677,15805.704
1,61813790563,61813906376,61829409965,61829647509,237.544,15503.589,15619.402
2,61831008259,61831092562,61846064826,61846246583,181.757,14972.264,15056.567
0,61848209723,61848325477,61862730294,61862978870,248.576,14404.817,14520.571
1,61865619821,61865695957,61879392262,61879549343,157.081,13696.305,13772.441
2,61882380716,61882468478,61896092015,61896263421,171.406,13623.537,13711.299
0,61899550988,61899638014,61912761616,61912904806,143.19,13123.602,13210.628
1,61916480188,61916568102,61929425830,61929605721,179.891,12857.728,12945.642
2,61933216607,61933293749,61946070870,61946220314,149.444,12777.121,12854.263
0,61950250314,61950329897,61962748330,61962922211,173.881,12418.433,12498.016
1,61967286527,61967360733,61979408954,61979552481,143.527,12048.221,12122.427
2,61984447417,61984542532,61996060672,61996195236,134.564,11518.14,11613.255
0,62001328130,62001398339,62012728691,62012910167,181.476,11330.352,11400.561
1,62018319486,62018415750,62029393204,62029529047,135.843,10977.454,11073.718
2,62035265522,62035343569,62046075613,62046224776,149.163,10732.044,10810.091
0,62051963009,62052053195,62062721617,62062833539,111.922,10668.422,10758.608
0,62051963009,62052053195,62079394010,62079572019,178.009,27340.815,27431.001
1,62069030361,62069109410,62096068028,62096229825,161.797,26958.618,27037.667
2,62086145803,62086238139,62112725916,62112887635,161.719,26487.777,26580.113
0,62103563725,62103662759,62129407499,62129588743,181.244,25744.74,25843.774
1,62120536509,62120661124,62146077541,62146328746,251.205,25416.417,25541.032
2,62137436543,62137520182,62162729106,62162919840,190.734,25208.924,25292.563
0,62154198352,62154305711,62179383783,62179496531,112.748,25078.072,25185.431
1,62170862034,62170946291,62196114421,62196368857,254.436,25168.13,25252.387
2,62187869729,62187960757,62212724829,62212875370,150.541,24764.072,24855.1
0,62205274055,62205367622,62229404231,62229526357,122.126,24036.609,24130.176
1,62222201137,62222292110,62246094302,62246259833,165.531,23802.192,23893.165
2,62239068511,62239158682,62262740854,62262936156,195.302,23582.172,23672.343
0,62256486277,62256593059,62279403257,62279584083,180.826,22810.198,22916.98
1,62273511225,62273602406,62296086499,62296203692,117.193,22484.093,22575.274
2,62290439408,62290527122,62312729176,62312894989,165.813,22202.054,22289.768
0,62307403842,62307480495,62329491910,62329644323,152.413,22011.415,22088.068
1,62324492304,62324598914,62346065133,62346229607,164.474,21466.219,21572.829
2,62341558764,62341641208,62362749665,62362932594,182.929,21108.457,21190.901
0,62358609529,62358703756,62379403853,62379616455,212.602,20700.097,20794.324
1,62375728907,62375806782,62396078098,62396252383,174.285,20271.316,20349.191
2,62392774407,62392858669,62412738890,62412932290,193.4,19880.221,19964.483
0,62409913617,62409995714,62429432598,62429650809,218.211,19436.884,19518.981
1,62426977050,62427083233,62446067954,62446289066,221.112,18984.721,19090.904
2,62444052617,62444135701,62462795962,62462997498,201.536,18660.261,18743.345
0,62460917355,62461013246,62479405968,62479585728,179.76,18392.722,18488.613
1,62478138488,62478217635,62496057721,62496218090,160.369,17840.086,17919.233
2,62495250361,62495340106,62512722863,62512920148,197.285,17382.757,17472.502
0,62512846653,62512992892,62529397873,62529569360,171.487,16404.981,16551.22
1,62529382254,62529577318,62546062176,62546230465,168.289,16484.858,16679.922
2,62546415175,62546523682,62562729264,62562907388,178.124,16205.582,16314.089
0,62563448401,62563531368,62579402516,62579562316,159.8,15871.148,15954.115
1,62580599356,62580675690,62596063229,62596195206,131.977,15387.539,15463.873
2,62597798514,62597887413,62612730766,62612896879,166.113,14843.353,14932.252
0,62614799318,62614885471,62629404938,62629576138,171.2,14519.467,14605.62
1,62631807847,62631903316,62646079292,62646220662,141.37,14175.976,14271.445
2,62649043877,62649134411,62662727892,62662879776,151.884,13593.481,13684.015
0,62666034991,62666132225,62679412103,62679540568,128.465,13279.878,13377.112
1,62682906551,62682999657,62696062444,62696223130,160.686,13062.787,13155.893
2,62699886930,62699981754,62712737118,62712899987,162.869,12755.364,12850.188
0,62717010029,62717081190,62729394769,62729562184,167.415,12313.579,12384.74
1,62734128167,62734214151,62746061183,62746222170,160.987,11847.032,11933.016
2,62751221796,62751333932,62762728333,62762852185,123.852,11394.401,11506.537
0,62768183913,62768277259,62779387720,62779506448,118.728,11110.461,11203.807
1,62785122306,62785187239,62796077514,62796320892,243.378,10890.275,10955.208
1,62785122306,62785187239,62812734293,62812880355,146.062,27547.054,27611.987
2,62802238377,62802332032,62829387574,62829508455,120.881,27055.542,27149.197
0,62819255244,62819328526,62846085703,62846252918,167.215,26757.177,26830.459
1,62836333745,62836424192,62862755945,62862933546,177.601,26331.753,26422.2
2,62853572902,62853663975,62879408401,62879594687,186.286,25744.426,25835.499
0,62870735028,62870825233,62896087272,62896280214,192.942,25262.039,25352.244
1,62887843067,62887941005,62912744182,62912929172,184.99,24803.177,24901.115
2,62904863492,62904961335,62929425688,62929632955,207.267,24464.353,24562.196
0,62921998549,62922070023,62946068797,62946288992,220.195,23998.774,24070.248
1,62939164434,62939248128,62962720630,62962987924,267.294,23472.502,23556.196
2,62956214922,62956292442,62979389733,62979545516,155.783,23097.291,23174.811
0,62973916891,62974023205,62996059349,62996213162,153.813,22036.144,22142.458
1,62990783076,62990859766,63012739544,63013001001,261.457,21879.778,21956.468
2,63007761689,63007856102,63029396896,63029589186,192.29,21540.794,21635.207
0,63024981422,63025054070,63046097747,63046382040,284.293,21043.677,21116.325
1,63041975796,63042062298,63062730210,63062999447,269.237,20667.912,20754.414
2,63058829209,63058903881,63079397386,63079555622,158.236,20493.505,20568.177
0,63075974863,63076081682,63096061554,63096225998,164.444,19979.872,20086.691
1,63092964232,63093056783,63112742725,63112914826,172.101,19685.942,19778.493
2,63110005966,63110107434,63129408848,63129583420,174.572,19301.414,19402.882
0,63126942693,63127021390,63146068941,63146205932,136.991,19047.551,19126.248
1,63144028588,63144127964,63162725319,63162875834,150.515,18597.355,18696.731
2,63161024209,63161106655,63179390348,63179511282,120.934,18283.693,18366.139
0,63178091852,63178245810,63196077248,63196232493,155.245,17831.438,17985.396
1,63195205021,63195294014,63212754869,63213034971,280.102,17460.855,17549.848
2,63212321104,63212413945,63229401894,63229527555,125.661,16987.949,17080.79
0,63229541887,63229626717,63246072801,63246249873,177.072,16446.084,16530.914
1,63246387043,63246521624,63262742921,63262956189,213.268,16221.297,16355.878
2,63263122132,63263197266,63279385175,63279520424,135.249,16187.909,16263.043
0,63280713159,63280809815,63296067718,63296226496,158.778,15257.903,15354.559
1,63297221699,63297305974,63312729100,63312869195,140.095,15423.126,15507.401
2,63314424067,63314538174,63329405721,63329533423,127.702,14867.547,14981.654
0,63331593401,63331671013,63346058330,63346191159,132.829,14387.317,14464.929
1,63348517150,63348649542,63362726374,63362853977,127.603,14076.832,14209.224
2,63365634981,63365791450,63379416570,63379551070,134.5,13625.12,13781.589
0,63382750752,63382863291,63396064557,63396209938,145.381,13201.266,13313.805
1,63399643686,63399728962,63412756975,63412919059,162.084,13028.013,13113.289
2,63416429673,63416517410,63429396083,63429591117,195.034,12878.673,12966.41
0,63433492444,63433553908,63446083019,63446227477,144.458,12529.111,12590.575
1,63450361239,63450438723,63462737089,63462898789,161.7,12298.366,12375.85
1,63450361239,63450438723,63479425931,63479605314,179.383,28987.208,29064.692
2,63467478495,63467550622,63496062259,63496201495,139.236,28511.637,28583.764
0,63484039769,63484123070,63512720337,63512842012,121.675,28597.267,28680.568
1,63501124132,63501195868,63529388569,63529502156,113.587,28192.701,28264.437
2,63518156861,63518264922,63546070629,63546202799,132.17,27805.707,27913.768
0,63534945514,63535017258,63562729581,63562866021,136.44,27712.323,27784.067
1,63552214465,63552306272,63579394422,63579533620,139.198,27088.15,27179.957
2,63569313718,63569399271,63596060078,63596183184,123.106,26660.807,26746.36
0,63586358453,63586453357,63612729454,63612858981,129.527,26276.097,26371.001
1,63603536970,63603637517,63629386984,63629512064,125.08,25749.467,25850.014
2,63620528359,63620632487,63646103968,63646251671,147.703,25471.481,25575.609
0,63637711171,63637803408,63662736434,63662879974,143.54,24933.026,25025.263
1,63655009960,63655240427,63679388386,63679514198,125.812,24147.959,24378.426
2,63672295957,63672400711,63696061667,63696202390,140.723,23660.956,23765.71
0,63689133411,63689246421,63712732293,63712872716,140.423,23485.872,23598.882
1,63706180466,63706274701,63729394522,63729510140,115.618,23119.821,23214.056
2,63722945765,63723049017,63746077207,63746215513,138.306,23028.19,23131.442
0,63740013128,63740087455,63762735565,63762872354,136.789,22648.11,22722.437
1,63757159255,63757246652,63779396494,63779529127,132.633,22149.842,22237.239
2,63774202135,63774272774,63796053487,63796171722,118.235,21780.713,21851.352
0,63791425228,63791511559,63812715548,63812828972,113.424,21203.989,21290.32
1,63808315914,63808393847,63829391880,63829562632,170.752,20998.033,21075.966
2,63825527399,63825629004,63846068801,63846205193,136.392,20439.797,20541.402
0,63842789081,63842871472,63862751402,63862912692,161.29,19879.93,19962.321
1,63860012819,63860121759,63879394453,63879510958,116.505,19272.694,19381.634
2,63876839539,63876916780,63896082799,63896241221,158.422,19166.019,19243.26
0,63893852883,63893947374,63912753535,63912915299,161.764,18806.161,18900.652
1,63910915019,63910990048,63929419948,63929565988,146.04,18429.9,18504.929
2,63927982429,63928084628,63946076264,63946299295,223.031,17991.636,18093.835
0,63944976815,63945054951,63962739540,63962899609,160.069,17684.589,17762.725
1,63962248784,63962376369,63979398994,63979527013,128.019,17022.625,17150.21
2,63979163979,63979225235,63996052556,63996189212,136.656,16827.321,16888.577
0,63995990305,63996154499,64012751005,64012979483,228.478,16596.506,16760.7
1,64013225882,64013296187,64029410010,64029546545,136.535,16113.823,16184.128
2,64030213316,64030300433,64046065106,64046196790,131.684,15764.673,15851.79
0,64047185547,64047285784,64062725568,64062862009,136.441,15439.784,15540.021
1,64064400137,64064487145,64079415695,64079549792,134.097,14928.55,15015.558
2,64081280878,64081354592,64096075355,64096231786,156.431,14720.763,14794.477
0,64098469845,64098567084,64112721872,64112843322,121.45,14154.788,14252.027
1,64115556753,64115637578,64129393929,64129529209,135.28,13756.351,13837.176
2,64132651973,64132758855,64146070038,64146202779,132.741,13311.183,13418.065
0,64149531371,64149612979,64162730358,64162873724,143.366,13117.379,13198.987
1,64166786550,64166880974,64179390376,64179553313,162.937,12509.402,12603.826
2,64183595925,64183687326,64196071243,64196204092,132.849,12383.917,12475.318
0,64200474271,64200584235,64212741868,64212878219,136.351,12157.633,12267.597
1,64217625697,64217689744,64229431831,64229621019,189.188,11742.087,11806.134
1,64217625697,64217689744,64246089024,64246263303,174.279,28399.28,28463.327
2,64234448755,64234542190,64262740250,64262893343,153.093,28198.06,28291.495
0,64251541052,64251610599,64279390568,64279525464,134.896,27779.969,27849.516
1,64268546627,64268630082,64296067464,64296198985,131.521,27437.382,27520.837
2,64286503920,64286591669,64312722096,64312846028,123.932,26130.427,26218.176
0,64303214817,64303304209,64329395352,64329528652,133.3,26091.143,26180.535
1,64320626861,64320723720,64346056348,64346183260,126.912,25332.628,25429.487
2,64337498212,64337621004,64362737495,64362878552,141.057,25116.491,25239.283
0,64354690996,64354778954,64379386697,64379514593,127.896,24607.743,24695.701
1,64371709121,64371805397,64396081043,64396228543,147.5,24275.646,24371.922
2,64388721930,64388802738,64412770874,64412929552,158.678,23968.136,24048.944
0,64405820569,64405910352,64429421175,64429576291,155.116,23510.823,23600.606
1,64422986187,64423113011,64446061609,64446200867,139.258,22948.598,23075.422
2,64439923621,64440009803,64462733228,64462884940,151.712,22723.425,22809.607
0,64457001272,64457101891,64479401560,64479540908,139.348,22299.669,22400.288
1,64473658218,64473758515,64496062963,64496193527,130.564,22304.448,22404.745
2,64490436055,64490521699,64512734642,64512872940,138.298,22212.943,22298.587
0,64507580014,64507677627,64529407332,64529561102,153.77,21729.705,21827.318
1,64524810341,64524907170,64546069281,64546194943,125.662,21162.111,21258.94
2,64541728300,64541829102,64562727620,64562885219,157.599,20898.518,20999.32
0,64558972642,64559055640,64579396061,64579553104,157.043,20340.421,20423.419
1,64575909304,64576004130,64596063231,64596198331,135.1,20059.101,20153.927
2,64593235575,64593370450,64612722524,64612837721,115.197,19352.074,19486.949
0,64610111988,64610211005,64629436948,64629561224,124.276,19225.943,19324.96
1,64627143756,64627219073,64646071802,64646216484,144.682,18852.729,18928.046
2,64644217709,64644316732,64662732651,64662875113,142.462,18415.919,18514.942
0,64661389597,64661507383,64679398219,64679538118,139.899,17890.836,18008.622
1,64678220277,64678354345,64696061941,64696202809,140.868,17707.596,17841.664
2,64695281592,64695497279,64712730373,64712842682,112.309,17233.094,17448.781
0,64712594654,64712685586,64729402060,64729528640,126.58,16716.474,16807.406
1,64730108146,64730171784,64746069361,64746252506,183.145,15897.577,15961.215
2,64746919012,64747154045,64762720163,64762838123,117.96,15566.118,15801.151
0,64763934773,64763997254,64779422391,64779561175,138.784,15425.137,15487.618
1,64780914114,64781010860,64796052008,64796163635,111.627,15041.148,15137.894
2,64797684321,64797748697,64812730962,64812870409,139.447,14982.265,15046.641
0,64814603946,64814706731,64829394624,64829522644,128.02,14687.893,14790.678
1,64831671618,64831734371,64846068663,64846202757,134.094,14334.292,14397.045
2,64848804005,64848912375,64862733977,64862871531,137.554,13821.602,13929.972
0,64865839766,64865902589,64879399656,64879514191,114.535,13497.067,13559.89
1,64883397018,64883534457,64896072466,64896253530,181.064,12538.009,12675.448
2,64900000424,64900225420,64912750605,64912877415,126.81,12525.185,12750.181
2,64900000424,64900225420,64929409686,64929561536,151.85,29184.266,29409.262
0,64916654380,64916743573,64946082506,64946262851,180.345,29338.933,29428.126
1,64933812307,64933876992,64962753196,64962908921,155.725,28876.204,28940.889
2,64950622901,64950708573,64979385380,64979505902,120.522,28676.807,28762.479
0,64967607321,64967672361,64996062342,64996208444,146.102,28389.981,28455.021
1,64984660908,64984751534,65012719280,65012846799,127.519,27967.746,28058.372
2,65001875748,65001948785,65029409919,65029587715,177.796,27461.134,27534.171
0,65018902910,65019175907,65046085660,65046259905,174.245,26909.753,27182.75
1,65035732607,65035799492,65062764609,65062914690,150.081,26965.117,27032.002
2,65052718889,65052801131,65079389160,65079516159,126.999,26588.029,26670.271
0,65069394901,65069475578,65096052884,65096208285,155.401,26577.306,26657.983
1,65086578071,65086674509,65112741624,65112878482,136.858,26067.115,26163.553
2,65103692027,65103774731,65129395995,65129525886,129.891,25621.264,25703.968
0,65120618506,65120710130,65146062155,65146194174,132.019,25352.025,25443.649
1,65137795401,65137876885,65162742289,65162877375,135.086,24865.404,24946.888
2,65155006068,65155084729,65179391226,65179517698,126.472,24306.497,24385.158
0,65171898475,65172001271,65196076424,65196288838,212.414,24075.153,24177.949
1,65188812486,65188891088,65212743732,65212908635,164.903,23852.644,23931.246
2,65205929887,65206010850,65229402186,65229560670,158.484,23391.336,23472.299
0,65222893304,65222992737,65246070491,65246230236,159.745,23077.754,23177.187
1,65239970825,65240039519,65262735800,65262867926,132.126,22696.281,22764.975
2,65257069880,65257187780,65279404019,65279528587,124.568,22216.239,22334.139
0,65274253147,65274316220,65296069817,65296223775,153.958,21753.597,21816.67
1,65291473550,65291554208,65312722836,65312842228,119.392,21168.628,21249.286
2,65308566176,65308646084,65329395612,65329527968,132.356,20749.528,20829.436
0,65325934280,65326106990,65346070650,65346220095,149.445,19963.66,20136.37
1,65342804336,65342871058,65362724696,65362863164,138.468,19853.638,19920.36
2,65359689302,65359770392,65379407859,65379611520,203.661,19637.467,19718.557
0,65376825644,65376924996,65396084434,65396226515,142.081,19159.438,19258.79
1,65393839082,65393915113,65412736984,65412904686,167.702,18821.871,18897.902
2,65411205876,65411313185,65429401666,65429535324,133.658,18088.481,18195.79
0,65428230368,65428405790,65446077684,65446229835,152.151,17671.894,17847.316
1,65445327152,65445577313,65462724164,65462842143,117.979,17146.851,17397.012
2,65462353566,65462439378,65479396338,65479524866,128.528,16956.96,17042.772
0,65479356762,65479421012,65496054443,65496177720,123.277,16633.431,16697.681
1,65496481921,65496603180,65512721199,65512849504,128.305,16118.019,16239.278
2,65513727665,65513799522,65529406440,65529649706,243.266,15606.918,15678.775
0,65530800570,65530901947,65546057839,65546185040,127.201,15155.892,15257.269
1,65547521327,65547588539,65562766200,65562895233,129.033,15177.661,15244.873
2,65564478394,65564555043,65579393631,65579522502,128.871,14838.588,14915.237
0,65581485423,65581551399,65596070947,65596208750,137.803,14519.548,14585.524
1,65598703983,65598862873,65612748959,65612905042,156.083,13886.086,14044.976
2,65616016268,65616104739,65629415580,65629579279,163.699,13310.841,13399.312
0,65632965128,65633073645,65646088583,65646308340,219.757,13014.938,13123.455
0,65632965128,65633073645,65662739878,65662874900,135.022,29666.233,29774.75
1,65649839153,65649922190,65679442768,65679604443,161.675,29520.578,29603.615
2,65666780914,65666911185,65696061706,65696188116,126.41,29150.521,29280.792
0,65683861744,65683929540,65712721009,65712842716,121.707,28791.469,28859.265
1,65700914815,65701036519,65729389868,65729514549,124.681,28353.349,28475.053
2,65718063426,65718127864,65746064268,65746205921,141.653,27936.404,28000.842
0,65735301355,65735378460,65762729052,65762867678,138.626,27350.592,27427.697
1,65752322731,65752400194,65779393815,65779518992,125.177,26993.621,27071.084
2,65769339617,65769433251,65796064961,65796215483,150.522,26631.71,26725.344
0,65786501618,65786566831,65812736150,65812916548,180.398,26169.319,26234.532
1,65803642999,65803725573,65829395376,65829531088,135.712,25669.803,25752.377
2,65820690305,65820762899,65846068560,65846222822,154.262,25305.661,25378.255
0,65837556794,65837690146,65862730922,65862877700,146.778,25040.776,25174.128
1,65854815820,65854893681,65879408268,65879535019,126.751,24514.587,24592.448
2,65871672879,65871753301,65896081088,65896215266,134.178,24327.787,24408.209
0,65888937074,65889012890,65912745870,65912884905,139.035,23732.98,23808.796
1,65905782520,65905859209,65929395710,65929536960,141.25,23536.501,23613.19
2,65922947457,65923015135,65946058290,65946191878,133.588,23043.155,23110.833
0,65939998850,65940134910,65962721998,65962857258,135.26,22587.088,22723.148
1,65957029959,65957130122,65979398884,65979536288,137.404,22268.762,22368.925
2,65973942282,65974027312,65996052200,65996183299,131.099,22024.888,22109.918
0,65991110468,65991175829,66012777333,66013037136,259.803,21601.504,21666.865
1,66008231548,66008306179,66029403980,66029539962,135.982,21097.801,21172.432
2,66025211697,66025309315,66046061178,66046192725,131.547,20751.863,20849.481
0,66042051804,66042135947,66062754612,66062911896,157.284,20618.665,20702.808
1,66059083151,66059144501,66079389707,66079514754,125.047,20245.206,20306.556
2,66076381703,66076526886,66096064443,66096210153,145.71,19537.557,19682.74
0,66093606706,66093678546,66112741192,66112932174,190.982,19062.646,19134.486
1,66110268756,66110349327,66129405695,66129578193,172.498,19056.368,19136.939
2,66127356853,66127427173,66146054296,66146189937,135.641,18627.123,18697.443
0,66144520067,66144612499,66162727185,66162878426,151.241,18114.686,18207.118
1,66161498818,66161600992,66179399306,66179590267,190.961,17798.314,17900.488
2,66178681141,66178776725,66196063906,66196194362,130.456,17287.181,17382.765
0,66195463944,66195527307,66212750330,66212883309,132.979,17223.023,17286.386
1,66212750353,66212825451,66229403837,66229541972,138.135,16578.386,16653.484
2,66229782394,66229840413,66246060960,66246181979,121.019,16220.547,16278.566
0,66247300488,66247419585,66262760592,66262944652,184.06,15341.007,15460.104
1,66264147020,66264209764,66279394937,66279551109,156.172,15185.173,15247.917
2,66281869969,66281967410,66296061717,66296215085,153.368,14094.307,14191.748
0,66298328903,66298396335,66312734538,66312858945,124.407,14338.203,14405.635
1,66315290712,66315379284,66329402426,66329553342,150.916,14023.142,14111.714
2,66332391556,66332466755,66346072442,66346199723,127.281,13605.687,13680.886
0,66349411331,66349508002,66362716812,66362907515,190.703,13208.81,13305.481
1,66366173792,66366234494,66379409460,66379550469,141.009,13174.966,13235.668
2,66383291413,66383411050,66396129756,66396343498,213.742,12718.706,12838.343
2,66383291413,66383411050,66412744524,66412907443,162.919,29333.474,29453.111
0,66400097269,66400170597,66429404359,66429607277,202.918,29233.762,29307.09
1,66417151276,66417232407,66446095850,66446257115,161.265,28863.443,28944.574
2,66433898030,66433974190,66462734646,66462886333,151.687,28760.456,28836.616
0,66451022921,66451104404,66479404761,66479556079,151.318,28300.357,28381.84
1,66468157992,66468231706,66496074596,66496223033,148.437,27842.89,27916.604
2,66485418342,66485505659,66512729561,66512842163,112.602,27223.902,27311.219
0,66502365842,66502440065,66529407213,66529529313,122.1,26967.148,27041.371
1,66519448819,66519536505,66546057704,66546196351,138.647,26521.199,26608.885
2,66536790510,66536888062,66562727520,66562847862,120.342,25839.458,25937.01
0,66553661772,66553755398,66579411085,66579553091,142.006,25655.687,25749.313
1,66570605746,66570666538,66596067749,66596171211,103.462,25401.211,25462.003
2,66587769905,66587844996,66612730124,66612885630,155.506,24885.128,24960.219
0,66605358729,66605440292,66629433188,66629574385,141.197,23992.896,24074.459
1,66622044082,66622164628,66646050068,66646168809,118.741,23885.44,24005.986
2,66639103765,66639218202,66662730761,66662871694,140.933,23512.559,23626.996
0,66656405549,66656566538,66679397430,66679542437,145.007,22830.892,22991.881
1,66673378681,66673496722,66696055342,66696197540,142.198,22558.62,22676.661
2,66690389484,66690478110,66712730754,66712873416,142.662,22252.644,22341.27
0,66707699365,66707762963,66729399242,66729549844,150.602,21636.279,21699.877
1,66724774679,66724883163,66746062364,66746185803,123.439,21179.201,21287.685
2,66742074243,66742176985,66762743903,66762907835,163.932,20566.918,20669.66
0,66759206654,66759304556,66779400750,66779525747,124.997,20096.194,20194.096
1,66776218621,66776339203,66796069568,66796215007,145.439,19730.365,19850.947
2,66793244981,66793346357,66812723153,66812848141,124.988,19376.796,19478.172
0,66810172491,66810236214,66829395222,66829534203,138.981,19159.008,19222.731
1,66827445844,66827532541,66846067517,66846230734,163.217,18534.976,18621.673
2,66844500072,66844635977,66862724189,66862851541,127.352,18088.212,18224.117
0,66861592283,66861678093,66879410192,66879568530,158.338,17732.099,17817.909
1,66879012271,66879078481,66896088175,66896298260,210.085,17009.694,17075.904
2,66895839324,66895920198,66912724992,66912847228,122.236,16804.794,16885.668
0,66912932942,66912999780,66929401951,66929552071,150.12,16402.171,16469.009
1,66930278681,66930360323,66946075310,66946221386,146.076,15714.987,15796.629
2,66947328675,66947401231,66962732935,66962888564,155.629,15331.704,15404.26
0,66963940880,66964025789,66979406786,66979554693,147.907,15380.997,15465.906
1,66980933793,66981060006,66996077173,66996223053,145.88,15017.167,15143.38
2,66997618020,66997695565,67012731511,67012928626,197.115,15035.946,15113.491
0,67014883691,67014992410,67029452454,67029649579,197.125,14460.044,14568.763
1,67031934509,67032068199,67046063674,67046199897,136.223,13995.475,14129.165
2,67048954145,67049025964,67062730037,67062928930,198.893,13704.073,13775.892
0,67066086215,67066170032,67079388864,67079553902,165.038,13218.832,13302.649
1,67083141022,67083221035,67096075203,67096216062,140.859,12854.168,12934.181
2,67100604412,67100696930,67112755774,67113047347,291.573,12058.844,12151.362
2,67100604412,67100696930,67129401025,67129567323,166.298,28704.095,28796.613
0,67117154623,67117223296,67146067811,67146241129,173.318,28844.515,28913.188
1,67134113589,67134243816,67162729787,67162867516,137.729,28485.971,28616.198
2,67151263217,67151340286,67179392258,67179541270,149.012,28051.972,28129.041
0,67168058948,67168155133,67196062450,67196227065,164.615,27907.317,28003.502
1,67185115141,67185186340,67212713928,67212895185,181.257,27527.588,27598.787
2,67202166722,67202255674,67229395290,67229576558,181.268,27139.616,27228.568
0,67219311769,67219372099,67246065548,67246191840,126.292,26693.449,26753.779
1,67236366794,67236446990,67262750849,67262918550,167.701,26303.859,26384.055
2,67253248331,67253323833,67279416266,67279597736,181.47,26092.433,26167.935
0,67270313849,67270412145,67296057300,67296183146,125.846,25645.155,25743.451
1,67287044022,67287118655,67312734322,67312832641,98.319,25615.667,25690.3
2,67304158038,67304285941,67329387392,67330592307,1204.915,25101.451,25229.354
0,67320882427,67320968418,67346064472,67346164903,100.431,25096.054,25182.045
1,67338045643,67338127891,67362715870,67362867311,151.441,24587.979,24670.227
2,67354818331,67354882137,67379391793,67379536773,144.98,24509.656,24573.462
0,67371892263,67371982469,67396067066,67396158730,91.664,24084.597,24174.803
1,67388943549,67389012720,67412785445,67413022248,236.803,23772.725,23841.896
2,67405944525,67406023560,67429413247,67429505596,92.349,23389.687,23468.722
0,67423144110,67423219965,67446069738,67446204634,134.896,22849.773,22925.628
1,67440340953,67440426554,67462728927,67462861642,132.715,22302.373,22387.974
2,67457416496,67457486067,67479391311,67479532940,141.629,21905.244,21974.815
0,67474442156,67474538716,67496052563,67496169943,117.38,21513.847,21610.407
1,67491505205,67491582499,67512774456,67512917391,142.935,21191.957,21269.251
2,67508739932,67508836185,67529408710,67529516941,108.231,20572.525,20668.778
0,67525841303,67525907109,67546072766,67546280596,207.83,20165.657,20231.463
1,67543047914,67543141574,67562735872,67562868894,133.022,19594.298,19687.958
2,67560423104,67560618838,67579397980,67579595181,197.201,18779.142,18974.876
0,67577581210,67577699016,67596051160,67596167248,116.088,18352.144,18469.95
1,67594563725,67594673309,67612728733,67612846336,117.603,18055.424,18165.008
2,67611463337,67611621708,67629410068,67629521949,111.881,17788.36,17946.731
0,67628489940,67628561795,67646068280,67646217047,148.767,17506.485,17578.34
1,67645845757,67646001836,67662719959,67662858354,138.395,16718.123,16874.202
2,67662520720,67662587825,67679394321,67679535487,141.166,16806.496,16873.601
0,67679545256,67679625493,67696055365,67696182871,127.506,16429.872,16510.109
1,67696462837,67696528694,67712746197,67713052311,306.114,16217.503,16283.36
2,67713626594,67713732365,67729389822,67729477943,88.121,15657.457,15763.228
0,67730748616,67730813514,67746075613,67746173795,98.182,15262.099,15326.997
1,67747694391,67747776923,67762741112,67762874427,133.315,14964.189,15046.721
2,67764743904,67764824848,67779433525,67779621593,188.068,14608.677,14689.621
0,67782047254,67782303579,67796091150,67796274451,183.301,13787.571,14043.896
1,67799125168,67799184773,67812723121,67812847236,124.115,13538.348,13597.953
2,67816308356,67816410097,67829384890,67829492793,107.903,12974.793,13076.534
0,67833233525,67833303841,67846108975,67846243736,134.761,12805.134,12875.45
1,67850295972,67850393316,67863506095,67863588637,82.542,13112.779,13210.123
2,67867146839,67867209479,67879398976,67879494749,95.773,12189.497,12252.137
0,67884342834,67884445304,67896077256,67896183638,106.382,11631.952,11734.422
1,67901469677,67901550709,67912741324,67912913934,172.61,11190.615,11271.647
1,67901469677,67901550709,67929394528,67929491899,97.371,27843.819,27924.851
2,67918287271,67918394982,67946101273,67946299267,197.994,27706.291,27814.002
0,67935417471,67935503131,67962718029,67962837236,119.207,27214.898,27300.558
1,67952422123,67952532343,67979391375,67979538889,147.514,26859.032,26969.252
2,67969571844,67969641389,67996053828,67996191484,137.656,26412.439,26481.984
0,67986812178,67986892421,68012724304,68012876477,152.173,25831.883,25912.126
1,68003991510,68004054432,68029392485,68029545515,153.03,25338.053,25400.975
2,68020763016,68020841651,68046053653,68046175514,121.861,25212.002,25290.637
0,68037879226,68037992324,68063427608,68063563598,135.99,25435.284,25548.382
1,68054797597,68054885934,68079387058,68079516592,129.534,24501.124,24589.461
2,68071897409,68071958086,68097014885,68097105917,91.032,25056.799,25117.476
0,68089051737,68089127429,68112729011,68112878672,149.661,23601.582,23677.274
1,68106215999,68106302523,68129901627,68130002454,100.827,23599.104,23685.628
2,68123306825,68123394969,68146058172,68146186784,128.612,22663.203,22751.347
0,68140493465,68140595258,68163599750,68163719066,119.316,23004.492,23106.285
1,68157731592,68157833538,68179409023,68179530408,121.385,21575.485,21677.431
2,68174823379,68174891587,68196053387,68196162410,109.023,21161.8,21230.008
0,68191866430,68191960838,68212732828,68212858673,125.845,20771.99,20866.398
1,68209239503,68209307924,68229390922,68229520005,129.083,20082.998,20151.419
2,68226043928,68226131094,68246089860,68246295959,206.099,19958.766,20045.932
0,68242942493,68243019911,68262735104,68262823910,88.806,19715.193,19792.611
1,68260112155,68260231013,68279402204,68279533430,131.226,19171.191,19290.049
2,68277227072,68277299437,68296061603,68296182765,121.162,18762.166,18834.531
0,68294390731,68294505086,68312723599,68312839814,116.215,18218.513,18332.868
1,68311375867,68311443566,68329399233,68329550247,151.014,17955.667,18023.366
2,68328504482,68328589623,68346058798,68346240819,182.021,17469.175,17554.316
0,68345878382,68345954402,68363913966,68364007229,93.263,17959.564,18035.584
1,68362985495,68363117510,68379406185,68379586161,179.976,16288.675,16420.69
2,68379872965,68379935150,68396064842,68396181388,116.546,16129.692,16191.877
0,68397374364,68397461710,68412728803,68412873703,144.9,15267.093,15354.439
1,68414296940,68414355496,68429401672,68429497633,95.961,15046.176,15104.732
2,68431403469,68431553842,68446060826,68446182487,121.661,14506.984,14657.357
0,68448269480,68448337066,68462741450,68462890894,149.444,14404.384,14471.97
1,68465453003,68465544063,68479429226,68479548493,119.267,13885.163,13976.223
2,68482419762,68482518246,68496066675,68496165892,99.217,13548.429,13646.913
0,68499657868,68499737543,68512767250,68512936600,169.35,13029.707,13109.382
1,68516621061,68516682514,68529398792,68529573600,174.808,12716.278,12777.731
2,68534075629,68534163121,68546067010,68546256179,189.169,11903.889,11991.381
0,68551187403,68551304161,68563830547,68564004091,173.544,12526.386,12643.144
1,68568061250,68568144118,68579430838,68579565411,134.573,11286.72,11369.588
2,68585229641,68585308522,68612230050,68612397119,167.069,26921.528,27000.409
1,68619333172,68619407936,68629181621,68629326871,145.25,9773.685,9848.449
2,68636393116,68636495134,68645388816,68645541755,152.939,8893.682,8995.7
2,68636393116,68636495134,68663647949,68663791394,143.445,27152.815,27254.833
1,68670236186,68670331544,68679410217,68679523149,112.932,9078.673,9174.031
1,68670236186,68670331544,68696075672,68696177373,101.701,25744.128,25839.486
2,68687489366,68687595367,68712794130,68712920958,126.828,25198.763,25304.764
0,68704482262,68704568730,68729406485,68729552954,146.469,24837.755,24924.223
1,68721587175,68721646415,68746060501,68746156502,96.001,24414.086,24473.326
2,68738464995,68738574212,68763324411,68763435892,111.481,24750.199,24859.416
0,68755658419,68755719137,68779386023,68779528657,142.634,23666.886,23727.604
1,68772583449,68772656425,68796060927,68796280526,219.599,23404.502,23477.478
2,68790104971,68790201231,68812742003,68812888075,146.072,22540.772,22637.032
0,68807041815,68807135787,68829384672,68829492181,107.509,22248.885,22342.857
1,68824296720,68824407867,68846054254,68846178540,124.286,21646.387,21757.534
2,68841249536,68841339975,68863310527,68863432541,122.014,21970.552,22060.991
0,68858388496,68858458432,68879385420,68879518894,133.474,20926.988,20996.924
1,68875393744,68875471912,68896072272,68896235466,163.194,20600.36,20678.528
2,68892556507,68892618008,68912765683,68912915433,149.75,20147.675,20209.176
0,68909746224,68909839956,68929398551,68929528432,129.881,19558.595,19652.327
1,68926787225,68926853117,68946097766,68946210214,112.448,19244.649,19310.541
2,68943900829,68943985270,68963518758,68963612305,93.547,19533.488,19617.929
0,68961103777,68961179504,68979392362,68979563759,171.397,18212.858,18288.585
1,68978013676,68978095903,68996059510,68996172142,112.632,17963.607,18045.834
2,68994871228,68994930980,69012748805,69012912200,163.395,17817.825,17877.577
0,69011993087,69012079818,69029408455,69029587373,178.918,17328.637,17415.368
1,69029472616,69029537004,69046050517,69046161887,111.37,16513.513,16577.901
2,69046186210,69046273772,69062730955,69062897309,166.354,16457.183,16544.745
0,69063694895,69063754860,69079391621,69079563664,172.043,15636.761,15696.726
1,69080612583,69080695500,69096061079,69096239505,178.426,15365.579,15448.496
2,69097470043,69097584746,69112761178,69112930096,168.918,15176.432,15291.135
0,69114441040,69114526954,69129433077,69129594607,161.53,14906.123,14992.037
1,69131252178,69131331966,69146065378,69146181097,115.719,14733.412,14813.2
2,69148202426,69148308843,69162749411,69162855896,106.485,14440.568,14546.985
0,69165531015,69165617889,69179399510,69179496978,97.468,13781.621,13868.495
1,69182540842,69182621804,69196076339,69196240117,163.778,13454.535,13535.497
2,69199638347,69199707904,69212735099,69212860173,125.074,13027.195,13096.752
0,69216676860,69216827831,69229405357,69229510638,105.281,12577.526,12728.497
1,69233856076,69233937006,69246063371,69246160044,96.673,12126.365,12207.295
2,69251025509,69251115583,69264410814,69264532823,122.009,13295.231,13385.305
0,69268123759,69268190077,69280299068,69280510173,211.105,12108.991,12175.309
1,69285255164,69285340020,69296071920,69296165084,93.164,10731.9,10816.756
2,69302373284,69302437261,69312718675,69312840246,121.571,10281.414,10345.391
0,69319376392,69319451367,69329411382,69329552818,141.436,9960.015,10034.99
1,69336435015,69336505166,69346085897,69346202205,116.308,9580.731,9650.882
2,69353573535,69353717114,69362742435,69362900684,158.249,9025.321,9168.9
2,69353573535,69353717114,69379397183,69379618020,220.837,25680.069,25823.648
0,69370494573,69370597000,69396084435,69396230185,145.75,25487.435,25589.862
1,69387568288,69387648840,69412756274,69412939614,183.34,25107.434,25187.986
2,69404578042,69404642704,69429409138,69429503238,94.1,24766.434,24831.096
0,69421641549,69421717062,69446079677,69446179422,99.745,24362.615,24438.128
1,69438828590,69438891942,69463367517,69463521012,153.495,24475.575,24538.927
2,69455779132,69455915416,69479398348,69479514837,116.489,23482.932,23619.216
0,69472831589,69472897756,69496061652,69496236197,174.545,23163.896,23230.063
1,69490033929,69490131076,69512746409,69512935566,189.157,22615.333,22712.48
2,69506971068,69507042936,69529385967,69529600152,214.185,22343.031,22414.899
0,69524150477,69524239798,69546057375,69546149081,91.706,21817.577,21906.898
1,69540957396,69541027790,69563338404,69563460793,122.389,22310.614,22381.008
2,69558112404,69558205363,69579389323,69579522845,133.522,21183.96,21276.919
0,69575271400,69575339823,69596058411,69596205263,146.852,20718.588,20787.011
1,69592390381,69592491885,69612724949,69612901877,176.928,20233.064,20334.568
2,69609552591,69609622186,69629391644,69629521306,129.662,19769.458,19839.053
0,69626562316,69626646556,69646072762,69646230128,157.366,19426.206,19510.446
1,69643694409,69643768040,69663721155,69663875630,154.475,19953.115,20026.746
2,69660974913,69661078238,69679393865,69679517464,123.599,18315.627,18418.952
0,69677676602,69677792426,69696057921,69696176564,118.643,18265.495,18381.319
1,69694760130,69694885938,69712721716,69712803584,81.868,17835.778,17961.586
2,69711594384,69711674259,69729395424,69729552897,157.473,17721.165,17801.04
0,69728532225,69728624284,69746064484,69746199953,135.469,17440.2,17532.259
1,69745963698,69746055754,69763646891,69763852458,205.567,17591.137,17683.193
2,69762359457,69762435673,69779398071,69779503827,105.756,16962.398,17038.614
0,69779587413,69779696029,69796054541,69796262277,207.736,16358.512,16467.128
1,69796491036,69796579754,69812757365,69812900225,142.86,16177.611,16266.329
2,69813630840,69813834156,69829404686,69829560846,156.16,15570.53,15773.846
0,69830890134,69830974085,69846064059,69846199446,135.387,15089.974,15173.925
1,69847562150,69847648606,69863799366,69863924552,125.186,16150.76,16237.216
2,69864627172,69864716122,69879423279,69879543829,120.55,14707.157,14796.107
0,69881852122,69881931514,69896066082,69896194062,127.98,14134.568,14213.96
1,69898576279,69898661503,69912755573,69912904433,148.86,14094.07,14179.294
2,69915943940,69916026421,69929397325,69929527285,129.96,13370.904,13453.385
0,69933078024,69933186923,69946082063,69946199009,116.946,12895.14,13004.039
1,69950174625,69950240166,69963604770,69963730111,125.341,13364.604,13430.145
2,69967188477,69967277870,69979400841,69979491028,90.187,12122.971,12212.364
0,69984227612,69984299336,69996055651,69996141693,86.042,11756.315,11828.039
1,70001214613,70001294588,70012716887,70012834455,117.568,11422.299,11502.274
2,70018118321,70018198434,70029388173,70029497685,109.512,11189.739,11269.852
0,70035062801,70035145695,70046069240,70046282343,213.103,10923.545,11006.439
1,70052265747,70052333810,70063510428,70063713833,203.405,11176.618,11244.681
2,70069338649,70069427099,70079435686,70079577459,141.773,10008.587,10097.037
0,70086389521,70086510044,70096081200,70096195107,113.907,9571.156,9691.679
1,70103552965,70103657546,70112733397,70112836510,103.113,9075.851,9180.432
2,70120508358,70120619914,70129406723,70129507282,100.559,8786.809,8898.365
0,70137353560,70137453371,70146102151,70146263792,161.641,8648.78,8748.591
1,70154381211,70154457233,70163101590,70163232929,131.339,8644.357,8720.379
2,70171637764,70171730617,70179408985,70179599692,190.707,7678.368,7771.221
2,70171637764,70171730617,70196094232,70196256145,161.913,24363.615,24456.468
0,70188503276,70188580026,70212722305,70212836784,114.479,24142.279,24219.029
1,70205600197,70205698737,70229393198,70229516163,122.965,23694.461,23793.001
2,70222633762,70222711317,70246061193,70246180329,119.136,23349.876,23427.431
0,70240016507,70240102782,70263509714,70263624084,114.37,23406.932,23493.207
1,70257112515,70257197178,70279415292,70279592793,177.501,22218.114,22302.777
2,70274085889,70274179812,70296079632,70296198758,119.126,21899.82,21993.743
0,70291252804,70291328249,70312745614,70312849872,104.258,21417.365,21492.81
1,70308516301,70308621167,70329450210,70329570234,120.024,20829.043,20933.909
2,70325422930,70325508103,70346086197,70346195029,108.832,20578.094,20663.267
0,70342439833,70342544143,70362878169,70362973169,95.0,20334.026,20438.336
1,70359483971,70359561633,70379433268,70379543632,110.364,19871.635,19949.297
2,70376520121,70376609693,70396093033,70396214118,121.085,19483.34,19572.912
0,70393653990,70393731755,70412747471,70412854822,107.351,19015.716,19093.481
1,70410802278,70410910138,70429809700,70429972739,163.039,18899.562,19007.422
2,70427961189,70428078581,70446068279,70446166833,98.554,17989.698,18107.09
0,70444750562,70444842839,70462807509,70462950374,142.865,17964.67,18056.947
1,70461763004,70461837993,70479431398,70479584486,153.088,17593.405,17668.394
2,70479015239,70479136269,70496075716,70496322975,247.259,16939.447,17060.477
0,70496585161,70496656502,70512759275,70513090197,330.922,16102.773,16174.114
1,70513252106,70513375936,70529410003,70529548573,138.57,16034.067,16157.897
2,70530385171,70530474104,70546080484,70546262241,181.757,15606.38,15695.313
0,70547131752,70547230597,70562891952,70563017865,125.913,15661.355,15760.2
1,70564187676,70564273123,70579391858,70579509293,117.435,15118.735,15204.182
2,70581240125,70581342157,70596056483,70596176412,119.929,14714.326,14816.358
0,70598897774,70599056641,70612723134,70612839523,116.389,13666.493,13825.36
1,70615293729,70615386975,70629417149,70629521969,104.82,14030.174,14123.42
2,70632331688,70632419140,70646073118,70646204827,131.709,13653.978,13741.43
0,70649423703,70649520766,70663257950,70663387149,129.199,13737.184,13834.247
1,70666534496,70666618617,70679389023,70679512548,123.525,12770.406,12854.527
2,70683737872,70683829569,70696064596,70696171085,106.489,12235.027,12326.724
0,70700817675,70700891067,70712719850,70712833388,113.538,11828.783,11902.175
1,70718424481,70718521283,70729409293,70729508394,99.101,10888.01,10984.812
2,70735478857,70735560935,70746064387,70746188291,123.904,10503.452,10585.53
0,70752386394,70752480919,70762926589,70763046568,119.979,10445.67,10540.195
1,70769397612,70769475889,70779401151,70779552807,151.656,9925.262,10003.539
2,70786354464,70786438647,70796059308,70796197471,138.163,9620.661,9704.844
0,70803268482,70803352877,70812732305,70812835444,103.139,9379.428,9463.823
1,70820236059,70820321957,70829389951,70829480253,90.302,9067.994,9153.892
2,70837094331,70837200386,70846071163,70846233153,161.99,8870.777,8976.832
0,70854460712,70854552271,70862724469,70862813145,88.676,8172.198,8263.757
1,70871598472,70871679759,70879436052,70879620176,184.124,7756.293,7837.58
2,70888770534,70888862447,70896082538,70896184706,102.168,7220.091,7312.004
0,70905912418,70905985602,70912728897,70912815564,86.667,6743.295,6816.479
1,70922980815,70923064747,70929393989,70929522262,128.273,6329.242,6413.174
2,70940652806,70940751130,70946070557,70946203336,132.779,5319.427,5417.751
2,70940652806,70940751130,70962804494,70962935780,131.286,22053.364,22151.688
0,70957303606,70957403915,70979388152,70979527286,139.134,21984.237,22084.546
1,70974334988,70974425448,70996063844,70996186017,122.173,21638.396,21728.856
2,70991305543,70991392439,71012719096,71012833386,114.29,21326.657,21413.553
0,71008267445,71008339405,71029403336,71029541135,137.799,21063.931,21135.891
1,71025348359,71025441350,71046087337,71046218905,131.568,20645.987,20738.978
2,71042035511,71042118977,71063107732,71063228308,120.576,20988.755,21072.221
0,71059316424,71059418723,71079389239,71079519020,129.781,19970.516,20072.815
1,71076400238,71076476181,71096050530,71096173234,122.704,19574.349,19650.292
2,71093412365,71093517776,71112743586,71112851945,108.359,19225.81,19331.221
0,71110341608,71110429677,71129404668,71129561736,157.068,18974.991,19063.06
1,71127556440,71127649895,71146070862,71146237951,167.089,18420.967,18514.422
2,71144897118,71144995005,71162753973,71162862109,108.136,17758.968,17856.855
0,71161780236,71161882538,71179395180,71179570720,175.54,17512.642,17614.944
1,71179034266,71179155393,71196049524,71196126515,76.991,16894.131,17015.258
2,71196063663,71196179868,71212760013,71212933217,173.204,16580.145,16696.35
0,71213143768,71213265866,71229391907,71229512058,120.151,16126.041,16248.139
1,71230168914,71230254942,71246064650,71246204523,139.873,15809.708,15895.736
2,71247121718,71247198015,71262744126,71262845262,101.136,15546.111,15622.408
0,71264181932,71264307680,71279406311,71279603232,196.921,15098.631,15224.379
1,71281020989,71281107766,71296067157,71296162518,95.361,14959.391,15046.168
2,71298037195,71298141550,71312744240,71312946725,202.485,14602.69,14707.045
0,71315364623,71315442109,71329398040,71329583535,185.495,13955.931,14033.417
1,71332240001,71332340144,71346069104,71346274145,205.041,13728.96,13829.103
2,71349212297,71349295221,71363263842,71363354273,90.431,13968.621,14051.545
0,71366240794,71366329241,71379421353,71379556013,134.66,13092.112,13180.559
1,71383220466,71383300276,71396094863,71396218048,123.185,12794.587,12874.397
2,71400320234,71400430874,71412724713,71412851057,126.344,12293.839,12404.479
0,71417236353,71417311939,71429386688,71429500520,113.832,12074.749,12150.335
1,71434202988,71434292970,71446061331,71446182237,120.906,11768.361,11858.343
2,71451146966,71451226830,71462720772,71462835551,114.779,11493.942,11573.806
0,71468118146,71468208978,71479571273,71479716371,145.098,11362.295,11453.127
1,71485302539,71485386983,71496066226,71496170180,103.954,10679.243,10763.687
2,71502211328,71502310342,71512754852,71512863837,108.985,10444.51,10543.524
0,71519420896,71519498899,71529399339,71529563832,164.493,9900.44,9978.443
1,71536500757,71536612113,71546049060,71546180787,131.727,9436.947,9548.303
2,71553561510,71553648722,71564024020,71564111072,87.052,10375.298,10462.51
0,71570624836,71570719805,71579420537,71579585835,165.298,8700.732,8795.701
1,71588095390,71588194412,71599339979,71599492589,152.61,11145.567,11244.589
2,71604856675,71604971970,71617621145,71617767481,146.336,12649.175,12764.47
0,71621815062,71621909713,71633330073,71633512390,182.317,11420.36,11515.011
1,71638921715,71639015574,71646229663,71646379703,150.04,7214.089,7307.948
2,71656198809,71656304387,71662728808,71662888117,159.309,6424.421,6529.999
0,71673178754,71673281081,71679388064,71679500993,112.929,6106.983,6209.31
1,71690120068,71690221770,71696068810,71696196977,128.167,5847.04,5948.742
1,71690120068,71690221770,71712726069,71712925628,199.559,22504.299,22606.001
2,71707319705,71707414262,71729391361,71729509557,118.196,21977.099,22071.656
0,71724110769,71724188201,71746069310,71746255733,186.423,21881.109,21958.541
1,71741280220,71741374003,71762723888,71762836776,112.888,21349.885,21443.668
2,71758265728,71758341782,71779388397,71779503706,115.309,21046.615,21122.669
0,71775218763,71775308385,71796068136,71796211107,142.971,20759.751,20849.373
1,71792555926,71792646032,71812737234,71812909700,172.466,20091.202,20181.308
2,71809614155,71809716734,71829398236,71829572432,174.196,19681.502,19784.081
0,71826483226,71826569408,71846064790,71846207587,142.797,19495.382,19581.564
1,71843583747,71843674092,71862734016,71862911405,177.389,19059.924,19150.269
2,71860938966,71861031490,71879387367,71879525566,138.199,18355.877,18448.401
0,71877878600,71878007233,71896095106,71896263706,168.6,18087.873,18216.506
1,71894830315,71894914500,71912747153,71912882070,134.917,17832.653,17916.838
2,71911987121,71912096543,71929393524,71929505863,112.339,17296.981,17406.403
0,71929021275,71929168391,71946075011,71946224304,149.293,16906.62,17053.736
1,71946180749,71946274530,71962747689,71962905951,158.262,16473.159,16566.94
2,71963476166,71963551311,71979386127,71979510033,123.906,15834.816,15909.961
0,71980417767,71980509029,71996050319,71996183728,133.409,15541.29,15632.552
1,71997539936,71997615847,72012764312,72012907288,142.976,15148.465,15224.376
2,72014474341,72014570657,72029396499,72029519407,122.908,14825.842,14922.158
0,72031457528,72031542759,72046061158,72046214419,153.261,14518.399,14603.63
1,72048483270,72048564677,72062729545,72062873238,143.693,14164.868,14246.275
2,72065580686,72065656227,72079388430,72079512524,124.094,13732.203,13807.744
0,72082637765,72082725404,72096057199,72096223812,166.613,13331.795,13419.434
1,72099876790,72099961104,72112739086,72113008667,269.581,12777.982,12862.296
2,72116608739,72116697543,72129424406,72129737569,313.163,12726.863,12815.667
0,72133459260,72133539477,72146079855,72146241794,161.939,12540.378,12620.595
1,72150453927,72150556352,72162725361,72162852451,127.09,12169.009,12271.434
2,72167469275,72167529020,72179401834,72179567437,165.603,11872.814,11932.559
0,72184712048,72184805357,72196080071,72196327823,247.752,11274.714,11368.023
1,72201729762,72201803928,72212750843,72212989033,238.19,10946.915,11021.081
2,72218412093,72218498880,72229414777,72229648922,234.145,10915.897,11002.684
0,72235794839,72235924048,72246052563,72246169130,116.567,10128.515,10257.724
1,72252827975,72252946348,72262747415,72262940985,193.57,9801.067,9919.44
2,72269620687,72269705619,72279403799,72279588618,184.819,9698.18,9783.112
0,72286619369,72286712314,72296077429,72296249126,171.697,9365.115,9458.06
1,72303730070,72303821278,72312740228,72312879004,138.776,8918.95,9010.158
2,72320854141,72320961494,72329405740,72329566868,161.128,8444.246,8551.599
0,72337979263,72338065307,72346070916,72346244112,173.196,8005.609,8091.653
1,72355059125,72355158781,72362733884,72362889450,155.566,7575.103,7674.759
2,72372121009,72372193768,72379395544,72379547305,151.761,7201.776,7274.535
0,72389303712,72389400331,72396082535,72396266287,183.752,6682.204,6778.823
1,72406476796,72406555801,72412739337,72412916989,177.652,6183.536,6262.541
2,72423532801,72423626170,72429416160,72429553201,137.041,5789.99,5883.359
0,72440428406,72440505666,72446086023,72446236958,150.935,5580.357,5657.617
0,72440428406,72440505666,72462739776,72463289598,549.822,22234.11,22311.37
1,72457300255,72457401536,72479414629,72479554773,140.144,22013.093,22114.374
2,72474271938,72474364904,72496072663,72496235354,162.691,21707.759,21800.725
0,72491470596,72491570824,72512722470,72512843080,120.61,21151.646,21251.874
1,72508409505,72508488947,72529424594,72529560159,135.565,20935.647,21015.089
2,72525091052,72525181987,72546083306,72546222783,139.477,20901.319,20992.254
0,72542281696,72542361322,72562725180,72562855292,130.112,20363.858,20443.484
1,72559344009,72559458177,72579387951,72579503158,115.207,19929.774,20043.942
2,72576647190,72576729543,72596052804,72596171087,118.283,19323.261,19405.614
0,72593568333,72593656810,72612726286,72612851649,125.363,19069.476,19157.953
1,72610489905,72610575761,72629390787,72629538669,147.882,18815.026,18900.882
2,72627639754,72627739441,72646063252,72646203353,140.101,18323.811,18423.498
0,72645201172,72645336724,72662747774,72663051222,303.448,17411.05,17546.602
1,72662089839,72662216185,72679393811,72679517790,123.979,17177.626,17303.972
2,72679089931,72679247129,72696059567,72696194512,134.945,16812.438,16969.636
0,72696352589,72696465768,72712722745,72712841432,118.687,16256.977,16370.156
1,72713485113,72713598697,72729396643,72729546905,150.262,15797.946,15911.53
2,72730528403,72730631054,72746050977,72746163929,112.952,15419.923,15522.574
0,72747656253,72747743327,72762752009,72762904438,152.429,15008.682,15095.756
1,72764728061,72764820698,72779404490,72779559016,154.526,14583.792,14676.429
2,72781910666,72782069907,72796053557,72796166537,112.98,13983.65,14142.891
0,72799074599,72799195279,72812725403,72812842083,116.68,13530.124,13650.804
1,72815803211,72815893450,72829392705,72829525972,133.267,13499.255,13589.494
2,72832666789,72832769646,72846091681,72846239867,148.186,13322.035,13424.892
0,72849923212,72850013539,72862724766,72862842257,117.491,12711.227,12801.554
1,72866973140,72867081615,72879427134,72879574389,147.255,12345.519,12453.994
2,72884018416,72884102429,72896090062,72896347318,257.256,11987.633,12071.646
0,72901067013,72901155771,72912738840,72912934077,195.237,11583.069,11671.827
1,72917890755,72917966667,72929406642,72929595814,189.172,11439.975,11515.887
2,72935076427,72935182126,72946069819,72946254410,184.591,10887.693,10993.392
0,72952151501,72952236285,72962739487,72962878679,139.192,10503.202,10587.986
1,72969146409,72969247636,72979408358,72979573983,165.625,10160.722,10261.949
2,72986134845,72986237160,72996060946,72996221744,160.798,9823.786,9926.101
0,73003172135,73003288116,73012732849,73012923721,190.872,9444.733,9560.714
1,73020229191,73020321728,73029398040,73029576509,178.469,9076.312,9168.849
2,73037246937,73037366074,73046062184,73046202880,140.696,8696.11,8815.247
0,73054347589,73054436037,73062726167,73062884356,158.189,8290.13,8378.578
1,73071345337,73071456328,73079409490,73079579590,170.1,7953.162,8064.153
2,73088275342,73088383366,73096061228,73096216830,155.602,7677.862,7785.886
0,73105360722,73105490851,73112724782,73112902218,177.436,7233.931,7364.06
1,73122282983,73122380181,73129399508,73129555369,155.861,7019.327,7116.525
2,73139337683,73139449338,73146068749,73146246081,177.332,6619.411,6731.066
0,73156299260,73156397972,73162730183,73162894331,164.148,6332.211,6430.923
1,73173400003,73173522292,73179395900,73179528198,132.298,5873.608,5995.897
2,73190485050,73190568990,73196069838,73196212736,142.898,5500.848,5584.788
0,73207796001,73207895816,73212737092,73212879150,142.058,4841.276,4941.091
1,73225185526,73225271627,73229403927,73229545389,141.462,4132.3,4218.401
1,73225185526,73225271627,73246057664,73246315321,257.657,20786.037,20872.138
2,73242212418,73242327227,73262739221,73262975026,235.805,20411.994,20526.803
0,73259090530,73259177067,73279389645,73279595770,206.125,20212.578,20299.115
1,73275828636,73275931595,73296087602,73296260196,172.594,20156.007,20258.966
2,73292826623,73292908439,73312736714,73312884299,147.585,19828.275,19910.091
0,73309809073,73309910545,73329404931,73329585466,180.535,19494.386,19595.858
1,73326880183,73326968528,73346084074,73346257617,173.543,19115.546,19203.891
2,73344019001,73344121031,73362728864,73362909065,180.201,18607.833,18709.863
0,73361324326,73361409835,73379423177,73379662192,239.015,18013.342,18098.851
1,73378347237,73378449567,73396086893,73396238634,151.741,17637.326,17739.656
2,73395731984,73395818304,73412786748,73412987920,201.172,16968.444,17054.764
0,73412753764,73412853448,73429411973,73429583115,171.142,16558.525,16658.209
1,73429603365,73429707232,73446060219,73446215352,155.133,16352.987,16456.854
2,73446298463,73446380838,73462726810,73462857995,131.185,16345.972,16428.347
0,73463414747,73463480908,73479401099,73479555948,154.849,15920.191,15986.352
1,73480445337,73480609161,73496063430,73496196775,133.345,15454.269,15618.093
2,73497334853,73497421945,73512747330,73512972753,225.423,15325.385,15412.477
0,73514454901,73514656485,73529410408,73529556398,145.99,14753.923,14955.507
1,73531522244,73531600866,73546074971,73546226877,151.906,14474.105,14552.727
2,73548652116,73548745031,73562728972,73562904518,175.546,13983.941,14076.856
0,73565807379,73565903003,73579403152,73579549634,146.482,13500.149,13595.773
1,73582829760,73582950342,73596066802,73596238369,171.567,13116.46,13237.042
2,73599647448,73599728824,73612731897,73612861956,130.059,13003.073,13084.449
0,73616749387,73616867983,73629392287,73629512054,119.767,12524.304,12642.9
1,73633743171,73633848906,73646059076,73646184388,125.312,12210.17,12315.905
2,73650851168,73650944350,73662736984,73662875838,138.854,11792.634,11885.816
0,73667807993,73667877219,73679399027,73679536840,137.813,11521.808,11591.034
1,73684719834,73684804107,73696069767,73696190579,120.812,11265.66,11349.933
2,73701777765,73701856754,73712732563,73712893417,160.854,10875.809,10954.798
0,73718705272,73718801078,73729414669,73729550609,135.94,10613.591,10709.397
1,73735864761,73735956726,73746067914,73746205584,137.67,10111.188,10203.153
2,73752821852,73752918195,73762726141,73762849320,123.179,9807.946,9904.289
0,73769889777,73769977116,73779397771,73779535679,137.908,9420.655,9507.994
1,73786936712,73787027861,73796057477,73796182205,124.728,9029.616,9120.765
2,73803869576,73803953282,73812728587,73812865978,137.391,8775.305,8859.011
0,73821006336,73821102604,73829429640,73829614778,185.138,8327.036,8423.304
1,73837895660,73837979642,73846068382,73846223033,154.651,8088.74,8172.722
2,73855138280,73855236920,73862729178,73862873151,143.973,7492.258,7590.898
0,73872170608,73872250713,73879387763,73879531401,143.638,7137.05,7217.155
1,73889366379,73889465387,73896082093,73896241119,159.026,6616.706,6715.714
2,73906234003,73906312427,73912737453,73912884477,147.024,6425.026,6503.45
0,73923462134,73923628361,73929403679,73929525474,121.795,5775.318,5941.545
1,73940391752,73940493400,73946070231,73946214066,143.835,5576.831,5678.479
2,73957518550,73957620641,73962737623,73962873905,136.282,5116.982,5219.073
0,73974563629,73974642486,73979387622,73979492572,104.95,4745.136,4823.993
0,73974563629,73974642486,73996056092,73996201913,145.821,21413.606,21492.463
1,73991706058,73991801644,74012775268,74012977141,201.873,20973.624,21069.21
2,74008705119,74008787224,74029456936,74030084587,627.651,20669.712,20751.817
0,74025905240,74025993339,74046144110,74046439605,295.495,20150.771,20238.87
1,74043227832,74043318718,74062729090,74062855372,126.282,19410.372,19501.258
2,74060233460,74060340638,74079407318,74079566279,158.961,19066.68,19173.858
0,74077336739,74077416522,74096062762,74096192853,130.091,18646.24,18726.023
1,74094571476,74094685560,74112733881,74112917047,183.166,18048.321,18162.405
2,74111480758,74111580000,74129397766,74129552558,154.792,17817.766,17917.008
0,74128607755,74128719332,74146064381,74146191829,127.448,17345.049,17456.626
1,74145645967,74145716782,74162740701,74162861448,120.747,17023.919,17094.734
2,74163150816,74163316113,74179398167,74179528658,130.491,16082.054,16247.351
0,74179576013,74179642475,74196064014,74196212587,148.573,16421.539,16488.001
1,74196712685,74196818258,74212736801,74212880430,143.629,15918.543,16024.116
2,74213571898,74213635932,74229392208,74229525612,133.404,15756.276,15820.31
0,74230635850,74230732271,74246066033,74246205392,139.359,15333.762,15430.183
1,74247651300,74247722393,74262740660,74262884727,144.067,15018.267,15089.36
2,74264740250,74264851310,74279401994,74279551460,149.466,14550.684,14661.744
0,74281791077,74281872560,74296067872,74296239543,171.671,14195.312,14276.795
1,74298816543,74298921524,74312746754,74312925354,178.6,13825.23,13930.211
2,74315515432,74315575888,74329403527,74329539594,136.067,13827.639,13888.095
0,74332523720,74332617856,74346088507,74346245498,156.991,13470.651,13564.787
1,74349719427,74349787695,74362735265,74362881229,145.964,12947.57,13015.838
2,74366635300,74366724753,74379412132,74379556425,144.293,12687.379,12776.832
0,74383876710,74383950930,74396080003,74396247788,167.785,12129.073,12203.293
1,74400815768,74400908536,74412744625,74412900803,156.178,11836.089,11928.857
2,74417887944,74417960448,74429401420,74429543261,141.841,11440.972,11513.476
0,74434995469,74435110444,74446062512,74446192969,130.457,10952.068,11067.043
1,74452099710,74452204186,74462727571,74462858822,131.251,10523.385,10627.861
2,74469209523,74469295526,74479410747,74479580051,169.304,10115.221,10201.224
0,74486319394,74486400937,74496066750,74496219668,152.918,9665.813,9747.356
1,74502966632,74503105225,74512722694,74512851814,129.12,9617.469,9756.062
2,74520263257,74520323452,74529419909,74529562829,142.92,9096.457,9156.652
0,74537217863,74537300519,74546097539,74546253921,156.382,8797.02,8879.676
1,74554508190,74554569304,74562729314,74562854766,125.452,8160.01,8221.124
2,74571786145,74571870870,74579425866,74579723311,297.445,7554.996,7639.721
0,74589080516,74589224406,74596077814,74596225372,147.558,6853.408,6997.298
1,74606426010,74606587882,74612749933,74612902658,152.725,6162.051,6323.923
2,74623026388,74623125107,74629416831,74629567922,151.091,6291.724,6390.443
0,74639963291,74640053926,74646082101,74646215277,133.176,6028.175,6118.81
0,74639963291,74640053926,74662722938,74662867176,144.238,22669.012,22759.647
1,74657007711,74657100902,74679397641,74679544403,146.762,22296.739,22389.93
2,74674369078,74674564598,74696075472,74696226055,150.583,21510.874,21706.394
0,74691370166,74691513819,74712720754,74712850152,129.398,21206.935,21350.588
1,74708528448,74708646678,74729392060,74729508719,116.659,20745.382,20863.612
2,74725472299,74725539133,74746050612,74746163737,113.125,20511.479,20578.313
0,74742609017,74742750651,74762730887,74762860702,129.815,19980.236,20121.87
1,74759450517,74759556259,74779397600,74779538639,141.039,19841.341,19947.083
2,74776798280,74776943161,74796071928,74796207065,135.137,19128.767,19273.648
0,74794042805,74794108390,74812729471,74812849193,119.722,18621.081,18686.666
1,74811371222,74811529332,74829386775,74829502436,115.661,17857.443,18015.553
2,74828204111,74828307042,74846051733,74846172531,120.798,17744.691,17847.622
0,74845654721,74845778552,74862718221,74862887213,168.992,16939.669,17063.5
1,74863480402,74863548914,74879398094,74879535448,137.354,15849.18,15917.692
2,74880171562,74880310382,74896105357,74896440640,335.283,15794.975,15933.795
0,74897171252,74897232444,74912770656,74913016479,245.823,15538.212,15599.404
1,74914257912,74914335840,74929432461,74929587298,154.837,15096.621,15174.549
2,74931289961,74931354010,74946077362,74946224155,146.793,14723.352,14787.401
0,74948308652,74948420280,74962734751,74962899228,164.477,14314.471,14426.099
1,74965537479,74965798450,74979398397,74979535354,136.957,13599.947,13860.918
2,74982656054,74982792424,74996051999,74996171135,119.136,13259.575,13395.945
0,75002246316,75002394867,75012746709,75012998019,251.31,10351.842,10500.393
1,75019618466,75019755643,75029396681,75029534496,137.815,9641.038,9778.215
2,75036934940,75037057346,75046063081,75046195720,132.639,9005.735,9128.141
0,75053852640,75053967016,75062775873,75062946610,170.737,8808.857,8923.233
1,75071067276,75071172576,75079395736,75079527983,132.247,8223.16,8328.46
2,75088251852,75088330324,75096064287,75096217669,153.382,7733.963,7812.435
0,75105725343,75105883896,75112728974,75112884250,155.276,6845.078,7003.631
0,75105725343,75105883896,75162729508,75162907157,177.649,56845.612,57004.165
1,75128475404,75128790085,75129395875,75129527137,131.262,605.79,920.471
1,75128475404,75128790085,75179400365,75179536714,136.349,50610.28,50924.961
2,75145098309,75145446801,75146080951,75146249649,168.698,634.15,982.642
2,75145098309,75145446801,75196074865,75196222484,147.619,50628.064,50976.556
0,75162782522,75163016584,75212750219,75212909299,159.08,49733.635,49967.697
1,75179523793,75179600301,75229462178,75229760737,298.559,49861.877,49938.385
2,75196429678,75196510750,75246065748,75246201949,136.201,49554.998,49636.07
0,75213492496,75213624479,75262721403,75262835659,114.256,49096.924,49228.907
1,75230559184,75230774256,75279395789,75279544192,148.403,48621.533,48836.605
2,75247490847,75247569992,75296053743,75296176400,122.657,48483.751,48562.896
0,75264363818,75264459200,75312751781,75312925796,174.015,48292.581,48387.963
1,75281549136,75281613717,75329415044,75329585632,170.588,47801.327,47865.908
2,75299042141,75299173908,75346056393,75346198942,142.549,46882.485,47014.252
0,75316009535,75316117503,75362726529,75362854859,128.33,46609.026,46716.994
1,75333898807,75334029484,75379393674,75379523369,129.695,45364.19,45494.867
2,75351493443,75351646870,75396088000,75396226193,138.193,44441.13,44594.557
0,75368559225,75368659543,75412762229,75412911049,148.82,44102.686,44203.004
0,75420110577,75420223683,75429422264,75429573309,151.045,9198.581,9311.687
1,75437367713,75437509559,75446077638,75446224183,146.545,8568.079,8709.925
2,75455683143,75455825693,75462741901,75462907044,165.143,6916.208,7058.758
0,75472646780,75472792985,75479408472,75479536071,127.599,6615.487,6761.692
1,75489332220,75489416940,75496063323,75496212443,149.12,6646.383,6731.103
2,75506533107,75506634358,75512727960,75512870934,142.974,6093.602,6194.853
0,75523580669,75523663832,75529393875,75529530533,136.658,5730.043,5813.206
1,75540832302,75540932589,75546093041,75546219032,125.991,5160.452,5260.739
2,75558079997,75558153234,75562725651,75562860306,134.655,4572.417,4645.654
2,75558079997,75558153234,75612729755,75612878869,149.114,54576.521,54649.758
0,75574996254,75575091331,75579390751,75579522268,131.517,4299.42,4394.497
0,75574996254,75575091331,75629391087,75629507614,116.527,54299.756,54394.833
1,75593586192,75593729182,75596097588,75596239860,142.272,2368.406,2511.396
1,75593586192,75593729182,75646056757,75646182708,125.951,52327.575,52470.565
2,75613354783,75613529578,75662736855,75662871987,135.132,49207.277,49382.072
0,75630740804,75630836422,75679398193,75679539186,140.993,48561.771,48657.389
1,75647596161,75647696284,75696062642,75696206393,143.751,48366.358,48466.481
2,75665486085,75665909700,75712737400,75712861314,123.914,46827.7,47251.315
0,75682274777,75682439902,75729402300,75729567164,164.864,46962.398,47127.523
1,75699219000,75699339172,75746089261,75746236993,147.732,46750.089,46870.261
2,75717988363,75718152914,75762735798,75762881065,145.267,44582.884,44747.435
0,75734823142,75734920540,75779399667,75779539857,140.19,44479.127,44576.525
1,75752245656,75752404872,75796079330,75796196901,117.571,43674.458,43833.674
2,75768997702,75769074711,75812725705,75812852552,126.847,43650.994,43728.003
0,75786417141,75786548282,75829387429,75829510826,123.397,42839.147,42970.288
1,75803278895,75803349429,75846073324,75846218526,145.202,42723.895,42794.429
2,75820359677,75820436363,75862741602,75862905028,163.426,42305.239,42381.925
0,75837240674,75837346522,75879419432,75879580006,160.574,42072.91,42178.758
1,75854467753,75854617744,75896082063,75896221313,139.25,41464.319,41614.31
2,75871636930,75871697895,75912734424,75912861718,127.294,41036.529,41097.494
0,75888961082,75889104288,75929399615,75929545392,145.777,40295.327,40438.533
1,75906190162,75906269579,75946069931,75946212116,142.185,39800.352,39879.769
2,75923438822,75923590525,75962727256,75962849238,121.982,39136.731,39288.434
0,75940280752,75940343715,75979399101,75979527567,128.466,39055.386,39118.349
1,75957176144,75957318671,75996102729,75996258683,155.954,38784.058,38926.585
2,75974241123,75974359582,76012727179,76012993689,266.51,38367.597,38486.056
0,75991467187,75991598873,76029401333,76029557853,156.52,37802.46,37934.146
1,76008638904,76008713323,76046138009,76046291839,153.83,37424.686,37499.105
2,76025604205,76025686300,76062722198,76062844971,122.773,37035.898,37117.993
0,76042881442,76042950782,76079418259,76079618205,199.946,36467.477,36536.817
1,76060217315,76060303562,76096071942,76096199082,127.14,35768.38,35854.627
2,76077075861,76077174261,76112744403,76112898579,154.176,35570.142,35668.542
0,76095550296,76095714430,76129522784,76129704976,182.192,33808.354,33972.488
0,76095550296,76095714430,76146065196,76146201371,136.175,50350.766,50514.9
1,76113317892,76113476333,76162768353,76162957335,188.982,49292.02,49450.461
2,76135601329,76135740639,76179401168,76179559557,158.389,43660.529,43799.839
0,76152685318,76152757243,76196061853,76196187062,125.209,43304.61,43376.535
1,76169422945,76169506910,76212717662,76212863835,146.173,43210.752,43294.717
2,76186568935,76186676754,76229402310,76229527658,125.348,42725.556,42833.375
0,76203413483,76203522121,76246067270,76246211797,144.527,42545.149,42653.787
1,76220552072,76220622554,76262742817,76262920835,178.018,42120.263,42190.745
2,76237471614,76237554446,76279404484,76279550304,145.82,41850.038,41932.87
0,76254531619,76254661239,76296075451,76296210536,135.085,41414.212,41543.832
1,76271612484,76271727562,76312737838,76312877205,139.367,41010.276,41125.354
2,76288544349,76288611912,76329402318,76329541080,138.762,40790.406,40857.969
0,76305797078,76305882399,76346065845,76346202024,136.179,40183.446,40268.767
1,76322851054,76322946590,76362720280,76362840319,120.039,39773.69,39869.226
2,76340276475,76340405300,76379404848,76379541066,136.218,38999.548,39128.373
0,76357271650,76357355757,76396091398,76396267033,175.635,38735.641,38819.748
1,76374220255,76374337175,76412747736,76412882987,135.251,38410.561,38527.481
2,76391570209,76391674773,76429408683,76429589414,180.731,37733.91,37838.474
0,76408598358,76408675918,76446059588,76446184434,124.846,37383.67,37461.23
1,76425353034,76425418638,76462746646,76462892262,145.616,37328.008,37393.612
2,76442804279,76442933622,76479404634,76479559773,155.139,36471.012,36600.355
0,76459808220,76459900657,76496079269,76496258530,179.261,36178.612,36271.049
1,76476846950,76477031758,76512794127,76512946800,152.673,35762.369,35947.177
2,76494031726,76494139886,76529397574,76529546511,148.937,35257.688,35365.848
0,76510726626,76510812617,76546064127,76546228860,164.733,35251.51,35337.501
1,76527753103,76527838264,76562733958,76562901647,167.689,34895.694,34980.855
2,76546829195,76547043207,76579393059,76579563276,170.217,32349.852,32563.864
0,76564032570,76564110208,76596143808,76596268417,124.609,32033.6,32111.238
1,76580892561,76580983461,76612752565,76612902050,149.485,31769.104,31860.004
2,76598552212,76598672754,76629404267,76629549001,144.734,30731.513,30852.055
0,76616454444,76616573865,76646053972,76646191952,137.98,29480.107,29599.528
1,76633693116,76633764313,76662750438,76662901335,150.897,28986.125,29057.322
2,76651382603,76651508372,76679388844,76679564302,175.458,27880.472,28006.241
0,76668837394,76668966862,76696071576,76696226135,154.559,27104.714,27234.182
1,76685836687,76685925671,76712735072,76712879202,144.13,26809.401,26898.385
2,76702802461,76702870313,76729406940,76729535478,128.538,26536.627,26604.479
0,76719971418,76720050007,76746052930,76746216635,163.705,26002.923,26081.512
1,76736921568,76736994130,76762727263,76762886315,159.052,25733.133,25805.695
2,76753874245,76753951574,76779405058,76779568694,163.636,25453.484,25530.813
0,76770896494,76771016741,76796059600,76796198505,138.905,25042.859,25163.106
1,76787917985,76788030160,76812728003,76812862892,134.889,24697.843,24810.018
2,76804912062,76804975235,76829408558,76829553273,144.715,24433.323,24496.496
0,76822036459,76822116149,76846068904,76846219867,150.963,23952.755,24032.445
1,76839084511,76839145794,76862733741,76862878181,144.44,23587.947,23649.23
2,76855891163,76856015759,76879399755,76879529324,129.569,23383.996,23508.592
0,76873172290,76873306936,76896105844,76896294166,188.322,22798.908,22933.554
0,76873172290,76873306936,76912746365,76912912052,165.687,39439.429,39574.075
1,76889792421,76889880027,76929402854,76929530436,127.582,39522.827,39610.433
2,76906939269,76907013111,76946073218,76946233873,160.655,39060.107,39133.949
0,76924223965,76924301620,76962729702,76962887133,157.431,38428.082,38505.737
1,76941665885,76941782123,76979390629,76979536025,145.396,37608.506,37724.744
2,76958142126,76958292363,76996067988,76996209283,141.295,37775.625,37925.862
0,76975137847,76975274546,77012728778,77012892641,163.863,37454.232,37590.931
1,76992431813,76992570605,77029399133,77029536780,137.647,36828.528,36967.32
2,77009567836,77009640731,77046084884,77046225529,140.645,36444.153,36517.048
0,77026634233,77026706351,77062735305,77062875484,140.179,36028.954,36101.072
1,77043790352,77043852972,77079398963,77079571551,172.588,35545.991,35608.611
2,77060832902,77060913044,77096065869,77096206159,140.29,35152.825,35232.967
0,77078022561,77078162483,77112778738,77112912693,133.955,34616.255,34756.177
1,77094596442,77094800166,77129410005,77129563325,153.32,34609.839,34813.563
2,77111522398,77111617818,77146080377,77146219491,139.114,34462.559,34557.979
0,77128861243,77129025492,77162733785,77162876532,142.747,33708.293,33872.542
1,77145778250,77145852492,77179396704,77179551071,154.367,33544.212,33618.454
2,77162848985,77162930644,77196086794,77196224989,138.195,33156.15,33237.809
0,77179660869,77179746921,77212741362,77212894910,153.548,32994.441,33080.493
1,77196841330,77196977184,77229397403,77229556958,159.555,32420.219,32556.073
2,77214377974,77214477853,77246067609,77246220657,153.048,31589.756,31689.635
0,77231419601,77231626674,77262767618,77262969429,201.811,31140.944,31348.017
1,77248344902,77248410555,77279400042,77279529894,129.852,30989.487,31055.14
2,77265565413,77265703599,77296071203,77296258029,186.826,30367.604,30505.79
0,77282202657,77282311973,77312746624,77312897014,150.39,30434.651,30543.967
1,77301581478,77301786032,77329403600,77329596267,192.667,27617.568,27822.122
2,77319411693,77319581755,77346054886,77346196763,141.877,26473.131,26643.193
0,77336739142,77336879059,77362796706,77362948731,152.025,25917.647,26057.564
1,77353474239,77353583835,77379397606,77379554528,156.922,25813.771,25923.367
2,77370559546,77370651540,77396095716,77396241197,145.481,25444.176,25536.17
0,77387503775,77387567974,77412735473,77412883036,147.563,25167.499,25231.698
1,77405607409,77405761222,77429433530,77429579919,146.389,23672.308,23826.121
2,77422175267,77422249927,77446064972,77446258170,193.198,23815.045,23889.705
0,77440448561,77440588521,77462779871,77462907470,127.599,22191.35,22331.31
1,77457395298,77457468987,77479404046,77479516651,112.605,21935.059,22008.748
2,77474554299,77474631834,77496072652,77496196956,124.304,21440.818,21518.353
0,77491477765,77491540814,77512741456,77512880412,138.956,21200.642,21263.691
1,77508866904,77508945220,77529395749,77529563270,167.521,20450.529,20528.845
2,77526232970,77526325732,77546061612,77546180696,119.084,19735.88,19828.642
0,77543170436,77543276806,77562723055,77562807423,84.368,19446.249,19552.619
1,77560494534,77560558135,77579449571,77579609618,160.047,18891.436,18955.037
2,77577546064,77577628503,77596059620,77596192363,132.743,18431.117,18513.556
0,77594772485,77594850704,77612726986,77612888510,161.524,17876.282,17954.501
1,77612858516,77613048921,77629429823,77629679419,249.596,16380.902,16571.307
1,77612858516,77613048921,77646095207,77646310877,215.67,33046.286,33236.691
2,77630359441,77630492686,77662717725,77662829434,111.709,32225.039,32358.284
0,77646922072,77647020446,77679430627,77679560438,129.811,32410.181,32508.555
1,77663625605,77663699865,77696068496,77696199395,130.899,32368.631,32442.891
2,77681315053,77681418409,77712721894,77712835485,113.591,31303.485,31406.841
0,77698563115,77698673859,77729403909,77729556323,152.414,30730.05,30840.794
1,77715282555,77715379281,77746063310,77746196117,132.807,30684.029,30780.755
2,77732463456,77732554694,77762723472,77762835432,111.96,30168.778,30260.016
0,77749241807,77749381519,77779384753,77779523532,138.779,30003.234,30142.946
1,77766474327,77766662137,77796073510,77796168744,95.234,29411.373,29599.183
2,77783405913,77783531787,77812722095,77812854941,132.846,29190.308,29316.182
0,77802760350,77802877992,77829389725,77829516880,127.155,26511.733,26629.375
1,77819744809,77819867721,77846071907,77846197691,125.784,26204.186,26327.098
2,77836829345,77836949005,77862730309,77862875800,145.491,25781.304,25900.964
0,77854015107,77854133495,77879384034,77879515064,131.03,25250.539,25368.927
1,77871030208,77871106406,77896086591,77896190631,104.04,24980.185,25056.383
2,77888319135,77888413071,77912747501,77912877917,130.416,24334.43,24428.366
0,77905701234,77905771498,77929401790,77929498783,96.993,23630.292,23700.556
1,77922580185,77922661079,77946060488,77946198959,138.471,23399.409,23480.303
2,77939680213,77939743184,77962721345,77962847335,125.99,22978.161,23041.132
0,77956678682,77956821015,77979388483,77979522438,133.955,22567.468,22709.801
1,77973816734,77973925540,77996068347,77996216930,148.583,22142.807,22251.613
2,77990844705,77990977482,78012732828,78012833070,100.242,21755.346,21888.123
0,78007638041,78007723906,78029403584,78029539932,136.348,21679.678,21765.543
1,78024939675,78025019093,78046071319,78046208123,136.804,21052.226,21131.644
2,78041919713,78041994534,78062728159,78062850024,121.865,20733.625,20808.446
0,78059107510,78059318141,78079390992,78079575587,184.595,20072.851,20283.482
1,78076086134,78076150882,78096069767,78096265708,195.941,19918.885,19983.633
2,78093380528,78093454351,78112746385,78112909700,163.315,19292.034,19365.857
0,78113779634,78113903220,78129397308,78129536637,139.329,15494.088,15617.674
1,78131233782,78131385802,78146055132,78146169444,114.312,14669.33,14821.35
2,78147805880,78147888544,78162731840,78162860336,128.496,14843.296,14925.96
0,78165025092,78165148778,78179389783,78179505265,115.482,14241.005,14364.691
1,78182067516,78182140202,78196063109,78196238099,174.99,13922.907,13995.593
2,78199332693,78199433223,78212744311,78212859659,115.348,13311.088,13411.618
0,78216301663,78216416843,78229417493,78229625640,208.147,13000.65,13115.83
1,78233950049,78234090063,78246096368,78246235615,139.247,12006.305,12146.319
2,78250879963,78250999169,78262737185,78262885931,148.746,11738.016,11857.222
0,78269649498,78269787012,78279398141,78279557457,159.316,9611.129,9748.643
1,78286600814,78286677702,78296063822,78296205607,141.785,9386.12,9463.008
2,78303662404,78303757993,78312724501,78312892827,168.326,8966.508,9062.097
0,78320598682,78320665879,78329418681,78329550327,131.646,8752.802,8819.999
1,78337582121,78337696231,78346059191,78346146932,87.741,8362.96,8477.07
2,78354765940,78354833802,78362727912,78362842056,114.144,7894.11,7961.972
0,78371671663,78371761271,78379402959,78379533820,130.861,7641.688,7731.296
0,78371671663,78371761271,78396093981,78396224181,130.2,24332.71,24422.318
1,78388709561,78388778445,78412726875,78412818126,91.251,23948.43,24017.314
2,78405679473,78405756980,78429413684,78429512061,98.377,23656.704,23734.211
0,78422700612,78422766709,78446069007,78446160337,91.33,23302.298,23368.395
1,78439718355,78439793422,78462740811,78462853056,112.245,22947.389,23022.456
2,78456775708,78456841746,78479393305,78479517705,124.4,22551.559,22617.597
0,78473910089,78473985475,78496065408,78496180080,114.672,22079.933,22155.319
1,78491092278,78491165780,78512730172,78512832122,101.95,21564.392,21637.894
2,78508294457,78508371652,78529423128,78529543629,120.501,21051.476,21128.671
0,78525336259,78525401838,78546073216,78546165853,92.637,20671.378,20736.957
1,78542626592,78542722491,78562737579,78562949396,211.817,20015.088,20110.987
2,78559523383,78559595437,78579422674,78579570434,147.76,19827.237,19899.291
0,78576520096,78576595495,78596088957,78596234684,145.727,19493.462,19568.861
1,78593619215,78593686950,78612736489,78612845091,108.602,19049.539,19117.274
2,78612867959,78613014220,78629388201,78629491418,103.217,16373.981,16520.242
0,78629503974,78629600516,78646069018,78646228775,159.757,16468.502,16565.044
1,78646761008,78646889992,78662727459,78662814844,87.385,15837.467,15966.451
2,78663956961,78664051647,78679400424,78679557047,156.623,15348.777,15443.463
0,78680856374,78680958313,78696055472,78696219033,163.561,15097.159,15199.098
1,78698249377,78698356941,78712729821,78712813607,83.786,14372.88,14480.444
2,78715203770,78715314501,78729399683,78729511076,111.393,14085.182,14195.913
0,78732270721,78732379577,78746062395,78746214758,152.363,13682.818,13791.674
1,78750932315,78751147487,78762766540,78762872550,106.01,11619.053,11834.225
2,78766314845,78766402448,78779563930,78779671679,107.749,13161.482,13249.085
0,78783376066,78783467194,78796070377,78796234566,164.189,12603.183,12694.311
1,78800469336,78800588924,78812725986,78812875289,149.303,12137.062,12256.65
2,78817417842,78817501901,78829384060,78829461496,77.436,11882.159,11966.218
0,78834683139,78834791444,78846069746,78846208285,138.539,11278.302,11386.607
1,78851941862,78852068300,78862744517,78862861042,116.525,10676.217,10802.655
2,78868536951,78868608885,78879393855,78879556917,163.062,10784.97,10856.904
0,78886734989,78886861779,78896067779,78896156621,88.842,9206.0,9332.79
1,78903496408,78903571920,78912730253,78912827981,97.728,9158.333,9233.845
2,78920606600,78920705780,78929403743,78929500013,96.27,8697.963,8797.143
0,78937766009,78937838052,78946065227,78946153663,88.436,8227.175,8299.218
1,78954811867,78954897767,78962741299,78962912327,171.028,7843.532,7929.432
2,78971807244,78971912370,78979394996,78979502560,107.564,7482.626,7587.752
0,78989098198,78989211425,78996052490,78996184091,131.601,6841.065,6954.292
1,79005849300,79005914954,79012720605,79012840956,120.351,6805.651,6871.305
2,79023026709,79023116463,79029392582,79029584505,191.923,6276.119,6365.873
0,79039996266,79040077022,79046069487,79046212377,142.89,5992.465,6073.221
1,79057036231,79057124400,79062796575,79062899569,102.994,5672.175,5760.344
2,79074483679,79074592910,79079637100,79079756478,119.378,5044.19,5153.421
2,79074483679,79074592910,79096077363,79096230116,152.753,21484.453,21593.684
0,79091483990,79091573923,79112740920,79112857530,116.61,21166.997,21256.93
1,79109179538,79109312494,79129396248,79129519185,122.937,20083.754,20216.71
2,79125917539,79126062958,79146063681,79146212490,148.809,20000.723,20146.142
0,79142858973,79142951412,79162758735,79162957342,198.607,19807.323,19899.762
1,79159789488,79159874781,79179384774,79179528963,144.189,19509.993,19595.286
2,79177201236,79177258485,79196066122,79196163814,97.692,18807.637,18864.886
0,79194144659,79194230423,79212746015,79212911850,165.835,18515.592,18601.356
1,79211305347,79211364949,79229397300,79229499107,101.807,18032.351,18091.953
2,79228852121,79228931995,79246066881,79246245251,178.37,17134.886,17214.76
0,79245858480,79245931172,79262764531,79262900059,135.528,16833.359,16906.051
1,79262758962,79262909817,79279397480,79279490750,93.27,16487.663,16638.518
2,79280191149,79280286938,79296072749,79296276531,203.782,15785.811,15881.6
0,79297236429,79297357976,79312792963,79312918420,125.457,15434.987,15556.534
1,79314268312,79314402313,79329405984,79329500313,94.329,15003.671,15137.672
2,79331053723,79331135555,79346066279,79346180529,114.25,14930.724,15012.556
0,79348358996,79348496360,79362731173,79362876598,145.425,14234.813,14372.177
1,79365020029,79365122744,79379404165,79379615846,211.681,14281.421,14384.136
2,79382121259,79382182728,79396077812,79396198797,120.985,13895.084,13956.553
0,79399564582,79399695588,79412748959,79412851568,102.609,13053.371,13184.377
1,79416457565,79416545672,79429392373,79429476677,84.304,12846.701,12934.808
2,79433530235,79433620383,79446062741,79446154280,91.539,12442.358,12532.506
0,79450553863,79450694091,79462741568,79462840883,99.315,12047.477,12187.705
1,79467564751,79467707454,79479406380,79479505797,99.417,11698.926,11841.629
2,79484365547,79484526150,79496054874,79496170588,115.714,11528.724,11689.327
0,79501587542,79501746140,79512731370,79512918342,186.972,10985.23,11143.828
1,79518146294,79518220891,79529414925,79529600429,185.504,11194.034,11268.631
2,79535157026,79535288349,79546060469,79546150551,90.082,10772.12,10903.443
0,79552423361,79552535196,79562727887,79562824225,96.338,10192.691,10304.526
1,79569671284,79569820290,79579419097,79579517916,98.819,9598.807,9747.813
2,79586763346,79586880583,79596053867,79596176654,122.787,9173.284,9290.521
0,79604080807,79604231408,79612741485,79612892045,150.56,8510.077,8660.678
1,79620848773,79620966047,79629404862,79629498030,93.168,8438.815,8556.089
2,79637653370,79637760560,79646067109,79646166465,99.356,8306.549,8413.739
0,79654919084,79655041821,79662724166,79662897823,173.657,7682.345,7805.082
1,79671958052,79672075910,79679387847,79679483473,95.626,7311.937,7429.795
2,79688925860,79688998442,79696067073,79696187415,120.342,7068.631,7141.213
0,79705843000,79705915926,79712764792,79712977135,212.343,6848.866,6921.792
1,79723036244,79723108045,79729387017,79729505625,118.608,6278.972,6350.773
2,79740282817,79740358128,79746077644,79746219930,142.286,5719.516,5794.827
0,79757342527,79757404318,79762726272,79762818871,92.599,5321.954,5383.745
1,79774497790,79774650086,79779399015,79779489134,90.119,4748.929,4901.225
2,79791379182,79791446689,79796059927,79796182345,122.418,4613.238,4680.745
0,79808759912,79808845187,79812739176,79812861283,122.107,3893.989,3979.264
0,79808759912,79808845187,79829396509,79829508436,111.927,20551.322,20636.597
1,79825622941,79825691001,79846079449,79846247760,168.311,20388.448,20456.508
2,79842374178,79842454352,79862720035,79862834313,114.278,20265.683,20345.857
0,79859368168,79859436927,79879418256,79879622704,204.448,19981.329,20050.088
1,79876613224,79876690323,79896150550,79896280544,129.994,19460.227,19537.326
2,79893580837,79893651966,79912751348,79912934669,183.321,19099.382,19170.511
0,79910839973,79910930624,79929387116,79929499431,112.315,18456.492,18547.143
1,79927747446,79927891339,79946059763,79946228351,168.588,18168.424,18312.317
2,79945366476,79945462665,79962758801,79962891872,133.071,17296.136,17392.325
0,79962377093,79962460171,79979402117,79979551222,149.105,16941.946,17025.024
1,79979060254,79979158992,79996054076,79996197503,143.427,16895.084,16993.822
2,79996173910,79996261041,80012732815,80012900307,167.492,16471.774,16558.905
0,80013420235,80013511477,80029416990,80029559323,142.333,15905.513,15996.755
1,80030733434,80030842878,80046078289,80046228088,149.799,15235.411,15344.855
2,80047444010,80047545898,80062747965,80062879454,131.489,15202.067,15303.955
0,80064589174,80064655964,80079415450,80079582766,167.316,14759.486,14826.276
1,80081908033,80082127667,80096077576,80096227498,149.922,13949.909,14169.543
2,80098805401,80098930998,80112735102,80112866134,131.032,13804.104,13929.701
0,80119758236,80119896137,80129406122,80129569591,163.469,9509.985,9647.886
1,80136903880,80136991527,80146071574,80146184819,113.245,9080.047,9167.694
2,80153829349,80153925263,80162735341,80162942522,207.181,8810.078,8905.992
0,80170860334,80170920948,80179419111,80179607079,187.968,8498.163,8558.777
1,80187913862,80188013332,80196066652,80196215074,148.422,8053.32,8152.79
2,80204680930,80204773085,80212748416,80212857495,109.079,7975.331,8067.486
0,80221861205,80221946106,80229396824,80229548334,151.51,7450.718,7535.619
1,80238744561,80238807590,80246052604,80246176683,124.079,7245.014,7308.043
2,80255866383,80255960048,80262735090,80262878811,143.721,6775.042,6868.707
0,80276520792,80276650713,80279405186,80279514127,108.941,2754.473,2884.394
1,80293246274,80293317304,80296066602,80296195804,129.202,2749.298,2820.328
2,80310465579,80310529222,80312729437,80312809817,80.38,2200.215,2263.858
0,80327845210,80327949706,80329400871,80329551657,150.786,1451.165,1555.661
0,80327845210,80327949706,80379402511,80379524773,122.262,51452.805,51557.301
1,80345472131,80345616146,80346078787,80346195127,116.34,462.641,606.656
1,80345472131,80345616146,80396081677,80396206105,124.428,50465.531,50609.546
2,80362340620,80362419413,80362744799,80362859407,114.608,325.386,404.179
2,80362340620,80362419413,80412768719,80412974525,205.806,50349.306,50428.099
0,80379490418,80379614435,80429392201,80429519706,127.505,49777.766,49901.783
1,80396766064,80396844317,80446056516,80446173640,117.124,49212.199,49290.452
2,80414146003,80414244814,80462726750,80462842037,115.287,48481.936,48580.747
0,80430814923,80430970626,80479387726,80479501335,113.609,48417.1,48572.803
1,80447853140,80447959461,80496108347,80496234752,126.405,48148.886,48255.207
2,80464948347,80465027001,80512744480,80512853953,109.473,47717.479,47796.133
0,80482157533,80482222661,80529402606,80529535133,132.527,47179.945,47245.073
1,80499548283,80499629540,80546097958,80546251718,153.76,46468.418,46549.675
2,80516853824,80516919559,80562733053,80562839461,106.408,45813.494,45879.229
2,80568382575,80568462716,80579405562,80579536654,131.092,10942.846,11022.987
0,80585314860,80585396841,80596054006,80596238353,184.347,10657.165,10739.146
1,80603266515,80603430273,80612750421,80612887972,137.551,9320.148,9483.906
2,80620183097,80620534850,80629389617,80629472828,83.211,8854.767,9206.52
0,80638391794,80638566547,80646089456,80646249995,160.539,7522.909,7697.662
1,80655561563,80655650947,80662718635,80662923281,204.646,7067.688,7157.072
2,80672860729,80672953137,80679384684,80679504707,120.023,6431.547,6523.955
0,80690048754,80690198475,80696078371,80696276785,198.414,5879.896,6029.617
1,80707188828,80707285328,80712744193,80712892782,148.589,5458.865,5555.365
2,80724304426,80724384481,80729408353,80729513548,105.195,5023.872,5103.927
0,80741627269,80741718919,80746084678,80746223301,138.623,4365.759,4457.409
1,80758756389,80758891149,80762733363,80762849055,115.692,3842.214,3976.974
2,80775911110,80776052261,80779384771,80779508825,124.054,3332.51,3473.661
0,80792707699,80792778501,80796049101,80796156891,107.79,3270.6,3341.402
1,80809830784,80809933476,80812722067,80812884662,162.595,2788.591,2891.283
2,80826864859,80826943767,80829407511,80829507011,99.5,2463.744,2542.652
0,80844211634,80844387764,80846067195,80846239705,172.51,1679.431,1855.561
0,80844211634,80844387764,80896079081,80896294994,215.913,51691.317,51867.447
1,80861335403,80861407671,80862720890,80862835227,114.337,1313.219,1385.487
1,80861335403,80861407671,80912750117,80912874164,124.047,51342.446,51414.714
2,80879055343,80879166995,80879384307,80879496650,112.343,217.312,328.964
2,80879055343,80879166995,80929387938,80929503314,115.376,50220.943,50332.595
0,80896201455,80896298693,80946066737,80946161467,94.73,49768.044,49865.282
1,80912994369,80913091111,80962750377,80962881517,131.14,49659.266,49756.008
2,80930028284,80930134340,80979385794,80979564157,178.363,49251.454,49357.51
0,80946736968,80946871679,80996061992,80996197180,135.188,49190.313,49325.024
1,80963783691,80963925738,81012814260,81012981754,167.494,48888.522,49030.569
2,80980798799,80980893973,81029401759,81029512629,110.87,48507.786,48602.96
0,80997742377,80997815921,81046086682,81046232044,145.362,48270.761,48344.305
1,81015315244,81015468323,81062763217,81062884307,121.09,47294.894,47447.973
2,81032351815,81032493086,81079401101,81079521278,120.177,46908.015,47049.286
0,81049069463,81049175625,81096056124,81096206805,150.681,46880.499,46986.661
1,81067574336,81067683645,81112774345,81112963247,188.902,45090.7,45200.009
2,81085375762,81085529041,81129411949,81129567258,155.309,43882.908,44036.187
0,81102919485,81103058266,81146080927,81146219952,139.025,43022.661,43161.442
1,81119281300,81119376408,81162758507,81162913712,155.205,43382.099,43477.207
2,81136379976,81136462062,81179388519,81179508935,120.416,42926.457,43008.543
0,81153660724,81153806585,81196061846,81196193663,131.817,42255.261,42401.122
1,81170495899,81170585012,81212724377,81212848293,123.916,42139.365,42228.478
2,81187642993,81187751988,81229404993,81229504442,99.449,41653.005,41762.0
2,81239139911,81239218358,81246068371,81246242620,174.249,6850.013,6928.46
0,81256039539,81256129713,81262736970,81262922218,185.248,6607.257,6697.431
1,81273065618,81273144699,81279433280,81279597051,163.771,6288.581,6367.662
2,81290450570,81290605540,81296061939,81296266606,204.667,5456.399,5611.369
0,81307552445,81307651400,81312728296,81313003741,275.445,5076.896,5175.851
1,81324853312,81324972037,81329424591,81329528987,104.396,4452.554,4571.279
2,81342091903,81342193069,81346081164,81346197943,116.779,3888.095,3989.261
0,81359190983,81359318826,81362723563,81362825869,102.306,3404.737,3532.58
1,81376535323,81376639302,81379434055,81379646842,212.787,2794.753,2898.732
2,81393591800,81393680901,81396074540,81396314317,239.777,2393.639,2482.74
0,81411031290,81411364393,81412744563,81412910297,165.734,1380.17,1713.273
1,81427621850,81427782504,81429424515,81429533651,109.136,1642.011,1802.665
2,81444634027,81444717795,81446073991,81446217408,143.417,1356.196,1439.964
0,81461560518,81461994834,81462744586,81462867645,123.059,749.752,1184.068
0,81461560518,81461994834,81512720867,81512841905,121.038,50726.033,51160.349
1,81478823633,81478952493,81479412513,81479569965,157.452,460.02,588.88
1,81478823633,81478952493,81529404713,81529512194,107.481,50452.22,50581.08
2,81495490332,81495625793,81496078960,81496167030,88.07,453.167,588.628
2,81495490332,81495625793,81546062334,81546218095,155.761,50436.541,50572.002
0,81512989642,81513143710,81562726450,81562925759,199.309,49582.74,49736.808
1,81529436036,81529539629,81579395168,81579576843,181.675,49855.539,49959.132
2,81546759144,81547074880,81596083961,81596235320,151.359,49009.081,49324.817
0,81563782452,81563941703,81612727895,81612909150,181.255,48786.192,48945.443
1,81580992186,81581121330,81629389402,81629508086,118.684,48268.072,48397.216
2,81599765155,81599925630,81646082763,81646240105,157.342,46157.133,46317.608
0,81616518280,81616617549,81662723438,81662837544,114.106,46105.889,46205.158
1,81633707785,81633828588,81679399238,81679589921,190.683,45570.65,45691.453
2,81650374265,81650454760,81696063396,81696210619,147.223,45608.636,45689.131
0,81668953211,81669087656,81712795427,81712940070,144.643,43707.771,43842.216
1,81685821121,81685930449,81729390643,81729510202,119.559,43460.194,43569.522
2,81703601400,81703746068,81746069804,81748072722,2002.918,42323.736,42468.404
0,81720758104,81720904388,81762719655,81762879646,159.991,41815.267,41961.551
1,81737827297,81738018553,81779512631,81779591134,78.503,41494.078,41685.334
2,81754509394,81754605360,81796063255,81796268586,205.331,41457.895,41553.861
0,81771535194,81771625266,81812810585,81812966540,155.955,41185.319,41275.391
1,81788268864,81788344601,81829392618,81829492770,100.152,41048.017,41123.754
2,81805693726,81805811125,81846514615,81846596944,82.329,40703.49,40820.889
0,81822977888,81823061251,81862718905,81862822435,103.53,39657.654,39741.017
1,81840253107,81840360458,81879398008,81879505053,107.045,39037.55,39144.901
2,81857334113,81857420836,81896080849,81896179382,98.533,38660.013,38746.736
0,81874441097,81874530416,81912720260,81912842469,122.209,38189.844,38279.163
1,81891679497,81891759090,81929413292,81929509758,96.466,37654.202,37733.795
2,81908934423,81909044824,81946102519,81946237054,134.535,37057.695,37168.096
2,81908934423,81909044824,81962751599,81962931454,179.855,53706.775,53817.176
0,81926120558,81926211026,81979410473,81979530161,119.688,53199.447,53289.915
1,81943593251,81943752349,81996070383,81996173910,103.527,52318.034,52477.132
2,81963968673,81964108710,82012722950,82012813440,90.49,48614.24,48754.277
0,81980390467,81980492961,82029419129,82029543519,124.39,48926.168,49028.662
1,81997409083,81997486877,82046073521,82046278589,205.068,48586.644,48664.438
2,82014787028,82014909427,82062721537,82062813550,92.013,47812.11,47934.509
0,82032069996,82032200067,82079403295,82079544561,141.266,47203.228,47333.299
1,82048924735,82049080795,82096062471,82096180631,118.16,46981.676,47137.736
2,82066300192,82066457932,82112758705,82112881220,122.515,46300.773,46458.513
0,82083116947,82083215237,82129400813,82129562269,161.456,46185.576,46283.866
1,82102289367,82102442823,82146077736,82146175695,97.959,43634.913,43788.369
2,82118638132,82118781189,82162722816,82162809226,86.41,43941.627,44084.684
0,82137953586,82138079585,82179411652,82179525174,113.522,41332.067,41458.066
1,82155052540,82155165480,82196050679,82196175544,124.865,40885.199,40998.139
2,82172081731,82172180054,82212719056,82212838801,119.745,40539.002,40637.325
0,82189092344,82189186395,82229391370,82229492068,100.698,40204.975,40299.026
1,82206206626,82206294698,82246093130,82246227713,134.583,39798.432,39886.504
2,82223230381,82223319456,82262734439,82262873389,138.95,39414.983,39504.058
0,82240232038,82240336088,82279446657,82279580984,134.327,39110.569,39214.619
1,82257367012,82257527296,82296081489,82296201003,119.514,38554.193,38714.477
2,82274388885,82274498213,82312729245,82312819737,90.492,38231.032,38340.36
0,82291056578,82291153968,82329388315,82329470421,82.106,38234.347,38331.737
1,82308247145,82308329744,82346078600,82346250268,171.668,37748.856,37831.455
2,82325446085,82325532265,82362734292,82362826053,91.761,37202.027,37288.207
0,82342583457,82342671947,82379393836,82379494986,101.15,36721.889,36810.379
1,82359492109,82359639642,82396108033,82396236199,128.166,36468.391,36615.924
2,82376513247,82376612564,82412738712,82412825454,86.742,36126.148,36225.465
0,82393456712,82393559491,82429473651,82429589932,116.281,35914.16,36016.939
1,82410542073,82410634760,82446176383,82446327898,151.515,35541.623,35634.31
2,82427695863,82427790005,82462767496,82462941202,173.706,34977.491,35071.633
0,82444575370,82444657760,82479396803,82479520308,123.505,34739.043,34821.433
1,82461941378,82462018666,82496067485,82496212538,145.053,34048.819,34126.107
2,82479831221,82479970928,82512752168,82512889773,137.605,32781.24,32920.947
0,82496741659,82496895733,82529399834,82529505013,105.179,32504.101,32658.175
1,82513132269,82513195346,82546108257,82546275928,167.671,32912.911,32975.988
2,82530251363,82530333999,82562738323,82562944464,206.141,32404.324,32486.96
0,82547351314,82547427121,82579403230,82579556465,153.235,31976.109,32051.916
1,82564637797,82564773259,82596074899,82596242385,167.486,31301.64,31437.102
2,82581664651,82581735001,82612732553,82612873717,141.164,30997.552,31067.902
0,82599343001,82599534895,82629413747,82629538836,125.089,29878.852,30070.746
1,82616199592,82616286340,82646082645,82646235592,152.947,29796.305,29883.053
2,82633210146,82633319994,82667884745,82668019223,134.478,34564.751,34674.599
0,82650308759,82650394139,82679838758,82679971211,132.453,29444.619,29529.999
0,82650308759,82650394139,82700336647,82700423036,86.389,49942.508,50027.888
2,82684293608,82684358486,82714231127,82714327040,95.913,29872.641,29937.519
0,82701689808,82701851671,82729406236,82729532924,126.688,27554.565,27716.428
0,82701689808,82701851671,82746056023,82746172040,116.017,44204.352,44366.215
1,82718850501,82718992321,82762730682,82762865521,134.839,43738.361,43880.181
2,82735803692,82735913383,82779413739,82779648664,234.925,43500.356,43610.047
0,82752957524,82753032215,82798479001,82798586482,107.481,45446.786,45521.477
1,82769924136,82770059919,82816321679,82816408180,86.501,46261.76,46397.543
0,82804204806,82804336517,82839092244,82839175603,83.359,34755.727,34887.438
1,82821134694,82821266482,82847146384,82847240969,94.585,25879.902,26011.69
1,82821134694,82821266482,82863476920,82863569928,93.008,42210.438,42342.226
2,82837927978,82838036776,82879463771,82879713936,250.165,41426.995,41535.793
0,82855137876,82855214577,82896083704,82896249838,166.134,40869.127,40945.828
1,82872144355,82872230766,82912740368,82912889873,149.505,40509.602,40596.013
2,82889538603,82889700382,82929422539,82929601812,179.273,39722.157,39883.936
0,82906414002,82906518836,82946070353,82946258583,188.23,39551.517,39656.351
1,82923437500,82923535467,82962745499,82962923248,177.749,39210.032,39307.999
2,82940505076,82940609644,82979397258,82979573887,176.629,38787.614,38892.182
0,82957753546,82957839643,82996080277,82996226894,146.617,38240.634,38326.731
1,82974647805,82974737879,83012723393,83012877255,153.862,37985.514,38075.588
2,82991842302,82991914806,83029396546,83029562688,166.142,37481.74,37554.244
0,83008635060,83008728945,83046063809,83046215867,152.058,37334.864,37428.749
1,83025937736,83026031519,83062753207,83062995664,242.457,36721.688,36815.471
2,83042837781,83042943183,83079404406,83079529166,124.76,36461.223,36566.625
0,83060197880,83060276269,83096070853,83096264218,193.365,35794.584,35872.973
1,83077272248,83077394932,83112758697,83112949661,190.964,35363.765,35486.449
2,83097294499,83097415538,83129416741,83129583224,166.483,32001.203,32122.242
0,83111482259,83111630309,83146058351,83146175060,116.709,34428.042,34576.092
1,83128698182,83128833718,83162732366,83162907187,174.821,33898.648,34034.184
2,83145580083,83145683674,83179389988,83179557456,167.468,33706.314,33809.905
0,83162530974,83162624763,83196065411,83196243679,178.268,33440.648,33534.437
1,83179586134,83179821625,83212738026,83212921552,183.526,32916.401,33151.892
2,83196156737,83196226481,83229405618,83229580225,174.607,33179.137,33248.881
0,83213271631,83213374570,83246054692,83246172251,117.559,32680.122,32783.061
1,83230511958,83230628598,83262745704,83262934561,188.857,32117.106,32233.746
2,83247661903,83247822769,83279391247,83279512483,121.236,31568.478,31729.344
0,83264509070,83264598982,83296078939,83296259852,180.913,31479.957,31569.869
1,83281573452,83281679147,83312753457,83312936062,182.605,31074.31,31180.005
2,83298892967,83299025628,83329414686,83329598671,183.985,30389.058,30521.719
0,83315792741,83315938510,83346066645,83346211566,144.921,30128.135,30273.904
1,83332970656,83333096964,83362765340,83362928020,162.68,29668.376,29794.684
2,83349797040,83349964562,83379404237,83379641202,236.965,29439.675,29607.197
0,83366524341,83366634420,83396134826,83396312281,177.455,29500.406,29610.485
0,83366524341,83366634420,83412750736,83413060423,309.687,46116.316,46226.395
1,83383534419,83383647354,83429417678,83429622769,205.091,45770.324,45883.259
2,83400327707,83400438293,83446067240,83446199341,132.101,45628.947,45739.533
0,83417376004,83417512731,83462725474,83462882271,156.797,45212.743,45349.47
1,83434071210,83434146841,83479409455,83479588892,179.437,45262.614,45338.245
2,83451234378,83451385244,83496057932,83496246248,188.316,44672.688,44823.554
0,83468126942,83468207323,83512722823,83512859109,136.286,44515.5,44595.881
1,83484806543,83484896865,83529402110,83529565088,162.978,44505.245,44595.567
2,83501913629,83501993579,83546075229,83546338793,263.564,44081.65,44161.6
0,83518863470,83518948681,83562758906,83562889829,130.923,43810.225,43895.436
1,83535871778,83535943633,83579388987,83579512870,123.883,43445.354,43517.209
2,83553036594,83553123595,83596059334,83596185535,126.201,42935.739,43022.74
0,83570366334,83570503938,83612730559,83612904146,173.587,42226.621,42364.225
1,83587431602,83587539816,83629410459,83629536496,126.037,41870.643,41978.857
2,83604793249,83604945753,83646071842,83646235896,164.054,41126.089,41278.593
0,83621827585,83621992813,83662727560,83662902027,174.467,40734.747,40899.975
1,83639001170,83639135337,83679397430,83679590080,192.65,40262.093,40396.26
2,83655832167,83655937824,83696056931,83696208603,151.672,40119.107,40224.764
0,83673198889,83673344420,83712724783,83712901624,176.841,39380.363,39525.894
1,83690180395,83690300920,83729413002,83729607399,194.397,39112.082,39232.607
2,83707127326,83707217474,83746099898,83746299860,199.962,38882.424,38972.572
0,83724208294,83724305936,83762739044,83762883344,144.3,38433.108,38530.75
1,83741561637,83741651670,83779397753,83779542575,144.822,37746.083,37836.116
2,83758455094,83758549951,83796063453,83796214010,150.557,37513.502,37608.359
0,83775596495,83775672552,83812726281,83812876032,149.751,37053.729,37129.786
1,83792444166,83792549614,83829384540,83829495546,111.006,36834.926,36940.374
2,83809495969,83809574864,83846062196,83846206520,144.324,36487.332,36566.227
0,83826608735,83826704217,83862737017,83862880581,143.564,36032.8,36128.282
1,83843667209,83843742251,83879393194,83879571397,178.203,35650.943,35725.985
2,83860855237,83860940356,83896080189,83896228171,147.982,35139.833,35224.952
0,83877833768,83877905749,83912736204,83912884461,148.257,34830.455,34902.436
1,83894798533,83894928268,83929393846,83929523433,129.587,34465.578,34595.313
2,83911921044,83911987718,83946076626,83946220876,144.25,34088.908,34155.582
0,83928659467,83928735445,83962748398,83962916163,167.765,34012.953,34088.931
1,83945903047,83945978589,83979398088,83979540296,142.208,33419.499,33495.041
2,83963178503,83963355595,83996056969,83996181410,124.441,32701.374,32878.466
0,83979936686,83980020969,84012722454,84012846982,124.528,32701.485,32785.768
1,83997038138,83997132779,84029397680,84029653972,256.292,32264.901,32359.542
2,84014064733,84014145601,84046061400,84046225778,164.378,31915.799,31996.667
0,84031050038,84031135533,84062790573,84063009898,219.325,31655.04,31740.535
1,84048137667,84048204990,84079407208,84079594577,187.369,31202.218,31269.541
2,84065048059,84065163125,84096058483,84096178421,119.938,30895.358,31010.424
2,84065048059,84065163125,84112757518,84112976428,218.91,47594.393,47709.459
0,84082271286,84082349502,84129407491,84129565555,158.064,47057.989,47136.205
1,84099828946,84099982594,84146080577,84146224449,143.872,46097.983,46251.631
2,84116469388,84116596462,84162723263,84162889855,166.592,46126.801,46253.875
0,84133164779,84133275375,84179409412,84179569018,159.606,46134.037,46244.633
1,84150192951,84150274707,84196072701,84196226652,153.951,45797.994,45879.75
2,84167171361,84167315365,84212726223,84212956793,230.57,45410.858,45554.862
0,84184411896,84184545668,84229407375,84229596922,189.547,44861.707,44995.479
1,84201200421,84201290096,84246067406,84246307140,239.734,44777.31,44866.985
2,84218577249,84218719594,84262728123,84262899719,171.596,44008.529,44150.874
0,84235263341,84235382826,84279419470,84279692432,272.962,44036.644,44156.129
1,84252365878,84252440254,84296081950,84296204849,122.899,43641.696,43716.072
2,84269400163,84269480846,84312741055,84312975794,234.739,43260.209,43340.892
0,84286459962,84286553019,84329402201,84329574330,172.129,42849.182,42942.239
1,84304124152,84304255032,84346062385,84346237540,175.155,41807.353,41938.233
2,84320981553,84321066660,84362753277,84362925020,171.743,41686.617,41771.724
0,84337837228,84337933961,84379428959,84379681573,252.614,41494.998,41591.731
1,84355007756,84355094634,84396090372,84396336930,246.558,40995.738,41082.616
2,84371698735,84371784287,84412738162,84412886007,147.845,40953.875,41039.427
0,84388828391,84388899031,84429397790,84429539559,141.769,40498.759,40569.399
1,84405621385,84405710057,84446083199,84446264690,181.491,40373.142,40461.814
2,84422918558,84422991871,84462751549,84462947383,195.834,39759.678,39832.991
0,84440482696,84440633951,84479406501,84479595061,188.56,38772.55,38923.805
1,84457794818,84457890949,84496084340,84496259413,175.073,38193.391,38289.522
2,84474747378,84474837694,84512735046,84512878057,143.011,37897.352,37987.668
0,84491793542,84491866866,84529391115,84529516121,125.006,37524.249,37597.573
1,84508659627,84508756909,84546053021,84546176824,123.803,37296.112,37393.394
2,84525611122,84525679304,84562728839,84562886053,157.214,37049.535,37117.717
0,84542914076,84543012719,84579385181,84579517244,132.063,36372.462,36471.105
1,84559931779,84560014104,84596062296,84596191841,129.545,36048.192,36130.517
2,84576947575,84577043970,84612752735,84613006593,253.858,35708.765,35805.16
0,84593973405,84594046098,84629398565,84629564280,165.715,35352.467,35425.16
1,84611351107,84611509372,84646059314,84646195409,136.095,34549.942,34708.207
2,84629561489,84629679572,84662759253,84662911416,152.163,33079.681,33197.764
0,84647144574,84647300454,84679413584,84679566598,153.014,32113.13,32269.01
1,84664147741,84664245080,84696071284,84696242650,171.366,31826.204,31923.543
2,84681221271,84681317949,84712738050,84712884096,146.046,31420.101,31516.779
0,84698187599,84698252941,84729396039,84729530646,134.607,31143.098,31208.44
1,84715850849,84715980909,84746067631,84746217645,150.014,30086.722,30216.782
2,84733264743,84733407275,84762733392,84762869608,136.216,29326.117,29468.649
0,84750323686,84750501873,84779399167,84779542139,142.972,28897.294,29075.481
1,84768736710,84768884127,84796066862,84796214402,147.54,27182.735,27330.152
2,84785616334,84785729036,84812759378,84812889912,130.534,27030.342,27143.044
0,84802590808,84802664237,84829440980,84829668440,227.46,26776.743,26850.172
0,84802590808,84802664237,84846075462,84846216696,141.234,43411.225,43484.654
1,84820487174,84820624504,84862728059,84862867405,139.346,42103.555,42240.885
2,84837398774,84837480798,84879388231,84879516867,128.636,41907.433,41989.457
0,84854327615,84854416230,84896082726,84896247901,165.175,41666.496,41755.111
1,84871530989,84871684960,84912737861,84912974234,236.373,41052.901,41206.872
2,84888387230,84888491631,84929414459,84929554954,140.495,40922.828,41027.229
0,84905469766,84905550945,84946068543,84946201350,132.807,40517.598,40598.777
1,84922603177,84922691738,84962725009,84962852770,127.761,40033.271,40121.832
2,84939804363,84939922604,84979388573,84979523645,135.072,39465.969,39584.21
0,84957075107,84957175153,84996084460,84996228478,144.018,38909.307,39009.353
1,84973902046,84973972532,85012720509,85012838550,118.041,38747.977,38818.463
2,84990858710,84990971028,85029458706,85029618271,159.565,38487.678,38599.996
0,85008040399,85008118926,85046078830,85046223748,144.918,37959.904,38038.431
1,85025152768,85025237172,85062737066,85062890181,153.115,37499.894,37584.298
2,85041989661,85042063475,85079411127,85079535737,124.61,37347.652,37421.466
0,85059038365,85059124416,85096056100,85096192411,136.311,36931.684,37017.735
1,85075946012,85076016576,85112746052,85112920216,174.164,36729.476,36800.04
2,85093227134,85093336096,85129417991,85129568500,150.509,36081.895,36190.857
0,85110797458,85110941239,85146081912,85146262232,180.32,35140.673,35284.454
1,85128409198,85128550661,85162728626,85162866185,137.559,34177.965,34319.428
2,85145362146,85145447622,85179390411,85179502004,111.593,33942.789,34028.265
0,85162259702,85162338565,85196098155,85196234134,135.979,33759.59,33838.453
1,85179442144,85179549560,85212726275,85212855218,128.943,33176.715,33284.131
2,85197168133,85197300655,85229396330,85229530434,134.104,32095.675,32228.197
0,85214431583,85214559361,85246074039,85246218130,144.091,31514.678,31642.456
1,85231393608,85231503380,85262750186,85262887112,136.926,31246.806,31356.578
2,85248334203,85248438959,85279413730,85279572108,158.378,30974.771,31079.527
0,85265295488,85265388978,85296065024,85296200660,135.636,30676.046,30769.536
1,85282433315,85282518397,85312731214,85312878709,147.495,30212.817,30297.899
2,85299930085,85300067179,85329441699,85329583318,141.619,29374.52,29511.614
0,85317058604,85317148771,85346058924,85346186178,127.254,28910.153,29000.32
1,85334295647,85334434237,85362754784,85362918600,163.816,28320.547,28459.137
2,85351019902,85351098198,85379397214,85379525327,128.113,28299.016,28377.312
0,85369675772,85369797436,85396083170,85396243448,160.278,26285.734,26407.398
1,85386571103,85386641823,85412751668,85412897624,145.956,26109.845,26180.565
2,85403602747,85403684390,85429414483,85429558165,143.682,25730.093,25811.736
0,85420851549,85420924156,85446096566,85446263967,167.401,25172.41,25245.017
1,85438131739,85438231132,85462771749,85462953631,181.882,24540.617,24640.01
2,85455233351,85455314312,85479411386,85479556750,145.364,24097.074,24178.035
0,85472210744,85472300915,85496084851,85496220129,135.278,23783.936,23874.107
1,85489338485,85489418404,85512755227,85512891654,136.427,23336.823,23416.742
2,85506130961,85506235024,85529450081,85529594541,144.46,23215.057,23319.12
0,85523558702,85523697925,85546082704,85546242395,159.691,22384.779,22524.002
1,85540374670,85540487845,85562746456,85562880099,133.643,22258.611,22371.786
1,85540374670,85540487845,85579448258,85579640369,192.111,38960.413,39073.588
2,85557671826,85557746945,85596081130,85596229298,148.168,38334.185,38409.304
0,85574724745,85574817771,85612747998,85612911148,163.15,37930.227,38023.253
1,85592193494,85592335382,85629395398,85629530770,135.372,37060.016,37201.904
2,85613507866,85613644149,85646075021,85646230838,155.817,32430.872,32567.155
0,85630942505,85631070493,85662747516,85662915338,167.822,31677.023,31805.011
1,85647549562,85647647500,85679439008,85679601710,162.702,31791.508,31889.446
2,85664693148,85664769501,85696072205,85696223694,151.489,31302.704,31379.057
0,85681639401,85681869606,85712742479,85712913006,170.527,30872.873,31103.078
1,85698865900,85698966117,85729396915,85729522969,126.054,30430.798,30531.015
2,85717611863,85717745996,85746080759,85746246673,165.914,28334.763,28468.896
0,85733106195,85733222149,85762749574,85762911834,162.26,29527.425,29643.379
1,85750363905,85750504227,85779452112,85779623390,171.278,28947.885,29088.207
2,85768154351,85768289290,85796080549,85796247672,167.123,27791.259,27926.198
0,85784954836,85785051270,85812754278,85812921740,167.462,27703.008,27799.442
1,85802298175,85802374401,85829420978,85829604266,183.288,27046.577,27122.803
2,85819997327,85820121396,85846080379,85846237401,157.022,25958.983,26083.052
0,85836778810,85836894491,85862747873,85862901497,153.624,25853.382,25969.063
1,85854102511,85854231673,85879421730,85879564696,142.966,25190.057,25319.219
2,85871210392,85871286944,85896126713,85896309372,182.659,24839.769,24916.321
0,85888359173,85888457949,85912769961,85912948066,178.105,24312.012,24410.788
1,85905046611,85905108367,85929436293,85929614791,178.498,24327.926,24389.682
2,85922148382,85922226595,85946070256,85946194397,124.141,23843.661,23921.874
0,85939150379,85939212502,85962773228,85962952489,179.261,23560.726,23622.849
1,85957061915,85957209908,85979408717,85979546296,137.579,22198.809,22346.802
2,85973817644,85973889408,85996082445,85996241286,158.841,22193.037,22264.801
0,85990885092,85990962528,86012725793,86012856914,131.121,21763.265,21840.701
1,86007943741,86007999594,86029394006,86029522345,128.339,21394.412,21450.265
2,86025228218,86025337411,86046079525,86046232464,152.939,20742.114,20851.307
0,86042157156,86042217862,86062730120,86062852014,121.894,20512.258,20572.964
1,86060085311,86060177443,86079402051,86079556498,154.447,19224.608,19316.74
2,86076735114,86076803544,86096065944,86096195568,129.624,19262.4,19330.83
0,86093600145,86093687202,86112752083,86112917186,165.103,19064.881,19151.938
1,86113474525,86113618461,86129400499,86129534137,133.638,15782.038,15925.974
2,86131605504,86131755637,86146061851,86146191644,129.793,14306.214,14456.347
0,86148387250,86148452935,86162733074,86162894243,161.169,14280.139,14345.824
1,86165616508,86165745815,86179405434,86179547359,141.925,13659.619,13788.926
2,86182744081,86182897509,86196064704,86196224433,159.729,13167.195,13320.623
0,86199582360,86199719362,86212731959,86212899383,167.424,13012.597,13149.599
1,86216644123,86216760354,86229408740,86229572028,163.288,12648.386,12764.617
2,86233676003,86233813797,86246080105,86246231215,151.11,12266.308,12404.102
0,86250931376,86250995185,86262733683,86262876398,142.715,11738.498,11802.307
1,86267768042,86267903106,86279406029,86279550775,144.746,11502.923,11637.987
2,86285748105,86285881491,86296082574,86296237249,154.675,10201.083,10334.469
0,86302758431,86302947451,86312798712,86312961475,162.763,9851.261,10040.281
1,86319637491,86319696210,86329431672,86329591785,160.113,9735.462,9794.181
1,86319637491,86319696210,86346092968,86346292147,199.179,26396.758,26455.477
2,86336756869,86336836490,86362733642,86362919924,186.282,25897.152,25976.773
0,86353814434,86353914195,86379439527,86379611521,171.994,25525.332,25625.093
1,86370947433,86371028003,86396106298,86396281200,174.902,25078.295,25158.865
2,86389104815,86389320266,86412749683,86412930974,181.291,23429.417,23644.868
0,86406289918,86406445365,86429413975,86429557294,143.319,22968.61,23124.057
1,86423038373,86423153236,86446077453,86446197540,120.087,22924.217,23039.08
2,86440252598,86440364852,86462739094,86462884947,145.853,22374.242,22486.496
0,86457639761,86457766169,86479399658,86479556272,156.614,21633.489,21759.897
1,86474517509,86474606575,86496053794,86496184424,130.63,21447.219,21536.285
2,86491633525,86491706519,86512743829,86512890855,147.026,21037.31,21110.304
0,86508627609,86508720985,86529403233,86529555106,151.873,20682.248,20775.624
1,86525731188,86525819232,86546099961,86546247977,148.016,20280.729,20368.773
2,86543099626,86543184612,86562737566,86562882781,145.215,19552.954,19637.94
0,86559908802,86559974590,86579406428,86579546351,139.923,19431.838,19497.626
1,86577186281,86577287086,86596068310,86596218904,150.594,18781.224,18882.029
2,86596890802,86597029391,86612735153,86612882615,147.462,15705.762,15844.351
0,86611491744,86611643060,86629399717,86629545159,145.442,17756.657,17907.973
1,86628410426,86628532806,86646079187,86646242389,163.202,17546.381,17668.761
2,86645525712,86645621717,86662734531,86662874068,139.537,17112.814,17208.819
0,86662282651,86662349485,86679399887,86679540168,140.281,17050.402,17117.236
1,86679562016,86679675830,86696061538,86696201226,139.688,16385.708,16499.522
2,86696938847,86697066624,86712833874,86712974470,140.596,15767.25,15895.027
0,86713409570,86713517613,86729434504,86729622095,187.591,15916.891,16024.934
1,86730602562,86730680831,86746081023,86746235727,154.704,15400.192,15478.461
2,86747788412,86747879687,86777578952,86777751626,172.674,29699.265,29790.54
1,86781860798,86781985702,86794433191,86794577973,144.782,12447.489,12572.393
2,86798740810,86798838198,86811186462,86811341706,155.244,12348.264,12445.652
0,86815869342,86815984701,86827986092,86828171989,185.897,12001.391,12116.75
1,86833009580,86833139829,86844495506,86844696814,201.308,11355.677,11485.926
2,86849892658,86850047279,86861480319,86861718616,238.297,11433.04,11587.661
0,86866808522,86866885296,86877993160,86878142732,149.572,11107.864,11184.638
1,86883760482,86883844032,86895394177,86895602024,207.847,11550.145,11633.695
2,86900825352,86900966826,86911062961,86911209477,146.516,10096.135,10237.609
0,86917995568,86918135104,86928069932,86928237805,167.873,9934.828,10074.364
1,86935143034,86935275690,86944708576,86944848659,140.083,9432.886,9565.542
2,86952263421,86952441343,86961911848,86962077199,165.351,9470.505,9648.427
0,86969217187,86969339999,86978313591,86978469162,155.571,8973.592,9096.404
1,86986210971,86986304711,86994777560,86994924148,146.588,8472.849,8566.589
1,86986210971,86986304711,87010997528,87011161356,163.828,24692.817,24786.557
2,87002978610,87003051022,87027607153,87027743737,136.584,24556.131,24628.543
0,87020116050,87020200255,87044754100,87044946196,192.096,24553.845,24638.05
1,87037018052,87037086691,87061325247,87061449170,123.923,24238.556,24307.195
2,87054054356,87054161416,87078405340,87078542262,136.922,24243.924,24350.984
0,87071045815,87071147296,87094408550,87094509504,100.954,23261.254,23362.735
1,87088424088,87088557934,87111088074,87111184751,96.677,22530.14,22663.986
2,87106373020,87106501297,87127709064,87127833310,124.246,21207.767,21336.044
0,87123479811,87123637021,87144594879,87144712231,117.352,20957.858,21115.068
1,87140377946,87140455317,87161327783,87161607462,279.679,20872.466,20949.837
2,87157185409,87157328859,87178132133,87178329842,197.709,20803.274,20946.724
0,87174177828,87174268220,87194661536,87194809754,148.218,20393.316,20483.708
1,87191240583,87191362830,87211202465,87211330318,127.853,19839.635,19961.882
2,87208362303,87208423990,87228521484,87228698088,176.604,20097.494,20159.181
0,87225492330,87225566862,87244623297,87244776450,153.153,19056.435,19130.967
1,87242736966,87242794850,87261507360,87261645188,137.828,18712.51,18770.394
2,87259953254,87260111075,87278621704,87278831095,209.391,18510.629,18668.45
0,87276842941,87276934316,87294807285,87294953212,145.927,17872.969,17964.344
1,87296291445,87296452749,87311035781,87311132179,96.398,14583.032,14744.336
2,87312923210,87312999792,87327808048,87327959820,151.772,14808.256,14884.838
0,87329992008,87330150545,87344721224,87344918821,197.597,14570.679,14729.216
1,87347126169,87347346272,87361304977,87361470980,166.003,13958.705,14178.808
2,87364069602,87364159459,87378381812,87378576044,194.232,14222.353,14312.21
0,87380994281,87381187219,87394970773,87395185052,214.279,13783.554,13976.492
1,87397836248,87397940707,87412541359,87412815713,274.354,14600.652,14705.111
2,87415142180,87415241246,87428474320,87428606002,131.682,13233.074,13332.14
0,87432114779,87432243511,87444555307,87444676330,121.023,12311.796,12440.528
1,87448944061,87449040501,87463467489,87463686813,219.324,14426.988,14523.428
2,87466500582,87466644267,87479460859,87479654454,193.595,12816.592,12960.277
0,87484592961,87484746013,87496126394,87496303701,177.307,11380.381,11533.433
1,87501039968,87501135083,87512743051,87512891580,148.529,11607.968,11703.083
2,87519374411,87519470278,87529404266,87529514142,109.876,9933.988,10029.855
0,87536391269,87536498904,87546071337,87546187925,116.588,9572.433,9680.068
1,87553222551,87553290224,87562733412,87562826049,92.637,9443.188,9510.861
2,87569958633,87570041560,87579405510,87579525244,119.734,9363.95,9446.877
0,87588557928,87588677583,87596055902,87596177169,121.267,7378.319,7497.974
1,87605880034,87606047095,87612803492,87613009118,205.626,6756.397,6923.458
2,87623210395,87623310917,87629399414,87629529639,130.225,6088.497,6189.019
0,87640082511,87640188350,87646096247,87646337062,240.815,5907.897,6013.736
1,87656993447,87657054713,87662728142,87662825414,97.272,5673.429,5734.695
2,87676198640,87676357896,87679426762,87679591797,165.035,3068.866,3228.122
0,87691231058,87691311206,87696100151,87696274237,174.086,4788.945,4869.093
1,87708285185,87708380928,87712778652,87712963580,184.928,4397.724,4493.467
2,87725131294,87725193993,87729414610,87729531568,116.958,4220.617,4283.316
0,87742437659,87742572274,87746070025,87746233450,163.425,3497.751,3632.366
0,87742437659,87742572274,87762732908,87762885569,152.661,20160.634,20295.249
1,87759279755,87759363954,87779389934,87779624030,234.096,20025.98,20110.179
2,87776552630,87776632242,87796119923,87796289116,169.193,19487.681,19567.293
0,87793371640,87793429818,87812785862,87812982634,196.772,19356.044,19414.222
1,87810349648,87810448308,87829449524,87829660357,210.833,19001.216,19099.876
2,87827588827,87827645791,87846101959,87846316620,214.661,18456.168,18513.132
0,87844602503,87844682800,87862781703,87863000934,219.231,18098.903,18179.2
1,87861470570,87861679044,87879425009,87879678329,253.32,17745.965,17954.439
2,87879045500,87879166025,87896860279,87897006190,145.911,17694.254,17814.779
0,87896946391,87897051218,87912735924,87912835275,99.351,15684.706,15789.533
1,87913340740,87913441323,87929440288,87929628393,188.105,15998.965,16099.548
2,87930467145,87930523344,87946074392,87946172400,98.008,15551.048,15607.247
0,87947385948,87947461145,87962753707,87962892350,138.643,15292.562,15367.759
1,87964441951,87964501153,87979404967,87979544965,139.998,14903.814,14963.016
2,87981473385,87981547072,87996064403,87996153977,89.574,14517.331,14591.018
0,87998411904,87998479394,88012768723,88013014804,246.081,14289.329,14356.819
1,88015989895,88016125740,88029428736,88029782390,353.654,13302.996,13438.841
2,88032939367,88033023559,88046071263,88046171045,99.782,13047.704,13131.896
0,88049707321,88049791168,88062778317,88062870550,92.233,12987.149,13070.996
1,88066836320,88067007847,88079396386,88079499870,103.484,12388.539,12560.066
1,88066836320,88067007847,88096312412,88096494015,181.603,29304.565,29476.092
2,88084032456,88084122057,88112769688,88113133882,364.194,28647.631,28737.232
0,88101884381,88102063502,88129413899,88129550431,136.532,27350.397,27529.518
1,88120159605,88120307858,88146131745,88146337651,205.906,25823.887,25972.14
2,88137163080,88137273048,88162738320,88162853770,115.45,25465.272,25575.24
0,88154132320,88154334691,88179398264,88179515600,117.336,25063.573,25265.944
1,88170914821,88170977706,88196068733,88196174053,105.32,25091.027,25153.912
2,88187809500,88187899074,88212748521,88212890866,142.345,24849.447,24939.021
0,88204901806,88204965291,88229437503,88229637377,199.874,24472.212,24535.697
1,88222028859,88222116164,88246157095,88246349003,191.908,24040.931,24128.236
2,88239065464,88239171544,88262886011,88263082415,196.404,23714.467,23820.547
0,88256303411,88256466352,88279636872,88279887424,250.552,23170.52,23333.461
1,88273455121,88273581537,88296089821,88296208966,119.145,22508.284,22634.7
2,88290216216,88290335831,88312754282,88312918399,164.117,22418.451,22538.066
0,88307266059,88307329603,88329478407,88329692709,214.302,22148.804,22212.348
1,88324410205,88324494952,88346102280,88346298103,195.823,21607.328,21692.075
2,88342170764,88342372132,88362768700,88362957121,188.421,20396.568,20597.936
0,88359206082,88359293571,88379427599,88379588277,160.678,20134.028,20221.517
1,88376173021,88376233074,88396110958,88396283990,173.032,19877.884,19937.937
2,88393560424,88393644014,88412756791,88412911710,154.919,19112.777,19196.367
0,88410508043,88410570365,88429443726,88429809083,365.357,18873.361,18935.683
1,88427921052,88427993520,88446053833,88446134908,81.075,18060.313,18132.781
2,88447218225,88447372374,88462741718,88462874283,132.565,15369.344,15523.493
2,88447218225,88447372374,88479446868,88479736895,290.027,32074.494,32228.643
0,88463618437,88463724007,88496087112,88496187865,100.753,32363.105,32468.675
1,88480764608,88480831673,88512775986,88512957783,181.797,31944.313,32011.378
2,88497614510,88497697359,88529437744,88529620151,182.407,31740.385,31823.234
0,88514897460,88514992103,88546155499,88546439493,283.994,31163.396,31258.039
1,88532326801,88532466941,88562757275,88562921299,164.024,30290.334,30430.474
2,88549278525,88549417770,88579458733,88579653950,195.217,30040.963,30180.208
0,88566175776,88566290883,88596068578,88596182094,113.516,29777.695,29892.802
1,88583103143,88583180747,88612731509,88612824868,93.359,29550.762,29628.366
2,88602535511,88602695463,88629413343,88629541310,127.967,26717.88,26877.832
0,88619041996,88619118119,88646068357,88646180317,111.96,26950.238,27026.361
1,88636646744,88636779879,88662724355,88662819288,94.933,25944.476,26077.611
2,88653398315,88653506600,88679443721,88679622534,178.813,25937.121,26045.406
0,88670582776,88670719906,88696089564,88696242956,153.392,25369.658,25506.788
1,88687964987,88688089386,88712745169,88712860372,115.203,24655.783,24780.182
2,88704943102,88705046047,88729408647,88729589736,181.089,24362.6,24465.545
0,88722084698,88722413459,88746074580,88746164712,90.132,23661.121,23989.882
1,88738928987,88739019556,88762739047,88762841556,102.509,23719.491,23810.06
2,88755696988,88755762877,88779391913,88779480303,88.39,23629.036,23694.925
0,88776651768,88776787542,88796116065,88796281656,165.591,19328.523,19464.297
1,88790001062,88790111782,88812782339,88812930292,147.953,22670.557,22781.277
2,88807370557,88807486467,88829394451,88829515098,120.647,21907.984,22023.894
0,88824190459,88824263173,88846058497,88846148811,90.314,21795.324,21868.038
1,88841373184,88841456185,88862718295,88862834669,116.374,21262.11,21345.111
2,88858455094,88858516963,88879390813,88879481790,90.977,20873.85,20935.719
0,88875631345,88875710182,88896108395,88896258862,150.467,20398.213,20477.05
1,88892825796,88892913567,88912771852,88912918623,146.771,19858.285,19946.056
2,88909706977,88909783716,88934325289,88934518911,193.622,24541.573,24618.312
0,88926605451,88926668431,88949927903,88950109136,181.233,23259.472,23322.452
0,88926605451,88926668431,88966732485,88966910959,178.474,40064.054,40127.034
1,88943555943,88943675667,88981896548,88982046782,150.234,38220.881,38340.605
2,88960804685,88960872100,88997161672,88997307327,145.655,36289.572,36356.987
0,88978129796,88978631465,89012888293,89013078774,190.481,34256.828,34758.497
1,88994951755,88995267880,89029482918,89029678192,195.274,34215.038,34531.163
2,89012349061,89012439883,89046055692,89046163885,108.193,33615.809,33706.631
0,89029329563,89029428027,89062743048,89062977830,234.782,33315.021,33413.485
1,89046131152,89046213056,89079396363,89079514312,117.949,33183.307,33265.211
2,89063263571,89063553114,89096078709,89096248261,169.552,32525.595,32815.138
0,89080383101,89080461706,89112790213,89113130964,340.751,32328.507,32407.112
1,89098030555,89098152484,89129409688,89129625246,215.558,31257.204,31379.133
2,89117958224,89118097205,89146095588,89146288250,192.662,27998.383,28137.364
0,89133125872,89133210314,89162766252,89162942533,176.281,29555.938,29640.38
1,89150168140,89150305254,89179549134,89179758676,209.542,29243.88,29380.994
2,89166944473,89167009049,89196055590,89196140212,84.622,29046.541,29111.117
0,89183911771,89183996858,89212732002,89212893023,161.021,28735.144,28820.231
1,89201277546,89201378787,89229458805,89229628496,169.691,28080.018,28181.259
2,89218070631,89218198808,89246107736,89246251641,143.905,27908.928,28037.105
0,89235082971,89235169664,89262757301,89262929004,171.703,27587.637,27674.33
1,89252300942,89252393680,89279425007,89279667383,242.376,27031.327,27124.065
2,89269611858,89269710728,89296105728,89296327723,221.995,26395.0,26493.87
0,89286551131,89286633971,89312781300,89312914575,133.275,26147.329,26230.169
1,89303534127,89303606942,89330570088,89330777686,207.598,26963.146,27035.961
2,89320567859,89320707848,89346147429,89346336956,189.527,25439.581,25579.57
0,89337300953,89337418705,89362761015,89362886833,125.818,25342.31,25460.062
1,89354250644,89354359159,89379443465,89379598914,155.449,25084.306,25192.821
2,89371323032,89371379890,89397078984,89397361689,282.705,25699.094,25755.952
0,89388394506,89388477689,89416232208,89416406358,174.15,27754.519,27837.702
1,89405465902,89405530727,89430999648,89431207842,208.194,25468.921,25533.746
1,89405465902,89405530727,89446107000,89446294973,187.973,40576.273,40641.098
2,89422851244,89422992935,89462782356,89462963310,180.954,39789.421,39931.112
0,89439859077,89439952584,89479390521,89479522074,131.553,39437.937,39531.444
1,89457011086,89457159007,89496085629,89496198630,113.001,38926.622,39074.543
2,89473877425,89473952544,89512725455,89512815071,89.616,38772.911,38848.03
0,89490842648,89490938425,89529416148,89529556580,140.432,38477.723,38573.5
1,89507663907,89507741307,89546066945,89546238164,171.219,38325.638,38403.038
2,89524651316,89524739323,89562752650,89562870915,118.265,38013.327,38101.334
0,89541634062,89541709542,89579421309,89579563157,141.848,37711.767,37787.247
1,89558680021,89558764528,89596074866,89596184010,109.144,37310.338,37394.845
2,89575753680,89575816013,89612726060,89612824487,98.427,36910.047,36972.38
0,89592934916,89593010882,89629400118,89629499689,99.571,36389.236,36465.202
1,89610338077,89610502326,89646074207,89646175681,101.474,35571.881,35736.13
2,89627213036,89627310362,89662817036,89663096099,279.063,35506.674,35604.0
0,89644275325,89644418723,89679398419,89679541102,142.683,34979.696,35123.094
1,89661182901,89661287437,89696080225,89696227378,147.153,34792.788,34897.324
2,89678801275,89678917841,89712748011,89712919720,171.709,33830.17,33946.736
0,89695607392,89695762500,89729415265,89729522213,106.948,33652.765,33807.873
1,89713198560,89713330352,89746125631,89746328337,202.706,32795.279,32927.071
2,89729876745,89730115193,89762734532,89762837227,102.695,32619.339,32857.787
0,89746793618,89746861916,89779449103,89779664018,214.915,32587.187,32655.485
1,89764084252,89764223085,89796058698,89796232969,174.271,31835.613,31974.446
2,89780978691,89781158956,89812761495,89812930774,169.279,31602.539,31782.804
0,89797980827,89798120504,89829385230,89829529052,143.822,31264.726,31404.403
1,89814943660,89815048644,89846057511,89846161818,104.307,31008.867,31113.851
2,89832135064,89832292742,89862743946,89862858980,115.034,30451.204,30608.882
0,89848644686,89848714684,89879464154,89879612714,148.56,30749.47,30819.468
1,89866033262,89866126355,89896231975,89896443938,211.963,30105.62,30198.713
2,89883509992,89883628604,89912740208,89912883051,142.843,29111.604,29230.216
0,89900385637,89900470973,89929401515,89929531928,130.413,28930.542,29015.878
1,89917578475,89917641490,89946057718,89946179297,121.579,28416.228,28479.243
2,89934645777,89934716469,89962734562,89962896031,161.469,28018.093,28088.785
0,89952029706,89952087292,89979394455,89979567330,172.875,27307.163,27364.749
1,89969656121,89969795938,89996076243,89996172523,96.28,26280.305,26420.122
2,89986534165,89986625497,90012732199,90012835246,103.047,26106.702,26198.034
0,90004088061,90004205589,90029389880,90029524789,134.909,25184.291,25301.819
0,90004088061,90004205589,90046082244,90046227463,145.219,41876.655,41994.183
1,90020625493,90020698375,90062929075,90063130819,201.744,42230.7,42303.582
2,90039551725,90039646381,90079424789,90079545292,120.503,39778.408,39873.064
0,90056851399,90056938001,90096104181,90096242824,138.643,39166.18,39252.782
1,90074229362,90074385009,90112855869,90113032003,176.134,38470.86,38626.507
2,90091290787,90091380281,90129454101,90129646011,191.91,38073.82,38163.314
0,90108422378,90108537363,90146064566,90146194732,130.166,37527.203,37642.188
1,90125264150,90125354490,90162765199,90162933147,167.948,37410.709,37501.049
2,90142356710,90142465008,90179496487,90179594119,97.632,37031.479,37139.777
0,90159592286,90159683715,90196102633,90196311060,208.427,36418.918,36510.347
1,90176634093,90176771651,90212794075,90212960529,166.454,36022.424,36159.982
2,90193810336,90193913414,90229451622,90229710777,259.155,35538.208,35641.286
0,90210750865,90210860763,90246095204,90246267951,172.747,35234.441,35344.339
1,90227957253,90228071993,90262738637,90262973928,235.291,34666.644,34781.384
2,90245314414,90245670116,90279419521,90279523433,103.912,33749.405,34105.107
0,90262379584,90262680174,90296614789,90296725795,111.006,33934.615,34235.205
1,90279152577,90279268779,90312789230,90312989064,199.834,33520.451,33636.653
2,90296581924,90296742623,90329514578,90329687941,173.363,32771.955,32932.654
0,90314007212,90314171805,90346106554,90346307125,200.571,31934.749,32099.342
1,90331075927,90331182602,90362812708,90362954057,141.349,31630.106,31736.781
2,90348619679,90348767571,90379395518,90379498098,102.58,30627.947,30775.839
0,90365332183,90365422801,90397369842,90397643200,273.358,31947.041,32037.659
1,90382631524,90382781969,90412809982,90413033340,223.358,30028.013,30178.458
2,90399853979,90399999519,90429429281,90429583739,154.458,29429.762,29575.302
0,90416659340,90416813944,90446072168,90446174240,102.072,29258.224,29412.828
1,90435005037,90435143325,90462735223,90462844257,109.034,27591.898,27730.186
2,90452284842,90452447777,90479446588,90479587382,140.794,26998.811,27161.746
0,90469064133,90469160802,90496722996,90496986682,263.686,27562.194,27658.863
1,90487217897,90487374810,90512732361,90512859936,127.575,25357.551,25514.464
1,90487217897,90487374810,90529463722,90529583884,120.162,42088.912,42245.825
2,90504377788,90504558430,90546065498,90546174823,109.325,41507.068,41687.71
0,90520851929,90520972677,90562758399,90562888519,130.12,41785.722,41906.47
1,90537598928,90537684686,90579397925,90579510957,113.032,41713.239,41798.997
2,90554664114,90554767456,90596128114,90596300219,172.105,41360.658,41464.0
0,90571758197,90571842164,90612762721,90612991346,228.625,40920.557,41004.524
1,90589962026,90590127220,90629471865,90629649362,177.497,39344.645,39509.839
2,90608395854,90608537347,90646125021,90646340571,215.55,37587.674,37729.167
0,90625811638,90625980671,90662728743,90662905147,176.404,36748.072,36917.105
1,90642730119,90642850527,90679442573,90679744257,301.684,36592.046,36712.454
2,90659638577,90659735689,90696086511,90696303987,217.476,36350.822,36447.934
0,90677005729,90677094505,90712731237,90712916733,185.496,35636.732,35725.508
1,90694633080,90694748927,90729428232,90729572935,144.703,34679.305,34795.152
2,90711386569,90711770326,90746113151,90746279088,165.937,34342.825,34726.582
0,90729162752,90729420618,90762738365,90762881425,143.06,33317.747,33575.613
1,90746271976,90746467561,90779432896,90779605573,172.677,32965.335,33160.92
2,90763615974,90763785464,90796098785,90796335325,236.54,32313.321,32482.811
0,90780658423,90780804120,90812771812,90812944802,172.99,31967.692,32113.389
1,90797756740,90797864692,90829422342,90829526422,104.08,31557.65,31665.602
2,90814967785,90815075628,90846104505,90846301049,196.544,31028.877,31136.72
0,90832173620,90832329371,90862737811,90863040802,302.991,30408.44,30564.191
1,90849195160,90849331109,90879432057,90879670828,238.771,30100.948,30236.897
2,90866427227,90866579747,90896099692,90896270975,171.283,29519.945,29672.465
0,90883657349,90883788988,90912848551,90913308262,459.711,29059.563,29191.202
1,90902282597,90902435238,90929881468,90930053357,171.889,27446.23,27598.871
2,90917790492,90917889723,90946076220,90946206684,130.464,28186.497,28285.728
0,90934911634,90935021659,90962794303,90962941623,147.32,27772.644,27882.669
0,90934911634,90935021659,90979399959,90979533155,133.196,44378.3,44488.325
1,90953246298,90953359314,90996062235,90996153143,90.908,42702.921,42815.937
2,90970368951,90970556679,91012733916,91012878686,144.77,42177.237,42364.965
0,90987513456,90987653090,91029397031,91029537495,140.464,41743.941,41883.575
1,91004554711,91004661838,91046061639,91046156383,94.744,41399.801,41506.928
2,91021525050,91021617640,91062788186,91063018753,230.567,41170.546,41263.136
0,91038834154,91038940622,91079430897,91079553517,122.62,40490.275,40596.743
1,91055828396,91055925364,91096080172,91096272505,192.333,40154.808,40251.776
2,91072924153,91073038822,91112739220,91112878943,139.723,39700.398,39815.067
0,91090099117,91090202625,91129449256,91129587668,138.412,39246.631,39350.139
1,91107936126,91108092628,91146075594,91146241107,165.513,37982.966,38139.468
2,91126098456,91126276892,91162804458,91163059250,254.792,36527.566,36706.002
0,91143232379,91143358941,91179421344,91179663069,241.725,36062.403,36188.965
1,91160370430,91160467289,91196064895,91196155111,90.216,35597.606,35694.465
2,91177476306,91177571151,91212749209,91212890348,141.139,35178.058,35272.903
0,91194266005,91194346291,91229444764,91229613535,168.771,35098.473,35178.759
1,91211387450,91211474970,91246101844,91246330564,228.72,34626.874,34714.394
2,91228934781,91229357402,91262725371,91262851010,125.639,33367.969,33790.59
0,91246233533,91246371300,91279474446,91279635599,161.153,33103.146,33240.913
1,91263379395,91263537713,91296062109,91296174405,112.296,32524.396,32682.714
2,91280005770,91280109031,91312736465,91312880914,144.449,32627.434,32730.695
0,91296908522,91296981736,91329396077,91329527182,131.105,32414.341,32487.555
1,91313807770,91313895160,91346071969,91346311127,239.158,32176.809,32264.199
2,91331098919,91331188733,91362789282,91363020617,231.335,31600.549,31690.363
0,91347983585,91348094278,91379386475,91379511107,124.632,31292.197,31402.89
1,91365260075,91365394752,91396107942,91396258441,150.499,30713.19,30847.867
2,91382544939,91382693866,91412861876,91413055359,193.483,30168.01,30316.937
0,91402526662,91402669274,91429790736,91430014744,224.008,27121.462,27264.074
1,91419559892,91419668553,91447233226,91447436556,203.33,27564.673,27673.334
2,91436780929,91436899788,91462748536,91462920296,171.76,25848.748,25967.607
0,91453861790,91453963727,91479428834,91479657170,228.336,25465.107,25567.044
1,91470695047,91470788157,91496324857,91496592861,268.004,25536.7,25629.81
1,91470695047,91470788157,91512782547,91512943737,161.19,41994.39,42087.5
2,91487864168,91487973456,91529489424,91529722715,233.291,41515.968,41625.256
0,91504844694,91504928511,91546831559,91547087309,255.75,41903.048,41986.865
1,91521900720,91521996001,91562853384,91563092778,239.394,40857.383,40952.664
2,91538955274,91539034684,91579404173,91579526993,122.82,40369.489,40448.899
0,91556196107,91556298811,91596116541,91596238931,122.39,39817.73,39920.434
1,91573117500,91573200376,91612760955,91612878905,117.95,39560.579,39643.455
2,91590835053,91590997871,91629399723,91629538106,138.383,38401.852,38564.67
0,91608415829,91608567301,91646123495,91646349579,226.084,37556.194,37707.666
1,91627705522,91627863755,91662728629,91662874127,145.498,34864.874,35023.107
2,91642532073,91642628679,91679494870,91679661925,167.055,36866.191,36962.797
0,91660347575,91660508226,91696112465,91696332070,219.605,35604.239,35764.89
1,91677460218,91677549180,91712766670,91712912385,145.715,35217.49,35306.452
2,91695522783,91695838309,91729402168,91729512849,110.681,33563.859,33879.385
0,91712305908,91712414706,91746076442,91746247002,170.56,33661.736,33770.534
1,91729109617,91729222053,91762730782,91762893988,163.206,33508.729,33621.165
2,91746163722,91746233419,91779396880,91779499832,102.952,33163.461,33233.158
0,91763695869,91764048176,91796064135,91796215605,151.47,32015.959,32368.266
1,91780912791,91781002142,91812778670,91812886649,107.979,31776.528,31865.879
2,91798232165,91798362740,91829414698,91829563984,149.286,31051.958,31182.533
0,91815540698,91815659206,91846063424,91846171743,108.319,30404.218,30522.726
1,91832645613,91832757036,91862731213,91862927328,196.115,29974.177,30085.6
2,91851105940,91851228130,91880628174,91880742319,114.145,29400.044,29522.234
0,91868130548,91868248215,91896516951,91896747067,230.116,28268.736,28386.403
1,91884926695,91885008595,91912785057,91912973849,188.792,27776.462,27858.362
2,91902607967,91902730827,91929665909,91929853477,187.568,26935.082,27057.942
0,91920453872,91920579874,91946168807,91946292960,124.153,25588.933,25714.935
1,91937595664,91937705620,91962733495,91962843227,109.732,25027.875,25137.831
2,91954798400,91954886307,91979398595,91979503931,105.336,24512.288,24600.195
0,91973663090,91973828926,91996065343,91996172683,107.34,22236.417,22402.253
1,91989233737,91989329958,92012731564,92012894903,163.339,23401.606,23497.827
2,92006522871,92006640365,92029389383,92029518049,128.666,22749.018,22866.512
0,92024192010,92024333200,92046075301,92046227167,151.866,21742.101,21883.291
1,92041351063,92041460953,92062787371,92063024484,237.113,21326.418,21436.308
2,92058382736,92058476670,92079394084,92079498914,104.83,20917.414,21011.348
0,92075636212,92075726595,92096319621,92096493867,174.246,20593.026,20683.409
1,92095243315,92095398449,92112758455,92112961061,202.606,17360.006,17515.14
2,92110935112,92111097509,92129440194,92129689478,249.284,18342.685,18505.082
0,92127730620,92127815749,92146158806,92146319032,160.226,18343.057,18428.186
0,92127730620,92127815749,92162765580,92162901559,135.979,34949.831,35034.96
1,92144394843,92144529444,92179384454,92179467510,83.056,34855.01,34989.611
2,92161264148,92161359639,92196095794,92196401564,305.77,34736.155,34831.646
0,92178405099,92178516613,92212779230,92212887196,107.966,34262.617,34374.131
1,92195923445,92196109542,92229398884,92229506498,107.614,33289.342,33475.439
2,92212523766,92212670604,92246114345,92246238715,124.37,33443.741,33590.579
0,92229648052,92229765956,92262743877,92262873803,129.926,32977.921,33095.825
1,92246471977,92246667968,92279396006,92279493995,97.989,32728.038,32924.029
2,92263383224,92263463427,92296103762,92296343641,239.879,32640.335,32720.538
0,92280346403,92280450515,92312725494,92312814132,88.638,32274.979,32379.091
1,92297361852,92297444300,92329410512,92329578797,168.285,31966.212,32048.66
2,92314426080,92314561321,92346144719,92346376177,231.458,31583.398,31718.639
0,92331379769,92331458156,92362729527,92362826845,97.318,31271.371,31349.758
1,92348686546,92348852056,92379414356,92379536005,121.649,30562.3,30727.81
2,92366091255,92366193740,92396112208,92396286102,173.894,29918.468,30020.953
0,92383150730,92383250344,92412770295,92412922525,152.23,29519.951,29619.565
1,92400281541,92400401950,92429394839,92429506292,111.453,28992.889,29113.298
2,92417233349,92417378290,92446154233,92446336933,182.7,28775.943,28920.884
0,92434294093,92434397567,92462745986,92462860190,114.204,28348.419,28451.893
1,92451257586,92451395739,92479440663,92479550640,109.977,28044.924,28183.077
2,92468261810,92468343067,92496071231,92496232113,160.882,27728.164,27809.421
0,92485390962,92485505538,92512730146,92512839655,109.509,27224.608,27339.184
1,92502223823,92502300518,92529397531,92529545727,148.196,27097.013,27173.708
2,92519149405,92519235752,92546067032,92546183035,116.003,26831.28,26917.627
0,92536371188,92536467559,92562782816,92562985126,202.31,26315.257,26411.628
1,92553390661,92553480806,92579468504,92579645813,177.309,25987.698,26077.843
2,92570663243,92570797049,92596078257,92596169449,91.192,25281.208,25415.014
0,92587341604,92587444945,92612726018,92612847696,121.678,25281.073,25384.414
1,92604685568,92604842080,92629405372,92629557944,152.572,24563.292,24719.804
2,92621320665,92621478223,92646067291,92646170605,103.314,24589.068,24746.626
0,92638308800,92638427034,92662834846,92662934934,100.088,24407.812,24526.046
1,92654945680,92655052616,92679400522,92679531003,130.481,24347.906,24454.842
2,92672106149,92672221457,92696076150,92696185042,108.892,23854.693,23970.001
0,92689073135,92689196220,92712734387,92712836978,102.591,23538.167,23661.252
1,92706106261,92706197007,92729478346,92729667649,189.303,23281.339,23372.085
2,92723282950,92723426868,92746234942,92746414744,179.802,22808.074,22951.992
0,92740252828,92740347540,92762750212,92762962030,211.818,22402.672,22497.384
1,92756915191,92757014864,92779408434,92779555789,147.355,22393.57,22493.243
2,92774213396,92774295532,92796099463,92796246471,147.008,21803.931,21886.067
0,92791217580,92791319525,92812724485,92812838186,113.701,21404.96,21506.905
1,92808391025,92808474903,92829399966,92829509033,109.067,20925.063,21008.941
2,92825600489,92825692132,92846065442,92846176822,111.38,20373.31,20464.953
0,92842737313,92842817153,92862728740,92862881834,153.094,19911.587,19991.427
1,92859712203,92859802257,92879427892,92879524002,96.11,19625.635,19715.689
1,92859712203,92859802257,92896161206,92896393167,231.961,36358.949,36449.003
2,92876681079,92876757363,92912764231,92912908318,144.087,36006.868,36083.152
0,92893734837,92893836433,92929841273,92929974338,133.065,36004.84,36106.436
1,92910677083,92910762324,92946069893,92946179783,109.89,35307.569,35392.81
2,92927887582,92927984632,92962736290,92962877911,141.621,34751.658,34848.708
0,92944966566,92945058808,92979399547,92979511702,112.155,34340.739,34432.981
1,92962116812,92962192361,92996071432,92996181262,109.83,33879.071,33954.62
2,92979416426,92979537913,93012750051,93013109821,359.77,33212.138,33333.625
0,92996517278,92996652038,93029406701,93029548302,141.601,32754.663,32889.423
1,93013559978,93013649246,93046109063,93046284283,175.22,32459.817,32549.085
2,93030246943,93030350267,93062769879,93062964911,195.032,32419.612,32522.936
0,93047469914,93047586889,93079599233,93079781438,182.205,32012.344,32129.319
1,93064542845,93064640991,93096108953,93096320492,211.539,31467.962,31566.108
2,93081418447,93081516016,93113079172,93113256620,177.448,31563.156,31660.725
0,93098874704,93099033486,93129416726,93129540821,124.095,30383.24,30542.022
1,93119644430,93119781911,93146080412,93146187232,106.82,26298.501,26435.982
2,93138020850,93138178186,93162757220,93162980191,222.971,24579.034,24736.37
0,93154671193,93154762370,93179398003,93179531241,133.238,24635.633,24726.81
1,93171698170,93171788649,93196062858,93196154702,91.844,24274.209,24364.688
2,93188569383,93188656102,93212832100,93213035076,202.976,24175.998,24262.717
0,93205792123,93206003079,93229453366,93229632316,178.95,23450.287,23661.243
1,93223036901,93223135242,93246086633,93246195923,109.29,22951.391,23049.732
2,93240031971,93240139111,93266068295,93266205761,137.466,25929.184,26036.324
0,93257341211,93257439397,93280636568,93280753690,117.122,23197.171,23295.357
1,93274504858,93274601882,93301820462,93301902846,82.384,27218.58,27315.604
2,93291724355,93294653800,93317672898,93317784006,111.108,23019.098,25948.543
0,93308895236,93309009605,93331001111,93331333966,332.855,21991.506,22105.875
0,93308895236,93309009605,93348664725,93348755890,91.165,39655.12,39769.489
1,93325943541,93326035240,93364022635,93364118618,95.983,37987.395,38079.094
2,93343063585,93343166343,93381146018,93381231269,85.251,37979.675,38082.433
0,93360219795,93360303645,93405332882,93405533702,200.82,45029.237,45113.087
2,93394253796,93394329594,93418416475,93418636603,220.128,24086.881,24162.679
2,93394253796,93394329594,93433786387,93434154150,367.763,39456.793,39532.591
0,93411788280,93411869234,93451881049,93451997600,116.551,40011.815,40092.769
1,93429409782,93429576337,93466797192,93467077421,280.229,37220.855,37387.41
2,93446620410,93446702816,93481745564,93481963777,218.213,35042.748,35125.154
0,93463151179,93463211575,93496366641,93496558584,191.943,33155.066,33215.462
1,93479801942,93479878404,93512726791,93512861415,134.624,32848.387,32924.849
2,93497138440,93497241350,93529392532,93529531500,138.968,32151.182,32254.092
0,93514285908,93514420017,93546059771,93546245396,185.625,31639.754,31773.863
1,93531080708,93531163185,93562751665,93563197233,445.568,31588.48,31670.957
2,93548528354,93548667612,93579407127,93579575760,168.633,30739.515,30878.773
0,93565837119,93565936860,93596056688,93596260089,203.401,30119.828,30219.569
1,93583819477,93583959113,93612730194,93612901474,171.28,28771.081,28910.717
2,93601620782,93601773887,93629406397,93629638409,232.012,27632.51,27785.615
0,93618307054,93618448576,93646097318,93646366915,269.597,27648.742,27790.264
1,93635373264,93635516985,93662783564,93663001863,218.299,27266.579,27410.3
2,93652080580,93652193831,93679440928,93679640105,199.177,27247.097,27360.348
0,93669124300,93669209597,93696070734,93696205981,135.247,26861.137,26946.434
1,93685866410,93685951870,93712728691,93712876374,147.683,26776.821,26862.281
2,93702881670,93702952873,93729402287,93729529065,126.778,26449.414,26520.617
0,93720203604,93720351866,93746065376,93746196073,130.697,25713.51,25861.772
1,93737289089,93737394720,93762765176,93763103289,338.113,25370.456,25476.087
2,93754236919,93754395281,93779406760,93779584650,177.89,25011.479,25169.841
0,93771173862,93771264245,93796057250,93796181611,124.361,24793.005,24883.388
1,93787985900,93788074543,93812761411,93812982229,220.818,24686.868,24775.511
1,93787985900,93788074543,93829637271,93830219466,582.195,41562.728,41651.371
2,93804765044,93804843868,93846098359,93846343875,245.516,41254.491,41333.315
0,93821720220,93821816942,93862773421,93863034486,261.065,40956.479,41053.201
1,93838755395,93838879472,93879445230,93879761457,316.227,40565.758,40689.835
2,93855691749,93855792349,93897096825,93897451021,354.196,41304.476,41405.076
0,93872768590,93872854061,93912734575,93912864110,129.535,39880.514,39965.985
1,93889982968,93890074351,93929409457,93929545271,135.814,39335.106,39426.489
2,93907255178,93907341501,93946113739,93946372241,258.502,38772.238,38858.561
0,93924060938,93924172157,93962825487,93963058444,232.957,38653.33,38764.549
1,93941182158,93941264721,93979413738,93979557001,143.263,38149.017,38231.58
2,93958379078,93958485337,93996075245,93996231493,156.248,37589.908,37696.167
0,93975314775,93975419452,94012725313,94012870279,144.966,37305.861,37410.538
1,93992600156,93992706756,94029399566,94029530968,131.402,36692.81,36799.41
2,94009645657,94009720436,94046100426,94046337252,236.826,36379.99,36454.769
0,94026365515,94026455733,94062731623,94062867246,135.623,36275.89,36366.108
1,94043416988,94043490406,94079433685,94079695594,261.909,35943.279,36016.697
2,94060773112,94060873521,94096131635,94096420032,288.397,35258.114,35358.523
0,94078110142,94078249575,94112820115,94113190897,370.782,34570.54,34709.973
1,94094925499,94095025338,94129426135,94129588915,162.78,34400.797,34500.636
2,94112407642,94112532845,94146144085,94146642825,498.74,33611.24,33736.443
0,94129056557,94129194834,94162736494,94162874003,137.509,33541.66,33679.937
1,94146367171,94146457790,94179432753,94179561068,128.315,32974.963,33065.582
2,94163384173,94163514422,94196057452,94196196081,138.629,32543.03,32673.279
0,94180428694,94180566052,94212798954,94213068965,270.011,32232.902,32370.26
1,94197683795,94197830744,94229420699,94229571224,150.525,31589.955,31736.904
2,94214608862,94214729237,94246069029,94246595233,526.204,31339.792,31460.167
0,94231492026,94231634443,94262781295,94263027874,246.579,31146.852,31289.269
1,94248507687,94248703341,94279451594,94279668665,217.071,30748.253,30943.907
2,94265582024,94265677759,94296060622,94296267719,207.097,30382.863,30478.598
0,94282693469,94282812625,94312760445,94313011731,251.286,29947.82,30066.976
1,94299848953,94300022244,94329443153,94329717461,274.308,29420.909,29594.2
2,94317009978,94317089241,94346103408,94346346668,243.26,29014.167,29093.43
0,94334028678,94334117547,94362790876,94363302589,511.713,28673.329,28762.198
1,94351024440,94351189684,94379443604,94379718405,274.801,28253.92,28419.164
2,94368043087,94368202491,94398482154,94398713877,231.723,30279.663,30439.067
0,94384993534,94385086178,94413720429,94413909100,188.671,28634.251,28726.895
0,94384993534,94385086178,94429740656,94429887416,146.76,44654.478,44747.122
1,94401939725,94402069761,94446087051,94446256050,168.999,44017.29,44147.326
2,94418991310,94419079415,94462766072,94463040047,273.975,43686.657,43774.762
0,94436152965,94436273302,94479432794,94479692645,259.851,43159.492,43279.829
1,94453057153,94453150339,94496108745,94496370401,261.656,42958.406,43051.592
2,94470209655,94470306074,94512726200,94512843834,117.634,42420.126,42516.545
0,94487587236,94487683858,94529500525,94530048171,547.646,41816.667,41913.289
1,94504431774,94504622669,94546092364,94546322744,230.38,41469.695,41660.59
2,94521509284,94521697978,94562763154,94562957967,194.813,41065.176,41253.87
0,94538119238,94538221879,94579397624,94579628380,230.756,41175.745,41278.386
1,94555259696,94555349837,94596059950,94596176610,116.66,40710.113,40800.254
2,94571989098,94572088415,94612795243,94613045230,249.987,40706.828,40806.145
0,94588964730,94589042055,94629409524,94629662095,252.571,40367.469,40444.794
1,94606378017,94606538598,94646122625,94646372205,249.58,39584.027,39744.608
2,94623269863,94623397633,94662766605,94663000843,234.238,39368.972,39496.742
0,94640231031,94640329507,94679391107,94679540514,149.407,39061.6,39160.076
1,94657145900,94657277263,94696066990,94696230540,163.55,38789.727,38921.09
2,94674051066,94674147332,94712790358,94713042041,251.683,38643.026,38739.292
0,94691181926,94691264090,94729448191,94729877783,429.592,38184.101,38266.265
1,94708295378,94708418955,94746081577,94746227246,145.669,37662.622,37786.199
2,94725608650,94725727204,94762788015,94763104196,316.181,37060.811,37179.365
0,94742827729,94742937368,94779398683,94779557743,159.06,36461.315,36570.954
1,94759793781,94759875763,94796060968,94796225680,164.712,36185.205,36267.187
2,94776838989,94776932340,94812772407,94813010321,237.914,35840.067,35933.418
0,94794160043,94794239165,94846200674,94846602734,402.06,51961.509,52040.631
1,94811889821,94812087054,94863213769,94863407907,194.138,51126.715,51323.948
2,94828994705,94829178244,94829448690,94829820877,372.187,270.446,453.985
2,94828994705,94829178244,94879397466,94879560432,162.966,50219.222,50402.761
0,94846208795,94846352333,94896104790,94896302067,197.277,49752.457,49895.995
1,94863261788,94863377727,94912864658,94913154064,289.406,49486.931,49602.87
1,94914625483,94914756198,94952276154,94952464512,188.358,37519.956,37650.671
1,94914625483,94914756198,94967804821,94968003695,198.874,53048.623,53179.338
2,94931752165,94931866390,94936096487,94936301573,205.086,4230.097,4344.322
2,94931752165,94931866390,94983065944,94983234520,168.576,51199.554,51313.779
0,94949087881,94949254437,94999005727,94999172151,166.424,49751.29,49917.846
1,94969041361,94969179030,95013503035,95013651225,148.19,44324.005,44461.674
2,94986010859,94986144868,95029618391,95029768129,149.738,43473.523,43607.532
0,95003536092,95003661050,95046124478,95046259427,134.949,42463.428,42588.386
1,95020175859,95020281878,95062832955,95063150128,317.173,42551.077,42657.096
2,95039605373,95039693271,95079408470,95079560992,152.522,39715.199,39803.097
0,95057718689,95057879988,95096065556,95096213470,147.914,38185.568,38346.867
1,95074689869,95074771214,95112772797,95113000877,228.08,38001.583,38082.928
2,95091853584,95091945760,95129399430,95129574020,174.59,37453.67,37545.846
0,95112446457,95112583075,95146064951,95146234241,169.29,33481.876,33618.494
1,95132058203,95132196633,95162761905,95163178376,416.471,30565.272,30703.702
2,95148594222,95148674721,95179461274,95179702819,241.545,30786.553,30867.052
0,95165611957,95165777274,95196063337,95196237388,174.051,30286.063,30451.38
1,95182848036,95183021982,95212977854,95213216051,238.197,29955.872,30129.818
2,95200160217,95200302589,95229399048,95229584728,185.68,29096.459,29238.831
0,95217058840,95217221628,95246241268,95246504710,263.442,29019.64,29182.428
1,95235825311,95236002564,95262726125,95262853455,127.33,26723.561,26900.814
2,95253073123,95253187747,95279456905,95279691459,234.554,26269.158,26383.782
0,95270296545,95270435105,95296115480,95296357169,241.689,25680.375,25818.935
1,95287183236,95287258439,95312725789,95312852174,126.385,25467.35,25542.553
2,95304491680,95304677782,95329404632,95329558790,154.158,24726.85,24912.952
0,95321340850,95321418805,95346059625,95346176405,116.78,24640.82,24718.775
1,95338753813,95338877017,95362764726,95362995697,230.971,23887.709,24010.913
1,95338753813,95338877017,95379434516,95379583270,148.754,40557.499,40680.703
2,95355641811,95355729288,95396182509,95398585530,2403.021,40453.221,40540.698
0,95372431190,95372523813,95412753160,95412902327,149.167,40229.347,40321.97
1,95389439908,95389529974,95429409385,95429575159,165.774,39879.411,39969.477
2,95407149562,95407304817,95446080598,95446260747,180.149,38775.781,38931.036
0,95424097737,95424194861,95462775539,95463008495,232.956,38580.678,38677.802
1,95441099869,95441193288,95479400566,95479543116,142.55,38207.278,38300.697
2,95458124865,95458233614,95496123695,95496391641,267.946,37890.081,37998.83
0,95474858790,95474961899,95512766179,95513026292,260.113,37804.28,37907.389
1,95492119958,95492328999,95529388297,95529518027,129.73,37059.298,37268.339
2,95508904789,95509001093,95546059780,95546192595,132.815,37058.687,37154.991
0,95526118851,95526197501,95562725209,95562981074,255.865,36527.708,36606.358
1,95543162025,95543266114,95579447419,95579687245,239.826,36181.305,36285.394
2,95560415331,95560501854,95596091914,95596297578,205.664,35590.06,35676.583
0,95577433865,95577522207,95612761854,95612922436,160.582,35239.647,35327.989
1,95594443443,95594890857,95629404407,95629503288,98.881,34513.55,34960.964
2,95613047511,95613211276,95646059060,95646191508,132.448,32847.784,33011.549
0,95629940201,95630037209,95662761371,95662999441,238.07,32724.162,32821.17
1,95648706575,95648829810,95679394948,95679545128,150.18,30565.138,30688.373
2,95665708591,95665853549,95696089821,95696253923,164.102,30236.272,30381.23
0,95683254086,95683414429,95712846739,95713098237,251.498,29432.31,29592.653
1,95701048499,95701192870,95729407274,95729563630,156.356,28214.404,28358.775
2,95717805522,95717896208,95746062997,95746196859,133.862,28166.789,28257.475
0,95735858940,95735977370,95762765158,95763207396,442.238,26787.788,26906.218
1,95752391254,95752486677,95779401915,95779591183,189.268,26915.238,27010.661
2,95770043817,95770143015,95796063421,95796191238,127.817,25920.406,26019.604
0,95786651601,95786749624,95812730844,95812858506,127.662,25981.22,26079.243
1,95803521490,95803596797,95829409376,95829623170,213.794,25812.579,25887.886
2,95820883308,95821021922,95846066049,95846203590,137.541,25044.127,25182.741
0,95837810007,95837922654,95862733181,95862972106,238.925,24810.527,24923.174
1,95854805893,95854897570,95879397923,95879600400,202.477,24500.353,24592.03
2,95871948416,95872060420,95896128269,95896350625,222.356,24067.849,24179.853
0,95888839416,95888931383,95912801924,95913062935,261.011,23870.541,23962.508
1,95905909907,95905986048,95929433931,95929633594,199.663,23447.883,23524.024
2,95923184513,95923306528,95946067116,95946403516,336.4,22760.588,22882.603
0,95940258615,95940348608,95962779434,95963009994,230.56,22430.826,22520.819
1,95957289061,95957373256,95979438469,95979673767,235.298,22065.213,22149.408
2,95974599195,95974673978,95996055388,95996209262,153.874,21381.41,21456.193
0,95991905230,95992017613,96012848058,96013253522,405.464,20830.445,20942.828
1,96008703835,96008781255,96029437660,96029724669,287.009,20656.405,20733.825
2,96025880814,96025972039,96046164079,96046431384,267.305,20192.04,20283.265
0,96043072069,96043158270,96062732571,96062927507,194.936,19574.301,19660.502
1,96059899244,96060007454,96079429559,96079610211,180.652,19422.105,19530.315
1,96059899244,96060007454,96096084645,96096225012,140.367,36077.191,36185.401
2,96076899183,96076972897,96112786909,96113174347,387.438,35814.012,35887.726
0,96094369748,96094475708,96129962604,96130309826,347.222,35486.896,35592.856
1,96113606344,96113734893,96146111406,96146360542,249.136,32376.513,32505.062
2,96130345134,96130436052,96162778791,96163033128,254.337,32342.739,32433.657
0,96147577660,96147664924,96179399375,96179532832,133.457,31734.451,31821.715
1,96164587030,96164685778,96196143350,96196342337,198.987,31457.572,31556.32
2,96181965492,96182072122,96212763899,96212969553,205.654,30691.777,30798.407
0,96199106726,96199207866,96229404202,96229546959,142.757,30196.336,30297.476
1,96218977832,96219096858,96246225041,96246588517,363.476,27128.183,27247.209
2,96235954372,96236162720,96262751973,96262906533,154.56,26589.253,26797.601
0,96253509320,96253630923,96279417200,96279544744,127.544,25786.277,25907.88
1,96270168776,96270283186,96296058404,96296192728,134.324,25775.218,25889.628
2,96287183024,96287275030,96312729130,96312866575,137.445,25454.1,25546.106
0,96304083438,96304226822,96329556163,96329702828,146.665,25329.341,25472.725
1,96321362068,96321443813,96346093925,96346235934,142.009,24650.112,24731.857
2,96339105210,96339303128,96362788531,96363146403,357.872,23485.403,23683.321
0,96356017523,96356149590,96379465014,96379744577,279.563,23315.424,23447.491
1,96373141223,96373256864,96396093117,96396284176,191.059,22836.253,22951.894
2,96390672915,96390759762,96412798659,96413014371,215.712,22038.897,22125.744
0,96407435299,96407531290,96433415765,96433556902,141.137,25884.475,25980.466
1,96424246625,96424325761,96448288979,96448489330,200.351,23963.218,24042.354
2,96441182076,96441320954,96464325578,96464643639,318.061,23004.624,23143.502
0,96458420138,96458501376,96479752554,96480082759,330.205,21251.178,21332.416
1,96475846764,96475968358,96496061034,96496183572,122.538,20092.676,20214.27
2,96492459202,96492524113,96512776206,96513036198,259.992,20252.093,20317.004
0,96509575260,96509657583,96529391589,96529507868,116.279,19734.006,19816.329
1,96526717643,96526777672,96546069412,96546212115,142.703,19291.74,19351.769
2,96543850931,96543928964,96562730977,96562875568,144.591,18802.013,18880.046
0,96561077319,96561189899,96579441117,96579641833,200.716,18251.218,18363.798
1,96578321961,96578639880,96596084592,96596245208,160.616,17444.712,17762.631
2,96596300460,96596461157,96612733115,96613005080,271.965,16271.958,16432.655
0,96614154113,96614305624,96629404022,96629537799,133.777,15098.398,15249.909
1,96631329805,96631408445,96646109132,96646366865,257.733,14700.687,14779.327
2,96648280739,96648368659,96662735874,96662883350,147.476,14367.215,14455.135
0,96665560949,96665670733,96679391791,96679521768,129.977,13721.058,13830.842
1,96683092721,96683258695,96696153216,96696504910,351.694,12894.521,13060.495
2,96700889624,96701038481,96712733943,96712888000,154.057,11695.462,11844.319
0,96718290795,96718434881,96729394678,96729521248,126.57,10959.797,11103.883
1,96735359989,96735501451,96746097707,96746512300,414.593,10596.256,10737.718
2,96752413399,96752576787,96762862315,96763101204,238.889,10285.528,10448.916
0,96769850119,96769977999,96779407004,96779549945,142.941,9429.005,9556.885
1,96786759358,96786859106,96796078853,96796274059,195.206,9219.747,9319.495
2,96803736735,96803807891,96812733328,96812867126,133.798,8925.437,8996.593
0,96820804830,96820892487,96829387247,96829507450,120.203,8494.76,8582.417
1,96837786006,96837854305,96846067594,96846195728,128.134,8213.289,8281.588
1,96837786006,96837854305,96862731824,96862901907,170.083,24877.519,24945.818
2,96855256382,96855366383,96879429192,96879572635,143.443,24062.809,24172.81
0,96872264710,96872370814,96896068968,96896206530,137.562,23698.154,23804.258
1,96889276420,96889388429,96914063359,96914356871,293.512,24674.93,24786.939
2,96906561565,96906703362,96929396906,96929519452,122.546,22693.544,22835.341
0,96923466441,96923583464,96946072678,96946298393,225.715,22489.214,22606.237
1,96940634210,96940701070,96962775827,96963023633,247.806,22074.757,22141.617
2,96957838863,96957926625,96979425994,96979672018,246.024,21499.369,21587.131
0,96974803565,96974900663,96996060390,96996198666,138.276,21159.727,21256.825
1,96991809847,96991895438,97012816197,97013109976,293.779,20920.759,21006.35
2,97009102912,97009239260,97029403218,97029552650,149.432,20163.958,20300.306
0,97026180064,97026277666,97046057776,97046177873,120.097,19780.11,19877.712
1,97043246511,97043329988,97062722689,97062920979,198.29,19392.701,19476.178
2,97060760469,97060895396,97079391942,97079524226,132.284,18496.546,18631.473
0,97077616098,97077725353,97096107920,97096689296,581.376,18382.567,18491.822
1,97097202995,97097356004,97112740434,97112900439,160.005,15384.43,15537.439
2,97113504381,97113640707,97129472361,97129679059,206.698,15831.654,15967.98
0,97130575283,97130661644,97146119196,97146545220,426.024,15457.552,15543.913
1,97147426831,97147508153,97162782650,97163027007,244.357,15274.497,15355.819
2,97164397523,97164477585,97179398916,97179533229,134.313,14921.331,15001.393
0,97181444623,97181508810,97196062830,97196206866,144.036,14554.02,14618.207
1,97198810272,97198891257,97212732591,97212943002,210.411,13841.334,13922.319
2,97219362612,97219471245,97229440357,97229683208,242.851,9969.112,10077.745
0,97233256521,97233423459,97246085120,97246280826,195.706,12661.661,12828.599
1,97251170929,97251291690,97262791674,97263025263,233.589,11499.984,11620.745
2,97269214141,97269366613,97279401672,97279542770,141.098,10035.059,10187.531
0,97286572010,97286689267,97296098653,97296341437,242.784,9409.386,9526.643
1,97303221707,97303353460,97312759803,97313074676,314.873,9406.343,9538.096
2,97320082218,97320212607,97329395053,97329565164,170.111,9182.446,9312.835
0,97337565062,97337726535,97346112434,97346317142,204.708,8385.899,8547.372
1,97354470778,97354567601,97362793984,97363027759,233.775,8226.383,8323.206
2,97371823762,97371935086,97379883235,97380131279,248.044,7948.149,8059.473
0,97388526899,97388608288,97396125962,97396357302,231.34,7517.674,7599.063
1,97405337262,97405413646,97412794234,97413023379,229.145,7380.588,7456.972
2,97422538411,97422628530,97429437511,97429725328,287.817,6808.981,6899.1
0,97439772679,97439852340,97446117793,97446473782,355.989,6265.453,6345.114
1,97457153989,97457276603,97462759339,97462946986,187.647,5482.736,5605.35
2,97474525059,97474652152,97479439636,97479561568,121.932,4787.484,4914.577
0,97491529756,97491687893,97496065713,97496179730,114.017,4377.82,4535.957
0,97491529756,97491687893,97512812511,97512970964,158.453,21124.618,21282.755
1,97508137521,97508276698,97529465311,97529721962,256.651,21188.613,21327.79
2,97525417708,97525483084,97546073630,97546218480,144.85,20590.546,20655.922
0,97542438861,97542514839,97562772134,97562974447,202.313,20257.295,20333.273
1,97560333357,97560420130,97579393717,97579537086,143.369,18973.587,19060.36
2,97576880264,97576959878,97596054491,97596204149,149.658,19094.613,19174.227
0,97594645399,97594765700,97612776020,97613033366,257.346,18010.32,18130.621
1,97612626735,97612760024,97629393699,97629526332,132.633,16633.675,16766.964
2,97629058139,97629157751,97646065193,97646196007,130.814,16907.442,17007.054
0,97646282604,97646549602,97662749241,97662887341,138.1,16199.639,16466.637
1,97663570805,97663713854,97679414574,97679573430,158.856,15700.72,15843.769
2,97679840605,97679953057,97696110136,97696526831,416.695,16157.079,16269.531
0,97697074630,97697183996,97712742931,97712901750,158.819,15558.935,15668.301
1,97714107145,97714187847,97729439738,97729857926,418.188,15251.891,15332.593
2,97731190634,97731258120,97746105469,97746343237,237.768,14847.349,14914.835
0,97748119244,97748209644,97762761514,97763160271,398.757,14551.87,14642.27
1,97765604766,97765731003,97779446828,97779700616,253.788,13715.825,13842.062
2,97782711046,97782881028,97796067411,97796213306,145.895,13186.383,13356.365
0,97799901219,97800043656,97812783909,97812902756,118.847,12740.253,12882.69
1,97817645913,97817801825,97829428868,97829691500,262.632,11627.043,11782.955
2,97836113819,97836220240,97846103934,97846337774,233.84,9883.694,9990.115
0,97853010213,97853121544,97862762165,97862996114,233.949,9640.621,9751.952
1,97870166656,97870231288,97879387232,97879510004,122.772,9155.944,9220.576
2,97887352307,97887493600,97896078487,97896239938,161.451,8584.887,8726.18
0,97904209380,97904285356,97912800952,97913076232,275.28,8515.596,8591.572
1,97921225215,97921372322,97929417632,97929605828,188.196,8045.31,8192.417
2,97938148259,97938215438,97946181637,97946348941,167.304,7966.199,8033.378
0,97955070062,97955155798,97962760717,97962923058,162.341,7604.919,7690.655
1,97972357318,97972421413,97979505400,97979774912,269.512,7083.987,7148.082
2,97989696722,97989796512,97996092130,97996324378,232.248,6295.618,6395.408
0,98006770764,98006903923,98012774218,98013038870,264.652,5870.295,6003.454
1,98023666365,98023776866,98029425131,98029801909,376.778,5648.265,5758.766
1,98023666365,98023776866,98046107806,98046352552,244.746,22330.94,22441.441
2,98040589130,98040657585,98062729082,98062860877,131.795,22071.497,22139.952
0,98057426695,98057512790,98079393899,98079528458,134.559,21881.109,21967.204
1,98076518190,98076651844,98096061812,98096201234,139.422,19409.968,19543.622
2,98093922135,98094078231,98112745767,98112929014,183.247,18667.536,18823.632
0,98110789822,98110911856,98129448403,98129698562,250.159,18536.547,18658.581
1,98128029729,98128203405,98146062527,98146198679,136.152,17859.122,18032.798
2,98145188009,98145336536,98162759400,98163177181,417.781,17422.864,17571.391
0,98162161760,98162308250,98179474011,98179713595,239.584,17165.761,17312.251
1,98179164094,98179239701,98196096246,98196324801,228.555,16856.545,16932.152
2,98195936865,98196071460,98212789334,98213108239,318.905,16717.874,16852.469
0,98213391645,98213498719,98229395044,98229517031,121.987,15896.325,16003.399
1,98230095749,98230264947,98246071072,98246217909,146.837,15806.125,15975.323
2,98247129254,98247265138,98262732960,98262883740,150.78,15467.822,15603.706
0,98263952469,98264051667,98279432275,98279690556,258.281,15380.608,15479.806
1,98281132825,98281202652,98296176931,98296476172,299.241,14974.279,15044.106
2,98298272590,98298387061,98312793041,98313106477,313.436,14405.98,14520.451
0,98315418581,98315499220,98329404121,98329539477,135.356,13904.901,13985.54
1,98332462244,98332555958,98346065695,98346200652,134.957,13509.737,13603.451
2,98349574279,98349655009,98363094299,98363259199,164.9,13439.29,13520.02
0,98366589544,98366674433,98379401078,98379529516,128.438,12726.645,12811.534
1,98383359146,98383424090,98396112837,98396330356,217.519,12688.747,12753.691
2,98400290774,98400370622,98412756311,98412960129,203.818,12385.689,12465.537
0,98417682317,98417802165,98429440877,98429641066,200.189,11638.712,11758.56
1,98434450563,98434570551,98446076045,98446190886,114.841,11505.494,11625.482
2,98451580559,98451671674,98462748578,98462863331,114.753,11076.904,11168.019
2,98451580559,98451671674,98479392523,98479522090,129.567,27720.849,27811.964
0,98468583822,98468671183,98496064572,98496233526,168.954,27393.389,27480.75
1,98485611477,98485728819,98512730939,98512888092,157.153,27002.12,27119.462
2,98502499304,98502587397,98529394610,98529550398,155.788,26807.213,26895.306
0,98519537676,98519593213,98546101804,98546270233,168.429,26508.591,26564.128
1,98536601327,98536685168,98562763473,98562995212,231.739,26078.305,26162.146
2,98553518324,98553580297,98579383570,98579528653,145.083,25803.273,25865.246
0,98570519473,98570701186,98596065128,98596164865,99.737,25363.942,25545.655
1,98587435673,98587498175,98612783581,98612957559,173.978,25285.406,25347.908
2,98604712754,98604812401,98629418037,98629545675,127.638,24605.636,24705.283
0,98621801343,98621878898,98646150765,98646426691,275.926,24271.867,24349.422
1,98638687123,98638835103,98662733534,98662837389,103.855,23898.431,24046.411
2,98655815717,98655903309,98679453987,98679658805,204.818,23550.678,23638.27
0,98672844350,98672928296,98696117718,98696385698,267.98,23189.422,23273.368
1,98689935848,98689999878,98712784437,98712927657,143.22,22784.559,22848.589
2,98707129355,98707227727,98729452586,98729679462,226.876,22224.859,22323.231
0,98723995274,98724061261,98746152144,98746455703,303.559,22090.883,22156.87
1,98741204876,98741302812,98762749855,98762891185,141.33,21447.043,21544.979
2,98758364699,98758453972,98779421653,98779566985,145.332,20967.681,21056.954
0,98775309589,98775399878,98796064135,98796226344,162.209,20664.257,20754.546
1,98792213372,98792286614,98812766469,98813267687,501.218,20479.855,20553.097
2,98809257365,98809339843,98829421994,98829562792,140.798,20082.151,20164.629
0,98826402309,98826523681,98846062794,98846214223,151.429,19539.113,19660.485
1,98843229927,98843359490,98862878922,98863072871,193.949,19519.432,19648.995
2,98860080327,98860155007,98879398148,98879525440,127.292,19243.141,19317.821
0,98876841058,98876922637,98901414641,98901715559,300.918,24492.004,24573.583
1,98893902289,98893978397,98921359197,98921693228,334.031,27380.8,27456.908
2,98910917255,98911005100,98930456863,98930630538,173.675,19451.763,19539.608
0,98928086707,98928253992,98946110109,98946217560,107.451,17856.117,18023.402
0,98928086707,98928253992,98962728387,98962947443,219.056,34474.395,34641.68
1,98945192360,98945267775,98979405083,98979515649,110.566,34137.308,34212.723
2,98962329464,98962454280,98996056280,98996196614,140.334,33602.0,33726.816
0,98981935328,98982084499,99012720498,99012850723,130.225,30635.999,30785.17
1,98996462425,98996527231,99029392738,99029535404,142.666,32865.507,32930.313
2,99013309682,99013399980,99046151189,99046308112,156.923,32751.209,32841.507
0,99030525030,99030589607,99062759481,99062925628,166.147,32169.874,32234.451
1,99047482474,99047568376,99079834292,99080114243,279.951,32265.916,32351.818
2,99064516026,99064595463,99096542800,99096716631,173.831,31947.337,32026.774
0,99081622414,99081711872,99112732626,99112829806,97.18,31020.754,31110.212
1,99098396469,99098476965,99129401593,99129691076,289.483,30924.628,31005.124
2,99115527995,99115645411,99146088214,99146218710,130.496,30442.803,30560.219
0,99132515047,99132604903,99162725540,99162821100,95.56,30120.637,30210.493
1,99149525023,99149612835,99179423206,99179836209,413.003,29810.371,29898.183
2,99166772689,99166844753,99196138232,99196430413,292.181,29293.479,29365.543
0,99183582242,99183667339,99212763305,99212914772,151.467,29095.966,29181.063
1,99200539264,99200607560,99229396135,99229536795,140.66,28788.575,28856.871
2,99217671016,99217747274,99246090506,99246190492,99.986,28343.232,28419.49
0,99234757040,99234829282,99262744435,99262857510,113.075,27915.153,27987.395
1,99251867408,99251946157,99279618422,99280112117,493.695,27672.265,27751.014
2,99268782691,99268847758,99296181510,99296419101,237.591,27333.752,27398.819
0,99286143348,99286269034,99312783263,99312973327,190.064,26514.229,26639.915
1,99303079506,99303144502,99329397060,99329585788,188.728,26252.558,26317.554
2,99320212761,99320324266,99346098432,99346266236,167.804,25774.166,25885.671
0,99337151837,99337219752,99362757246,99362876968,119.722,25537.494,25605.409
1,99354456543,99354556677,99379430152,99379599262,169.11,24873.475,24973.609
2,99371410830,99371476913,99397143670,99397405164,261.494,25666.757,25732.84
0,99388696001,99388791989,99414141950,99414326510,184.56,25349.961,25445.949
1,99405513329,99405635626,99429446229,99429713638,267.409,23810.603,23932.9
2,99422658616,99422741937,99446069256,99446174479,105.223,23327.319,23410.64
0,99439778315,99439844483,99462798959,99463015746,216.787,22954.476,23020.644
1,99456963933,99457048701,99479404110,99479516313,112.203,22355.409,22440.177
2,99473899775,99473960266,99496198963,99496529899,330.936,22238.697,22299.188
0,99493315647,99493414843,99513818064,99513963841,145.777,20403.221,20502.417
1,99507905756,99508022863,99529419450,99529523179,103.729,21396.587,21513.694
2,99525010019,99525118863,99546086311,99546229356,143.045,20967.448,21076.292
0,99542213699,99542273128,99562752855,99562889733,136.878,20479.727,20539.156
0,99542213699,99542273128,99579402681,99579518206,115.525,37129.553,37188.982
1,99559180005,99559262230,99596166104,99596449716,283.612,36903.874,36986.099
2,99576345796,99576411582,99612712483,99612816507,104.024,36300.901,36366.687
0,99593661817,99593736608,99629454958,99629634197,179.239,35718.35,35793.141
1,99612101924,99612184800,99646160556,99646635500,474.944,33975.756,34058.632
2,99627553984,99627645493,99662739244,99662882010,142.766,35093.751,35185.26
0,99644848288,99644978319,99679403329,99679629635,226.306,34425.01,34555.041
1,99662169818,99662300642,99696096472,99696441458,344.986,33795.83,33926.654
2,99678822553,99678898797,99712758499,99713022000,263.501,33859.702,33935.946
0,99695808150,99695900628,99729440910,99729723511,282.601,33540.282,33632.76
1,99713580932,99713702010,99746149194,99746516424,367.23,32447.184,32568.262
2,99729999596,99730090807,99762751547,99762867079,115.532,32660.74,32751.951
0,99746990551,99747049063,99779399285,99779537531,138.246,32350.222,32408.734
1,99764193848,99764285980,99796116319,99796437906,321.587,31830.339,31922.471
2,99781298985,99781400976,99812774335,99812905683,131.348,31373.359,31475.35
0,99798572361,99798862795,99829427989,99829667770,239.781,30565.194,30855.628
1,99815530793,99815748649,99846119575,99846302355,182.78,30370.926,30588.782
2,99832577315,99832664738,99862738352,99862878281,139.929,30073.614,30161.037
0,99849688325,99849755080,99879396462,99879572137,175.675,29641.382,29708.137
1,99866682038,99866795024,99896116388,99896287623,171.235,29321.364,29434.35
2,99883754365,99883822633,99918357570,99918551718,194.148,34534.937,34603.205
0,99900838094,99900963214,99934226799,99934435485,208.686,33263.585,33388.705
1,99917949096,99918050455,99948763454,99948937168,173.714,30712.999,30814.358
2,99935077589,99935170367,99964692659,99964862299,169.64,29522.292,29615.07
0,99951827413,99951894326,99980133086,99980277947,144.861,28238.76,28305.673
1,99968966050,99969098529,99996138628,99996295772,157.144,27040.099,27172.578
2,99986084522,99986150279,100013208177,100013422278,214.101,27057.898,27123.655
0,100002958494,100003077150,100029433333,100029644927,211.594,26356.183,26474.839
1,100019967161,100020074344,100046142603,100046301337,158.734,26068.259,26175.442
2,100036913129,100037026455,100062859856,100063148347,288.491,25833.401,25946.727
0,100053950529,100054015955,100079400555,100079530210,129.655,25384.6,25450.026
1,100070713736,100070811034,100096265142,100096408459,143.317,25454.108,25551.406
2,100087877477,100087943749,100112744627,100112909848,165.221,24800.878,24867.15
0,100105033217,100105137165,100129461116,100129701092,239.976,24323.951,24427.899
1,100121882143,100121949482,100146070536,100146189608,119.072,24121.054,24188.393
2,100138991600,100139130239,100162724662,100162842852,118.19,23594.423,23733.062
0,100155641272,100155711959,100179399134,100179489752,90.618,23687.175,23757.862
1,100172769113,100172862261,100196058183,100196182620,124.437,23195.922,23289.07
2,100189832997,100189893082,100213208917,100213373068,164.151,23315.835,23375.92
2,100189832997,100189893082,100229399551,100229494811,95.26,39506.469,39566.554
0,100207012783,100207093870,100246085518,100246236199,150.681,38991.648,39072.735
1,100223918209,100223975765,100262730189,100262905053,174.864,38754.424,38811.98
2,100240901186,100241003932,100279407044,100279534750,127.706,38403.112,38505.858
0,100257982910,100258084776,100296092477,100296228185,135.708,38007.701,38109.567
1,100274978701,100275074518,100312780387,100313025834,245.447,37705.869,37801.686
2,100292116036,100292188180,100329445485,100329689042,243.557,37257.305,37329.449
0,100309289961,100309376652,100346061107,100346193479,132.372,36684.455,36771.146
1,100326416360,100326511957,100362787093,100363028379,241.286,36275.136,36370.733
2,100343220312,100343310725,100379425146,100379573022,147.876,36114.421,36204.834
0,100360241095,100360327418,100399879005,100400328090,449.085,39551.587,39637.91
1,100376995128,100377097279,100414502760,100414833773,331.013,37405.481,37507.632
2,100394336608,100394415697,100434310425,100434391081,80.656,39894.728,39973.817
0,100411707349,100411806726,100448859302,100449041769,182.467,37052.576,37151.953
1,100428741848,100428825153,100464439278,100464592081,152.803,35614.125,35697.43
2,100445972887,100446078666,100480438398,100480625335,186.937,34359.732,34465.511
0,100462812416,100462888186,100496075398,100496238893,163.495,33187.212,33262.982
1,100479698469,100479802106,100513253774,100513392937,139.163,33451.668,33555.305
2,100496559297,100496641278,100529403294,100529526482,123.188,32762.016,32843.997
0,100513659007,100513747780,100546133974,100546260196,126.222,32386.194,32474.967
1,100530611792,100530697992,100562777515,100563023002,245.487,32079.523,32165.723
2,100547817012,100547920150,100579415439,100579554682,139.243,31495.289,31598.427
0,100565176817,100565254502,100596097383,100596275254,177.871,30842.881,30920.566
1,100582099271,100582198497,100612897899,100613072557,174.658,30699.402,30798.628
2,100598845522,100598927213,100629401957,100629542155,140.198,30474.744,30556.435
0,100615928998,100616034629,100646064821,100646184030,119.209,30030.192,30135.823
1,100632783889,100632858652,100662728319,100662938624,210.305,29869.667,29944.43
2,100649765168,100649871362,100679395004,100679570194,175.19,29523.642,29629.836
0,100666597619,100666685363,100696280798,100696519028,238.23,29595.435,29683.179
1,100683531129,100683627350,100713491491,100713678446,186.955,29864.141,29960.362
2,100700648481,100700708042,100729407148,100729510661,103.513,28699.106,28758.667
0,100717917855,100718011664,100746107158,100746470187,363.029,28095.494,28189.303
1,100735134607,100735237705,100762738235,100762924814,186.579,27500.53,27603.628
2,100752123858,100752227550,100779426389,100779534665,108.276,27198.839,27302.531
2,100752123858,100752227550,100797193448,100797288856,95.408,44965.898,45069.59
1,100786265536,100786374482,100812960484,100813319530,359.046,26586.002,26694.948
1,100786265536,100786374482,100829399273,100829507006,107.733,43024.791,43133.737
2,100803323091,100803418433,100846052514,100846177494,124.98,42634.081,42729.423
0,100820667949,100820757150,100862754049,100862856553,102.504,41996.899,42086.1
1,100837355082,100837426588,100879398509,100879536696,138.187,41971.921,42043.427
2,100854512569,100854617043,100896105846,100896250399,144.553,41488.803,41593.277
0,100871472249,100871557165,100912736565,100912880564,143.999,41179.4,41264.316
1,100888533293,100888637157,100935403377,100935611908,208.531,46766.22,46870.084
0,100922718870,100922809881,100951391357,100951595645,204.288,28581.476,28672.487
0,100922718870,100922809881,100966386690,100966563377,176.687,43576.809,43667.82
1,100939710351,100939784707,100981766456,100981910911,144.455,41981.749,42056.105
2,100956653143,100956751750,100996747423,100996896146,148.723,39995.673,40094.28
0,100973694577,100973777406,101012719892,101012847009,127.117,38942.486,39025.315
1,100990736108,100990821394,101029424617,101029558403,133.786,38603.223,38688.509
2,101007940876,101008032296,101046062239,101046161964,99.725,38029.943,38121.363
0,101025069002,101025163770,101062732046,101062883724,151.678,37568.276,37663.044
1,101041879977,101041963015,101079405200,101079495818,90.618,37442.185,37525.223
2,101059148226,101059261138,101096069692,101096212299,142.607,36808.554,36921.466
0,101076246433,101076330901,101113381856,101113552406,170.55,37050.955,37135.423
1,101093193798,101093282993,101129405397,101129562403,157.006,36122.404,36211.599
2,101110305330,101110403557,101146103789,101146300273,196.484,35700.232,35798.459
0,101127030324,101127144796,101162835216,101163072968,237.752,35690.42,35804.892
1,101144464341,101144561464,101179400208,101179539074,138.866,34838.744,34935.867
2,101161295050,101161401089,101196081927,101196215927,134.0,34680.838,34786.877
0,101178522213,101178604641,101212732281,101212966445,234.164,34127.64,34210.068
1,101195734692,101195858051,101229392424,101229572346,179.922,33534.373,33657.732
2,101212293797,101212349837,101246099648,101246251879,152.231,33749.811,33805.851
0,101229162667,101229268588,101262838567,101263153742,315.175,33569.979,33675.9
1,101246125792,101246199920,101279395003,101279485748,90.745,33195.083,33269.211
2,101263218560,101263312417,101296062948,101296187345,124.397,32750.531,32844.388
0,101280093239,101280167212,101312733273,101312867397,134.124,32566.061,32640.034
0,101280093239,101280167212,101329432427,101329671277,238.85,49265.215,49339.188
1,101297188753,101297278335,101346194338,101346421981,227.643,48916.003,49005.585
2,101314320764,101314397441,101362740552,101362859545,118.993,48343.111,48419.788
0,101331264809,101331368289,101379390538,101379499408,108.87,48022.249,48125.729
1,101348304745,101348378973,101396104573,101396252505,147.932,47725.6,47799.828
2,101365676397,101365766702,101412735401,101412833114,97.713,46968.699,47059.004
0,101382604245,101382688246,101429423722,101429561684,137.962,46735.476,46819.477
1,101399469832,101399564519,101446073802,101446185523,111.721,46509.283,46603.97
2,101416301478,101416382021,101463008125,101463201798,193.673,46626.104,46706.647
0,101433459939,101433553065,101479470611,101479655389,184.778,45917.546,46010.672
1,101450376861,101450483851,101496074695,101496250222,175.527,45590.844,45697.834
2,101467287868,101467380916,101512724383,101512866733,142.35,45343.467,45436.515
0,101484100520,101484196765,101529411547,101529506647,95.1,45214.782,45311.027
1,101501184339,101501276379,101546098313,101546356374,258.061,44821.934,44913.974
2,101518330934,101518422354,101562751394,101562870743,119.349,44329.04,44420.46
0,101535305725,101535395972,101579409704,101579526556,116.852,44013.732,44103.979
1,101552417745,101552500305,101596105214,101596349366,244.152,43604.909,43687.469
2,101569464835,101569555892,101612729898,101612906492,176.594,43174.006,43265.063
0,101586366684,101586464369,101629391478,101629518183,126.705,42927.109,43024.794
1,101603208237,101603305077,101646053889,101646165787,111.898,42748.812,42845.652
2,101620199793,101620300147,101662721819,101662843632,121.813,42421.672,42522.026
0,101637090524,101637182854,101679450992,101679643913,192.921,42268.138,42360.468
1,101654185237,101654282171,101696072873,101696219215,146.342,41790.702,41887.636
2,101671127394,101671226489,101712806658,101713034206,227.548,41580.169,41679.264
0,101688107780,101688196377,101729399399,101729538038,138.639,41203.022,41291.619
1,101705404492,101705494650,101746060954,101746264469,203.515,40566.304,40656.462
2,101722348226,101722420954,101762729473,101762847213,117.74,40308.519,40381.247
0,101739636636,101739723948,101779483951,101779619331,135.38,39760.003,39847.315
1,101756315556,101756393948,101796221828,101796343352,121.524,39827.88,39906.272
2,101773309487,101773405029,101812725489,101812873135,147.646,39320.46,39416.002
0,101790639332,101790765463,101829414120,101829564121,150.001,38648.657,38774.788
1,101807683209,101807810441,101846120281,101846315248,194.967,38309.84,38437.072
2,101824632683,101824727811,101862848277,101863021836,173.559,38120.466,38215.594
0,101841522295,101841613524,101879427454,101879590011,162.557,37813.93,37905.159
1,101858704703,101858782954,101896122506,101896326288,203.782,37339.552,37417.803
1,101909795572,101909879130,101914398975,101914614569,215.594,4519.845,4603.403
2,101926821551,101926894467,101930299576,101930477525,177.949,3405.109,3478.025
0,101944024243,101944125943,101946157396,101946324526,167.13,2031.453,2133.153
1,101961484170,101961596927,101962805662,101963004120,198.458,1208.735,1321.492
2,101978703928,101978818023,101979399230,101979539069,139.839,581.207,695.302
2,101978703928,101978818023,102029391840,102029511827,119.987,50573.817,50687.912
0,101995616842,101995704327,101996144767,101996319254,174.487,440.44,527.925
0,101995616842,101995704327,102046065213,102046204753,139.54,50360.886,50448.371
1,102012559331,102012646736,102012729980,102012850967,120.987,83.244,170.649
1,102012559331,102012646736,102062780922,102063012028,231.106,50134.186,50221.591
2,102029351497,102029423515,102079421796,102079520398,98.602,49998.281,50070.299
0,102046330505,102046430241,102096063098,102096224570,161.472,49632.857,49732.593
1,102063509699,102063590449,102112850238,102113006917,156.679,49259.789,49340.539
2,102080382762,102080461346,102129601737,102129807159,205.422,49140.391,49218.975
0,102097557357,102097638687,102146105922,102146290754,184.832,48467.235,48548.565
1,102114671788,102114752195,102162778655,102163198135,419.48,48026.46,48106.867
2,102131835979,102131908619,102179443811,102179690295,246.484,47535.192,47607.832
0,102148957856,102149046606,102196088190,102196207887,119.697,47041.584,47130.334
1,102165977419,102166064477,102212761598,102212986900,225.302,46697.121,46784.179
2,102183050778,102183141505,102229435044,102229619596,184.552,46293.539,46384.266
0,102200071696,102200151405,102246138247,102246321990,183.743,45986.842,46066.551
1,102217171839,102217250339,102262744403,102262881956,137.553,45494.064,45572.564
2,102234281902,102234364595,102279398232,102279505734,107.502,45033.637,45116.33
0,102251506535,102251612850,102296294827,102296573835,279.008,44681.977,44788.292
1,102268336463,102268430651,102312736811,102312879502,142.691,44306.16,44400.348
2,102285340233,102285434502,102329435459,102329596581,161.122,44000.957,44095.226
0,102302518372,102302605459,102346106926,102346275203,168.277,43501.467,43588.554
1,102319420001,102319514303,102362771119,102362983763,212.644,43256.816,43351.118
2,102336556935,102336630851,102379433598,102379709696,276.098,42802.747,42876.663
0,102353504489,102353597341,102396199358,102396508840,309.482,42602.017,42694.869
1,102370385297,102370464519,102412837384,102413038107,200.723,42372.865,42452.087
2,102387441692,102387528900,102429409409,102429523796,114.387,41880.509,41967.717
0,102404451704,102404527873,102446180959,102446518398,337.439,41653.086,41729.255
1,102421600332,102421701570,102462750071,102462874385,124.314,41048.501,41149.739
2,102438489075,102438570106,102479404972,102479667266,262.294,40834.866,40915.897
0,102455454800,102455549429,102496136224,102496803948,667.724,40586.795,40681.424
1,102472628729,102472709292,102512767903,102512999942,232.039,40058.611,40139.174
2,102489743672,102489841347,102529419988,102529613635,193.647,39578.641,39676.316
0,102506625786,102506703888,102546065093,102546193421,128.328,39361.205,39439.307
1,102523897642,102524009821,102562807011,102562996248,189.237,38797.19,38909.369
2,102540934069,102541012676,102579409987,102579557767,147.78,38397.311,38475.918
0,102558192343,102558281409,102596287938,102596567526,279.588,38006.529,38095.595
1,102575080446,102575158272,102612971382,102613172727,201.345,37813.11,37890.936
1,102626613888,102626720522,102629418156,102629567949,149.793,2697.634,2804.268
2,102643715645,102643828180,102646708533,102647202646,494.113,2880.353,2992.888
2,102643715645,102643828180,102680827284,102680915779,88.495,36999.104,37111.639
0,102660708701,102660829626,102666646466,102666744755,98.289,5816.84,5937.765
2,102694741086,102694867285,102696065734,102696159297,93.563,1198.449,1324.648
0,102712095316,102712202106,102713291868,102713383278,91.41,1089.762,1196.552
0,102712095316,102712202106,102753220198,102753351952,131.754,41018.092,41124.882
1,102729330804,102729523392,102738898071,102739190069,291.998,9374.679,9567.267
1,102729330804,102729523392,102763337918,102763437194,99.276,33814.526,34007.114
0,102763149549,102763298101,102798867418,102798985639,118.221,35569.317,35717.869
1,102779949391,102780052274,102784789165,102784894323,105.158,4736.891,4839.774
1,102779949391,102780052274,102829975258,102830164736,189.478,49922.984,50025.867
2,102797097917,102797234078,102846076857,102846212030,135.173,48842.779,48978.94
0,102814061059,102814159749,102814338470,102814502921,164.451,178.721,277.411
0,102814061059,102814159749,102862805571,102863063801,258.23,48645.822,48744.512
1,102831069892,102831175148,102879457327,102879945745,488.418,48282.179,48387.435
2,102848123040,102848206582,102896094297,102896239535,145.238,47887.715,47971.257
0,102865257670,102865355159,102912778128,102912932031,153.903,47422.969,47520.458
1,102882331039,102882422725,102929461375,102929690825,229.45,47038.65,47130.336
2,102899285199,102899390028,102946111060,102946352080,241.02,46721.032,46825.861
0,102916134602,102916231481,102962742894,102962984672,241.778,46511.413,46608.292
1,102933195113,102933303575,102979559205,102979751353,192.148,46255.63,46364.092
2,102950232973,102950332022,102996135661,102996373832,238.171,45803.639,45902.688
0,102967255432,102967367211,103012750170,103012918399,168.229,45382.959,45494.738
1,102984212619,102984292324,103029419056,103029583495,164.439,45126.732,45206.437
2,103001409084,103001514065,103046100457,103046316040,215.583,44586.392,44691.373
0,103018467495,103018554772,103062766054,103062928097,162.043,44211.282,44298.559
1,103035735138,103035854167,103079468563,103079680892,212.329,43614.396,43733.425
2,103052684639,103052798602,103096144938,103096363527,218.589,43346.336,43460.299
0,103069670832,103069781185,103112802770,103113181557,378.787,43021.585,43131.938
1,103086728244,103086827338,103129453102,103129964085,510.983,42625.764,42724.858
2,103103493078,103103608656,103146099431,103146309206,209.775,42490.775,42606.353
2,103154655649,103154738405,103162749824,103162947801,197.977,8011.419,8094.175
0,103171782698,103171896699,103179429176,103179870695,441.519,7532.477,7646.478
1,103188788158,103188886290,103196165470,103196492210,326.74,7279.18,7377.312
2,103205915297,103206047588,103212736045,103212865967,129.922,6688.457,6820.748
0,103222699651,103222802676,103229448428,103229708646,260.218,6645.752,6748.777
1,103239862932,103239986265,103246105972,103246307552,201.58,6119.707,6243.04
2,103256886173,103256985292,103262756885,103262877450,120.565,5771.593,5870.712
0,103273923954,103274032992,103279452639,103279903357,450.718,5419.647,5528.685
1,103290928051,103291018848,103296141791,103296368635,226.844,5122.943,5213.74
2,103308217130,103308314524,103312747460,103312887779,140.319,4432.936,4530.33
0,103325557033,103325647029,103329439774,103329678562,238.788,3792.745,3882.741
1,103342541486,103342644489,103346134463,103346344446,209.983,3489.974,3592.977
2,103359435457,103359521185,103362739416,103362889912,150.496,3218.231,3303.959
0,103376670647,103376775573,103379455181,103379735416,280.235,2679.608,2784.534
1,103393592709,103393677106,103403046937,103403276614,229.677,9369.831,9454.228
2,103410647373,103410738796,103414109825,103414459179,349.354,3371.029,3462.452
0,103427641305,103427722125,103430004341,103430158631,154.29,2282.216,2363.036
1,103445019385,103445128351,103446118561,103446313330,194.769,990.21,1099.176
1,103445019385,103445128351,103496110850,103496330445,219.595,50982.499,51091.465
2,103461901682,103462064347,103462741598,103462920296,178.698,677.251,839.916
2,103461901682,103462064347,103512775133,103512964393,189.26,50710.786,50873.451
0,103479140566,103479242427,103479424357,103479585964,161.607,181.93,283.791
0,103479140566,103479242427,103529437257,103529715559,278.302,50194.83,50296.691
1,103496160818,103496302165,103546171513,103546375846,204.333,49869.348,50010.695
2,103512913622,103513013947,103562762157,103562970214,208.057,49748.21,49848.535
0,103529942921,103530015079,103579520907,103579745187,224.28,49505.828,49577.986
1,103546973096,103547085576,103596179440,103596443345,263.905,49093.864,49206.344
2,103564001164,103564080067,103612785503,103613008870,223.367,48705.436,48784.339
2,103615090874,103615200254,103629491546,103629824802,333.256,14291.292,14400.672
0,103632210809,103632327169,103646115456,103646564084,448.628,13788.287,13904.647
1,103649265797,103649364306,103663399778,103663610540,210.762,14035.472,14133.981
2,103666140296,103666231919,103680672683,103680871992,199.309,14440.764,14532.387
0,103683300887,103683398602,103696998194,103697172402,174.208,13599.592,13697.307
1,103700030216,103700122997,103712736955,103712885211,148.256,12613.958,12706.739
2,103716853612,103716960435,103729406885,103729556784,149.899,12446.45,12553.273
0,103733765849,103733843792,103746121980,103746371532,249.552,12278.188,12356.131
1,103750950777,103751049595,103762778360,103763332755,554.395,11728.765,11827.583
2,103768373509,103768472772,103779608734,103779862430,253.696,11135.962,11235.225
0,103785643880,103785753510,103796062976,103796205832,142.856,10309.466,10419.096
1,103802625429,103802715056,103812725245,103813024217,298.972,10010.189,10099.816
2,103819685987,103819793957,103829419964,103829703182,283.218,9626.007,9733.977
0,103836867058,103836958125,103846185403,103846509212,323.809,9227.278,9318.345
1,103853891069,103854000842,103862756696,103862920662,163.966,8755.854,8865.627
2,103871049534,103871162628,103879411342,103879555833,144.491,8248.714,8361.808
0,103887796330,103887911371,103897912129,103898443848,531.719,10000.758,10115.799
0,103887796330,103887911371,103930373465,103930581481,208.016,42462.094,42577.135
1,103904777001,103904883397,103924307119,103924546780,239.661,19423.722,19530.118
0,103939012496,103939113139,103946137910,103946367142,229.232,7024.771,7125.414
1,103956107943,103956215982,103962807519,103963088168,280.649,6591.537,6699.576
2,103973211406,103973319357,103979396225,103979564628,168.403,6076.868,6184.819
0,103990258952,103990357385,103996098938,103996360812,261.874,5741.553,5839.986
1,104007383702,104007490952,104012733398,104012870515,137.117,5242.446,5349.696
2,104024454563,104024590676,104029456652,104029702532,245.88,4865.976,5002.089
0,104041328395,104041422929,104046072342,104046222448,150.106,4649.413,4743.947
1,104058309516,104058414867,104062790070,104063104304,314.234,4375.203,4480.554
2,104075182065,104075265798,104079428042,104079691460,263.418,4162.244,4245.977
0,104092157157,104092385408,104096120436,104096490563,370.127,3735.028,3963.279
1,104108759515,104108858362,104112780546,104112960235,179.689,3922.184,4021.031
2,104125889041,104125994830,104129461092,104129773456,312.364,3466.262,3572.051
0,104143215628,104143307262,104146125534,104146618236,492.702,2818.272,2909.906
1,104160077104,104160182486,104162792744,104163030186,237.442,2610.258,2715.64
1,104160077104,104160182486,104179469699,104179638281,168.582,19287.213,19392.595
2,104177302128,104177377125,104196103198,104196342078,238.88,18726.073,18801.07
0,104194373653,104194463417,104212729282,104212888160,158.878,18265.865,18355.629
1,104211898636,104212037066,104229452649,104229675954,223.305,17415.583,17554.013
2,104228971540,104229125471,104246066775,104246194676,127.901,16941.304,17095.235
0,104245832349,104245918339,104262804052,104263051945,247.893,16885.713,16971.703
1,104262919385,104263045459,104279429910,104279913556,483.646,16384.451,16510.525
2,104279968398,104280043663,104296123526,104296412816,289.29,16079.863,16155.128
0,104297169585,104297289195,104312719904,104312835239,115.335,15430.709,15550.319
1,104314066020,104314153347,104329398372,104329561667,163.295,15245.025,15332.352
2,104331117069,104331231043,104346072226,104346219390,147.164,14841.183,14955.157
0,104348232656,104348326277,104362806868,104363225114,418.246,14480.591,14574.212
1,104365375913,104365485506,104379483058,104379737254,254.196,13997.552,14107.145
2,104382466801,104382558636,104396121727,104396355405,233.678,13563.091,13654.926
0,104399478458,104399578834,104412741236,104412907322,166.086,13162.402,13262.778
1,104416362224,104416449166,104429414559,104429559083,144.524,12965.393,13052.335
2,104433475597,104433567866,104446071960,104446234663,162.703,12504.094,12596.363
0,104450174162,104450254008,104462771925,104462936282,164.357,12517.917,12597.763
1,104467044006,104467163111,104479424188,104479619695,195.507,12261.077,12380.182
2,104484079867,104484168902,104496154419,104496447398,292.979,11985.517,12074.552
0,104501067608,104501155549,104512812556,104513081141,268.585,11657.007,11744.948
1,104518281010,104518370531,104529433172,104529642152,208.98,11062.641,11152.162
2,104535213163,104535301247,104546100678,104546340373,239.695,10799.431,10887.515
0,104552033077,104552101727,104562785934,104563012952,227.018,10684.207,10752.857
1,104569274727,104569412048,104579432615,104579685177,252.562,10020.567,10157.888
2,104586313017,104586396825,104596284740,104596534272,249.532,9887.915,9971.723
2,104586313017,104586396825,104613319039,104613580355,261.316,26922.214,27006.022
0,104603346448,104603455653,104629441663,104629628355,186.692,25986.01,26095.215
1,104620442588,104620535376,104646118855,104646421288,302.433,25583.479,25676.267
2,104637501529,104637607711,104662785218,104662913866,128.648,25177.507,25283.689
0,104654603599,104654687597,104679400316,104679496213,95.897,24712.719,24796.717
1,104671934576,104672073200,104696060430,104696217082,156.652,23987.23,24125.854
2,104688814189,104688894167,104712782507,104713150225,367.718,23888.34,23968.318
0,104705820512,104705928706,104729458264,104729752409,294.145,23529.558,23637.752
1,104723157000,104723246356,104746110207,104746582362,472.155,22863.851,22953.207
2,104740232854,104740332819,104762742234,104762878239,136.005,22409.415,22509.38
0,104757249799,104757331691,104779481434,104779784756,303.322,22149.743,22231.635
1,104774439937,104774526245,104796078563,104796271765,193.202,21552.318,21638.626
2,104791855683,104791961637,104812742024,104812955090,213.066,20780.387,20886.341
0,104808995664,104809103272,104829463395,104829897784,434.389,20360.123,20467.731
1,104826074711,104826160833,104846077440,104846230019,152.579,19916.607,20002.729
2,104842848950,104842937203,104862857706,104863022589,164.883,19920.503,20008.756
0,104859956631,104860033734,104879401527,104879546436,144.909,19367.793,19444.896
1,104877148300,104877238085,104896255043,104896805373,550.33,19016.958,19106.743
2,104894102250,104894196364,104912777323,104912988086,210.763,18580.959,18675.073
0,104911146456,104911577419,104929441681,104929687908,246.227,17864.262,18295.225
1,104928601996,104928675911,104946075292,104946225947,150.655,17399.381,17473.296
2,104945521352,104945595957,104962783297,104963054925,271.628,17187.34,17261.945
0,104962595552,104962672161,104979405694,104979541309,135.615,16733.533,16810.142
1,104979835145,104980138639,104996111263,104996522901,411.638,15972.624,16276.118
2,104996921363,104997000464,105013027782,105013231650,203.868,16027.318,16106.419
0,105015562461,105015664993,105029455024,105029741201,286.177,13790.031,13892.563
1,105030907066,105030981765,105046094331,105046270084,175.753,15112.566,15187.265
2,105048024354,105048111011,105062752639,105062928595,175.956,14641.628,14728.285
0,105064925583,105064987388,105079408541,105079560364,151.823,14421.153,14482.958
1,105081928282,105082003220,105096119052,105096354885,235.833,14115.832,14190.77
2,105099095666,105099176623,105112793115,105113014973,221.858,13616.492,13697.449
0,105116081892,105116192229,105129399105,105129526990,127.885,13206.876,13317.213
0,105116081892,105116192229,105146127228,105146407979,280.751,29934.999,30045.336
1,105133007646,105133067921,105162733171,105162906616,173.445,29665.25,29725.525
2,105150005466,105150107047,105179421404,105179526970,105.566,29314.357,29415.938
0,105167092851,105167171399,105196099201,105196332518,233.317,28927.802,29006.35
1,105183699312,105183783535,105212757854,105212990433,232.579,28974.319,29058.542
2,105200754105,105200828258,105229454387,105229589294,134.907,28626.129,28700.282
0,105217664390,105217780284,105246103755,105246277189,173.434,28323.471,28439.365
1,105234723785,105234791849,105262757934,105262923675,165.741,27966.085,28034.149
2,105251414574,105251494384,105279406667,105279541401,134.734,27912.283,27992.093
0,105268477421,105268557160,105296066315,105296191363,125.048,27509.155,27588.894
1,105285598594,105285692785,105312790416,105313017273,226.857,27097.631,27191.822
2,105302746182,105302809626,105329443352,105329920093,476.741,26633.726,26697.17
0,105319982823,105320058710,105346114614,105346356286,241.672,26055.904,26131.791
1,105337176838,105337251600,105362781360,105363016401,235.041,25529.76,25604.522
2,105354266992,105354355282,105379423998,105379575978,151.98,25068.716,25157.006
0,105371296044,105371393285,105398209735,105398449587,239.852,26816.45,26913.691
1,105388452315,105388543654,105413379920,105413661094,281.174,24836.266,24927.605
2,105405532375,105405610742,105431753190,105431979527,226.337,26142.448,26220.815
0,105422569063,105422660365,105448257363,105448459631,202.268,25596.998,25688.3
1,105439660693,105439757968,105464529424,105464792910,263.486,24771.456,24868.731
2,105456439960,105456536482,105480526838,105480885695,358.857,23990.356,24086.878
0,105473482298,105473560919,105496102507,105496304903,202.396,22541.588,22620.209
1,105490630691,105490714730,105512890413,105513500753,610.34,22175.683,22259.722
2,105507862425,105507936777,105529410674,105529579960,169.286,21473.897,21548.249
0,105524933713,105525021576,105546146323,105546431810,285.487,21124.747,21212.61
1,105541980417,105542060936,105562911515,105563120678,209.163,20850.579,20931.098
2,105559121925,105559231263,105579630429,105579783590,153.161,20399.166,20508.504
0,105576091310,105576169622,105596083716,105596249442,165.726,19914.094,19992.406
1,105593413698,105593501520,105612734700,105612985168,250.468,19233.18,19321.002
2,105610565678,105610661079,105629425544,105629627194,201.65,18764.465,18859.866
0,105627709053,105627820357,105646140279,105646408586,268.307,18319.922,18431.226
1,105644916454,105645009506,105662731638,105662880527,148.889,17722.132,17815.184
2,105661622607,105661731629,105679404138,105679537992,133.854,17672.509,17781.531
0,105678773294,105678888881,105696162859,105696660946,498.087,17273.978,17389.565
1,105695507619,105695611545,105712790788,105713160862,370.074,17179.243,17283.169
2,105712690979,105712769311,105729443189,105729663519,220.33,16673.878,16752.21
0,105729639836,105729735319,105746115724,105746370975,255.251,16380.405,16475.888
1,105746795629,105746883132,105762727757,105762889128,161.371,15844.625,15932.128
2,105763940020,105764061778,105779446967,105779885286,438.319,15385.189,15506.947
0,105781008764,105781091035,105796122642,105796385273,262.631,15031.607,15113.878
1,105797989613,105798083053,105812742637,105813026532,283.895,14659.584,14753.024
2,105815173988,105815265124,105829395478,105829518505,123.027,14130.354,14221.49
0,105832076829,105832170126,105846105536,105846460987,355.451,13935.41,14028.707
1,105849193157,105849281439,105862771378,105863174865,403.487,13489.939,13578.221
2,105866219618,105866340692,105879435289,105879686681,251.392,13094.597,13215.671
2,105866219618,105866340692,105898246203,105898477336,231.133,31905.511,32026.585
1,105900220021,105900330578,105913106741,105913351817,245.076,12776.163,12886.72
1,105900220021,105900330578,105932352082,105932521941,169.859,32021.504,32132.061
2,105917440593,105917544262,105947459555,105947681358,221.803,29915.293,30018.962
0,105934362802,105934464078,105963098283,105963309787,211.504,28634.205,28735.481
1,105951319279,105951427123,105979386962,105979515520,128.558,27959.839,28067.683
2,105968163905,105968292132,105996117799,105996265188,147.389,27825.667,27953.894
0,105984999257,105985102403,106012845131,106013097183,252.052,27742.728,27845.874
1,106001978957,106002084608,106029462933,106029802125,339.192,27378.325,27483.976
2,106018853360,106018950440,106046067358,106046198579,131.221,27116.918,27213.998
0,106035674879,106035793657,106062734728,106062875218,140.49,26941.071,27059.849
1,106052440685,106052537834,106079418157,106079782275,364.118,26880.323,26977.472
2,106069296266,106069412909,106096280607,106096586415,305.808,26867.698,26984.341
0,106086493677,106086586443,106112793049,106112934898,141.849,26206.606,26299.372
1,106103377259,106103478741,106129422132,106129644477,222.345,25943.391,26044.873
2,106120487941,106120554908,106146102470,106146338907,236.437,25547.562,25614.529
0,106137571233,106137671576,106162768743,106163007211,238.468,25097.167,25197.51
1,106154533991,106154617767,106179444710,106179899711,455.001,24826.943,24910.719
2,106171698487,106171787594,106196125467,106196421194,295.727,24337.873,24426.98
0,106188782752,106188861136,106212789700,106213300037,510.337,23928.564,24006.948
1,106206075112,106206238811,106229499357,106229818533,319.176,23260.546,23424.245
2,106223089835,106223172263,106246064788,106246305708,240.92,22892.525,22974.953
0,106240138547,106240242781,106262738948,106262878382,139.434,22496.167,22600.401
1,106257029617,106257110266,106279393474,106279519039,125.565,22283.208,22363.857
2,106274095010,106274182283,106296110854,106296419395,308.541,21928.571,22015.844
0,106291324449,106291420196,106312774532,106313006404,231.872,21354.336,21450.083
1,106308337561,106308455980,106329411131,106329539844,128.713,20955.151,21073.57
2,106325360255,106325469378,106346151843,106346445689,293.846,20682.465,20791.588
2,106325360255,106325469378,106362908197,106363119121,210.924,37438.819,37547.942
0,106342321863,106342416822,106379440714,106379644299,203.585,37023.892,37118.851
1,106359260422,106359343591,106396379148,106396693732,314.584,37035.557,37118.726
2,106376200904,106376291821,106412812361,106413109825,297.464,36520.54,36611.457
0,106393468513,106393548819,106429416451,106429626932,210.481,35867.632,35947.938
1,106410505014,106410594006,106446083526,106446252512,168.986,35489.52,35578.512
2,106427782463,106427893824,106462795332,106462895387,100.055,34901.508,35012.869
0,106444789824,106444871354,106479414988,106479525154,110.166,34543.634,34625.164
1,106462067831,106462124230,106496065180,106496198826,133.646,33940.95,33997.349
2,106479081385,106479229351,106512730881,106512862210,131.329,33501.53,33649.496
0,106496121840,106496212184,106529476527,106529817916,341.389,33264.343,33354.687
1,106513143651,106513289366,106546067646,106546192763,125.117,32778.28,32923.995
2,106530260778,106530344715,106562782921,106562969104,186.183,32438.206,32522.143
0,106547233561,106547323000,106579435181,106579746712,311.531,32112.181,32201.62
1,106564293492,106564373322,106596074187,106596226290,152.103,31700.865,31780.695
2,106581361855,106581483227,106612754080,106612946572,192.492,31270.853,31392.225
0,106598791717,106598863443,106629404547,106629570870,166.323,30541.104,30612.83
1,106615772830,106615882041,106646091272,106646321152,229.88,30209.231,30318.442
2,106632704356,106633070097,106662817244,106663063485,246.241,29747.147,30112.888
0,106649520244,106649622240,106679400067,106679544547,144.48,29777.827,29879.823
1,106666622645,106666731348,106696073908,106696247226,173.318,29342.56,29451.263
2,106683816029,106683932484,106712725563,106712901286,175.723,28793.079,28909.534
0,106700806585,106700869380,106729399809,106729599275,199.466,28530.429,28593.224
1,106717883624,106718021649,106746092614,106746343647,251.033,28070.965,28208.99
2,106735462679,106735532300,106762734351,106762882459,148.108,27202.051,27271.672
0,106752628988,106752786225,106779406957,106779544115,137.158,26620.732,26777.969
1,106769600285,106769716817,106796082613,106796316112,233.499,26365.796,26482.328
2,106786652229,106786795560,106812728482,106812851822,123.34,25932.922,26076.253
0,106803688335,106803806180,106831025137,106831263687,238.55,27218.957,27336.802
1,106820717286,106820813463,106846385846,106846550404,164.558,25572.383,25668.56
2,106837874574,106837946301,106862742566,106862883388,140.822,24796.265,24867.992
0,106855005251,106855116239,106879459052,106879921753,462.701,24342.813,24453.801
1,106871896705,106871970877,106896086855,106896259355,172.5,24115.978,24190.15
2,106888806642,106888893329,106912765922,106913226285,460.363,23872.593,23959.28
0,106905962634,106906028655,106929427660,106929626412,198.752,23399.005,23465.026
1,106922983987,106923107759,106946074948,106946233372,158.424,22967.189,23090.961
2,106940146207,106940252615,106962788760,106963051239,262.479,22536.145,22642.553
0,106957277321,106957367931,106979426454,106979664230,237.776,22058.523,22149.133
1,106974213108,106974322046,106996190570,106996434497,243.927,21868.524,21977.462
2,106991146794,106991226988,107012764561,107013037579,273.018,21537.573,21617.767
0,107008291354,107008351325,107029440425,107029689654,249.229,21089.1,21149.071
0,107008291354,107008351325,107046115460,107046315456,199.996,37764.135,37824.106
1,107025511279,107025614958,107062723867,107062854072,130.205,37108.909,37212.588
2,107042490500,107042600751,107079435427,107079718814,283.387,36834.676,36944.927
0,107059645158,107059736308,107096146769,107096439981,293.212,36410.461,36501.611
1,107076680776,107076791319,107112757895,107112898789,140.894,35966.576,36077.119
2,107093430015,107093533803,107129407175,107129541612,134.437,35873.372,35977.16
0,107110526282,107110627944,107146123019,107146391964,268.945,35495.075,35596.737
1,107127339130,107127425545,107162783102,107163088695,305.593,35357.557,35443.972
2,107144251083,107144318559,107179400407,107179537747,137.34,35081.848,35149.324
0,107161529424,107161623731,107196067266,107196211519,144.253,34443.535,34537.842
1,107178731842,107178951340,107212746844,107212936367,189.523,33795.504,34015.002
2,107195826969,107195953640,107229437657,107229871065,433.408,33484.017,33610.688
0,107212817114,107212876213,107246463915,107246651077,187.162,33587.702,33646.801
1,107229783414,107229884643,107262779732,107262917206,137.474,32895.089,32996.318
2,107246785889,107246862396,107279406769,107279558415,151.646,32544.373,32620.88
0,107263895207,107263984644,107296118983,107296377670,258.687,32134.339,32223.776
1,107280931250,107281016049,107312817642,107313054867,237.225,31801.593,31886.392
2,107298117452,107298206053,107329495099,107329794301,299.202,31289.046,31377.647
0,107315059091,107315130612,107346069565,107346209627,140.062,30938.953,31010.474
1,107332246806,107332329981,107362764840,107362940440,175.6,30434.859,30518.034
2,107349197634,107349276194,107379441617,107379861454,419.837,30165.423,30243.983
0,107366213491,107366299753,107396181335,107396427289,245.954,29881.582,29967.844
1,107383411795,107383507500,107412765562,107412995951,230.389,29258.062,29353.767
2,107400444623,107400525661,107429439732,107429852305,412.573,28914.071,28995.109
0,107417409858,107417472330,107446089295,107446348377,259.082,28616.965,28679.437
1,107434399568,107434503970,107462809272,107463051865,242.593,28305.302,28409.704
2,107451500018,107451557501,107479412408,107479583564,171.156,27854.907,27912.39
0,107468521564,107468592489,107496089609,107496253574,163.965,27497.12,27568.045
1,107485688357,107485766042,107512767030,107512968342,201.312,27000.988,27078.673
2,107502861927,107502957726,107529457447,107529756974,299.527,26499.721,26595.52
0,107519870000,107519936619,107546124468,107546413621,289.153,26187.849,26254.468
1,107537110426,107537205065,107562792312,107563285130,492.818,25587.247,25681.886
2,107554086833,107554183927,107579406905,107579563481,156.576,25222.978,25320.072
0,107571090459,107571170497,107596062315,107596199182,136.867,24891.818,24971.856
1,107588121599,107588194335,107612779209,107613081523,302.314,24584.874,24657.61
2,107605326630,107605618738,107629467456,107629865608,398.152,23848.718,24140.826
0,107622077914,107622153229,107646112135,107646410196,298.061,23958.906,24034.221
1,107639431408,107639536838,107662769736,107662989811,220.075,23232.898,23338.328
2,107656194149,107656271405,107679400014,107679560518,160.504,23128.609,23205.865
0,107673511442,107673622322,107696093812,107696328897,235.085,22471.49,22582.37
1,107690500878,107690565814,107712761582,107713014163,252.581,22195.768,22260.704
2,107707929368,107708093058,107729443159,107729725606,282.447,21350.101,21513.791
2,107707929368,107708093058,107746250516,107746511486,260.97,38157.458,38321.148
0,107725536104,107725680577,107762763260,107763033310,270.05,37082.683,37227.156
1,107742097068,107742227798,107779435240,107779583828,148.588,37207.442,37338.172
2,107759202218,107759271004,107796115583,107796442284,326.701,36844.579,36913.365
0,107776334716,107776408014,107812771501,107813208433,436.932,36363.487,36436.785
1,107793450641,107793516883,107829407209,107829565343,158.134,35890.326,35956.568
2,107810454499,107810564391,107846108573,107846555351,446.778,35544.182,35654.074
0,107827695982,107827837768,107862854027,107863186909,332.882,35016.259,35158.045
1,107844593809,107844742470,107879406319,107879572977,166.658,34663.849,34812.51
2,107861581286,107861711914,107896105542,107896359225,253.683,34393.628,34524.256
0,107879145472,107879280827,107912902339,107913308415,406.076,33621.512,33756.867
1,107895896798,107895957917,107930295346,107930479900,184.554,34337.429,34398.548
2,107912832484,107912930637,107946131329,107946280616,149.287,33200.692,33298.845
2,107912832484,107912930637,107962742745,107962846013,103.268,49812.108,49910.261
0,107929885591,107929955533,107979416946,107979568898,151.952,49461.413,49531.355
1,107946975969,107947091990,107996066502,107996236184,169.682,48974.512,49090.533
2,107964012817,107964089537,108012794846,108012957401,162.555,48705.309,48782.029
0,107981085944,107981199969,108029575678,108029821864,246.186,48375.709,48489.734
1,107998159206,107998248238,108046070512,108046219907,149.395,47822.274,47911.306
2,108015067049,108015182034,108062828306,108063267981,439.675,47646.272,47761.257
0,108032230704,108032324366,108079462265,108079768496,306.231,47137.899,47231.561
1,108049262471,108049391930,108096128377,108096386118,257.741,46736.447,46865.906
2,108066329175,108066410836,108112740580,108112881831,141.251,46329.744,46411.405
0,108083441231,108083542150,108129425639,108129551591,125.952,45883.489,45984.408
1,108101088213,108101195299,108146075955,108146260976,185.021,44880.656,44987.742
2,108117297860,108117402963,108162798736,108162989615,190.879,45395.773,45500.876
0,108134432229,108134545475,108179469194,108179799567,330.373,44923.719,45036.965
1,108151406618,108151548668,108196113011,108196345294,232.283,44564.343,44706.393
2,108168424034,108168537274,108212762244,108213003554,241.31,44224.97,44338.21
0,108185151706,108185241005,108229409894,108229563593,153.699,44168.889,44258.188
1,108202112233,108202179574,108246104984,108246392967,287.983,43925.41,43992.751
2,108219102798,108219181920,108262746921,108262886279,139.358,43565.001,43644.123
0,108236261173,108236325244,108279454728,108279559647,104.919,43129.484,43193.555
1,108253443653,108253713235,108296430880,108296753323,322.443,42717.645,42987.227
2,108270570762,108270651859,108312769620,108313021315,251.695,42117.761,42198.858
0,108287559558,108287663369,108329397622,108329569969,172.347,41734.253,41838.064
1,108304597798,108304679245,108346074645,108346214560,139.915,41395.4,41476.847
2,108321604604,108321706496,108362736059,108362872228,136.169,41029.563,41131.455
0,108338620444,108338695313,108379401565,108379559445,157.88,40706.252,40781.121
1,108355610467,108355703693,108396127414,108396375782,248.368,40423.721,40516.947
2,108372739379,108372836243,108412777132,108412929523,152.391,39940.889,40037.753
0,108389507507,108389591435,108429402282,108429538533,136.251,39810.847,39894.775
1,108406611779,108406676618,108446529342,108446720452,191.11,39852.724,39917.563
1,108458119669,108458197585,108462973634,108463287687,314.053,4776.049,4853.965
2,108475148784,108475226267,108479447751,108479655139,207.388,4221.484,4298.967
0,108492088425,108492166973,108496101195,108496305540,204.345,3934.222,4012.77
1,108509084716,108509147214,108512733981,108512878661,144.68,3586.767,3649.265
2,108526125186,108526235261,108529398941,108529532113,133.172,3163.68,3273.755
0,108543309956,108543383955,108546118016,108546312420,194.404,2734.061,2808.06
1,108560286296,108560375096,108562773840,108563027872,254.032,2398.744,2487.544
2,108577643727,108577752476,108579392516,108579523750,131.234,1640.04,1748.789
0,108594564004,108594685848,108596062952,108596209195,146.243,1377.104,1498.948
1,108611630524,108611716065,108612804954,108613077285,272.331,1088.889,1174.43
1,108611630524,108611716065,108662779631,108663038420,258.789,51063.566,51149.107
2,108628623231,108628721325,108629440208,108629922382,482.174,718.883,816.977
2,108628623231,108628721325,108679441996,108679824023,382.027,50720.671,50818.765
0,108645652303,108645776622,108646111409,108646352094,240.685,334.787,459.106
0,108645652303,108645776622,108696191327,108696476899,285.572,50414.705,50539.024
1,108662857487,108662957841,108712843257,108713002861,159.604,49885.416,49985.77
2,108679994077,108680072977,108729436492,108729661426,224.934,49363.515,49442.415
0,108696880879,108696982176,108746103397,108746563783,460.386,49121.221,49222.518
1,108713935529,108714031257,108762739130,108762894957,155.827,48707.873,48803.601
2,108730600967,108730701336,108779396653,108779537891,141.238,48695.317,48795.686
0,108747396398,108747477891,108796066944,108796223485,156.541,48589.053,48670.546
1,108764652159,108764777765,108812896232,108813057557,161.325,48118.467,48244.073
2,108781674046,108781749194,108829744016,108829920890,176.874,47994.822,48069.97
0,108798743860,108798892000,108846328394,108846501779,173.385,47436.394,47584.534
1,108816004852,108816078751,108862747628,108862873299,125.671,46668.877,46742.776
2,108832824596,108832943073,108879398641,108879532478,133.837,46455.568,46574.045
0,108849896063,108849974527,108896113440,108896336327,222.887,46138.913,46217.377
1,108866834452,108866937606,108912827864,108913076525,248.661,45890.258,45993.412
2,108883714742,108883794997,108929443955,108929586890,142.935,45648.958,45729.213
0,108900878496,108900974545,108946080436,108946220650,140.214,45105.891,45201.94
1,108917847586,108917933814,108962734479,108962886389,151.91,44800.665,44886.893
2,108934818817,108934920818,108979435330,108979831433,396.103,44514.512,44616.513
2,108985802599,108985875760,108996058676,108996184933,126.257,10182.916,10256.077
0,109002818827,109002947845,109012771089,109013008239,237.15,9823.244,9952.262
1,109019919945,109020010856,109029397925,109029555554,157.629,9387.069,9477.98
2,109036717485,109036815973,109046123184,109046388303,265.119,9307.211,9405.699
0,109053907459,109053990129,109063070767,109063264613,193.846,9080.638,9163.308
1,109070887852,109070983692,109079398827,109079529718,130.891,8415.135,8510.975
2,109087859850,109087936295,109096124587,109096339444,214.857,8188.292,8264.737
0,109105715369,109105868899,109112739950,109112893545,153.595,6871.051,7024.581
1,109121655202,109121738750,109129403988,109129540196,136.208,7665.238,7748.786
2,109138672151,109138775568,109146114969,109146479279,364.31,7339.401,7442.818
0,109155902353,109155981307,109162779727,109162977179,197.452,6798.42,6877.374
1,109173011282,109173105035,109179398477,109179559364,160.887,6293.442,6387.195
2,109189839353,109189908007,109196098809,109196404041,305.232,6190.802,6259.456
0,109206587032,109206674160,109212735944,109212891014,155.07,6061.784,6148.912
1,109223755622,109223826595,109229424662,109229569048,144.386,5598.067,5669.04
2,109241117971,109241234117,109246109280,109246275668,166.388,4875.163,4991.309
0,109258141580,109258228829,109262834691,109263079097,244.406,4605.862,4693.111
1,109275267749,109275378119,109279419033,109279574043,155.01,4040.914,4151.284
2,109292153940,109292231616,109296070099,109296176400,106.301,3838.483,3916.159
0,109309230055,109309337745,109312732787,109312832967,100.18,3395.042,3502.732
1,109326244243,109326319341,109329391894,109329544911,153.017,3072.553,3147.651
2,109343404651,109343512133,109346091612,109346306279,214.667,2579.479,2686.961
0,109360488111,109360597862,109362844054,109363237328,393.274,2246.192,2355.943
1,109377651729,109377749354,109379447246,109379625674,178.428,1697.892,1795.517
2,109395014154,109395138586,109396120415,109396304870,184.455,981.829,1106.261
0,109412086599,109412176413,109412749535,109412884470,134.935,573.122,662.936
1,109429108082,109429178756,109429402115,109429597708,195.593,223.359,294.033
1,109429108082,109429178756,109446085793,109446307995,222.202,16907.037,16977.711
2,109445988941,109446080527,109462877136,109463142966,265.83,16796.609,16888.195
0,109463130909,109463212979,109479437129,109479607076,169.947,16224.15,16306.22
1,109480283908,109480425334,109496093443,109496277242,183.799,15668.109,15809.535
2,109497454477,109497531236,109512800542,109512998627,198.085,15269.306,15346.065
0,109514142406,109514233450,109529429498,109529613311,183.813,15196.048,15287.092
1,109530842085,109530917167,109546118868,109546373096,254.228,15201.701,15276.783
2,109547937500,109548024042,109562985014,109563167994,182.98,14960.972,15047.514
0,109565071948,109565144437,109579424242,109579580878,156.636,14279.805,14352.294
1,109582274145,109582368763,109596083782,109596247554,163.772,13715.019,13809.637
2,109599247191,109599329776,109612768308,109612920922,152.614,13438.532,13521.117
0,109615864881,109615948191,109629403818,109629498353,94.535,13455.627,13538.937
1,109632653972,109632728982,109646178457,109646385301,206.844,13449.475,13524.485
2,109649775228,109649868793,109662735445,109662836124,100.679,12866.652,12960.217
0,109667003160,109667092999,109679397760,109679521689,123.929,12304.761,12394.6
1,109684050209,109684189447,109696115339,109696276353,161.014,11925.892,12065.13
2,109701061408,109701133415,109712773061,109713018212,245.151,11639.646,11711.653
0,109718103622,109718191501,109729393295,109729541233,147.938,11201.794,11289.673
1,109734754998,109734823898,109746100475,109746371028,270.553,11276.577,11345.477
2,109751930942,109752111232,109762770166,109763034799,264.633,10658.934,10839.224
0,109769212001,109769295669,109779397791,109779589923,192.132,10102.122,10185.79
1,109786119771,109786217018,109796065372,109796216186,150.814,9848.354,9945.601
2,109803136926,109803209108,109812784562,109812950873,166.311,9575.454,9647.636
0,109820181271,109820269668,109829400401,109829614215,213.814,9130.733,9219.13
1,109837529584,109837617447,109851215839,109851332652,116.813,13598.392,13686.255
2,109854109383,109854245355,109866273331,109866432092,158.761,12027.976,12163.948
0,109871374701,109871446667,109881732304,109881885011,152.707,10285.637,10357.603
1,109888495969,109888604237,109898570622,109898821305,250.683,9966.385,10074.653
2,109905371312,109905441664,109915469375,109915836234,366.859,10027.711,10098.063
0,109922366008,109922449394,109929712571,109929858008,145.437,7263.177,7346.563
1,109939538466,109939611865,109946060340,109946161785,101.445,6448.475,6521.874
2,109956382787,109956466896,109962763115,109962953470,190.355,6296.219,6380.328
0,109973516601,109973591871,109979400983,109979559323,158.34,5809.112,5884.382
0,109973516601,109973591871,109996054589,109996180101,125.512,22462.718,22537.988
1,109990634688,109990722789,110012724838,110013083723,358.885,22002.049,22090.15
2,110007525849,110007599040,110029439382,110029595498,156.116,21840.342,21913.533
0,110024447446,110024543360,110046074092,110046240374,166.282,21530.732,21626.646
1,110041771661,110041875019,110062818468,110063057872,239.404,20943.449,21046.807
2,110058851695,110058929748,110079446671,110079713120,266.449,20516.923,20594.976
0,110075939406,110076009016,110096102875,110096308512,205.637,20093.859,20163.469
1,110093185454,110093269742,110112769338,110113007889,238.551,19499.596,19583.884
2,110111443253,110111561233,110131112834,110131330070,217.236,19551.601,19669.581
0,110127276904,110127399335,110146679638,110146865310,185.672,19280.303,19402.734
1,110144414283,110144492861,110162764820,110163019566,254.746,18271.959,18350.537
2,110161603668,110161705865,110179445511,110179690087,244.576,17739.646,17841.843
0,110178608218,110178675429,110196067370,110196216853,149.483,17391.941,17459.152
1,110195775437,110195870998,110212882466,110213153241,270.775,17011.468,17107.029
2,110212564147,110212652640,110229400687,110229588023,187.336,16748.047,16836.54
0,110229562634,110229649979,110246083553,110246298058,214.505,16433.574,16520.919
1,110246678641,110246745010,110262793491,110263221070,427.579,16048.481,16114.85
2,110263875837,110263958222,110279407203,110279590515,183.312,15448.981,15531.366
0,110280847935,110280911698,110296111648,110296379822,268.174,15199.95,15263.713
1,110297893097,110297974451,110312775085,110313018445,243.36,14800.634,14881.988
2,110314885226,110314952889,110329840671,110330027496,186.825,14887.782,14955.445
0,110331962098,110332064760,110346204426,110346439690,235.264,14139.666,14242.328
1,110349082771,110349155242,110362783879,110363096314,312.435,13628.637,13701.108
2,110366329698,110366446108,110379495422,110379734432,239.01,13049.314,13165.724
0,110383444160,110383537843,110396114182,110396287761,173.579,12576.339,12670.022
1,110400286569,110400370034,110412751797,110412893342,141.545,12381.763,12465.228
2,110417252883,110417321891,110429415997,110429625664,209.667,12094.106,12163.114
0,110434102624,110434229414,110446127438,110446329345,201.907,11898.024,12024.814
1,110451160176,110451232242,110462771320,110462968933,197.613,11539.078,11611.144
2,110467986641,110468121638,110479416654,110479619576,202.922,11295.016,11430.013
0,110485146202,110485222394,110496096318,110496337404,241.086,10873.924,10950.116
1,110502206078,110502296870,110512731082,110512862455,131.373,10434.212,10525.004
2,110519454243,110519515582,110529550753,110529780573,229.82,10035.171,10096.51
0,110537213363,110537361703,110546069262,110546167129,97.867,8707.559,8855.899
0,110537213363,110537361703,110562844889,110563052670,207.781,25483.186,25631.526
1,110553399946,110553471026,110579448412,110579862844,414.432,25977.386,26048.466
2,110570154381,110570233311,110596109328,110596357954,248.626,25876.017,25954.947
0,110587207062,110587268915,110612758893,110612977785,218.892,25489.978,25551.831
1,110604260656,110604365462,110629437719,110629686390,248.671,25072.257,25177.063
2,110621428129,110621499025,110646064152,110646230026,165.874,24565.127,24636.023
0,110638368969,110638448469,110662771398,110662921887,150.489,24322.929,24402.429
1,110655524102,110655653012,110679451425,110679891948,440.523,23798.413,23927.323
2,110672743940,110672830009,110696067494,110696248611,181.117,23237.485,23323.554
0,110689760418,110689823333,110712731069,110712950927,219.858,22907.736,22970.651
1,110706966138,110707062825,110729444548,110729555670,111.122,22381.723,22478.41
2,110724203328,110724280080,110746065005,110746231335,166.33,21784.925,21861.677
0,110741068044,110741153424,110762737258,110762849970,112.712,21583.834,21669.214
1,110758209407,110758285108,110780085803,110780323973,238.17,21800.695,21876.396
2,110775407423,110775490934,110796376405,110796579625,203.22,20885.471,20968.982
0,110792543542,110792629897,110812737284,110812856486,119.202,20107.387,20193.742
1,110809653505,110809781353,110829449173,110829586829,137.656,19667.82,19795.668
2,110826613233,110826682444,110846127237,110846301481,174.244,19444.793,19514.004
0,110843721233,110843824293,110862851671,110863009734,158.063,19027.378,19130.438
1,110860772240,110860861049,110882021899,110882296406,274.507,21160.85,21249.659
2,110877395547,110877493084,110897741864,110898041781,299.917,20248.78,20346.317
0,110894447050,110894518630,110912832695,110913052708,220.013,18314.065,18385.645
1,110911600373,110911688835,110931070508,110931289586,219.078,19381.673,19470.135
2,110928747348,110928826002,110946074106,110946175609,101.503,17248.104,17326.758
0,110945603071,110945708057,110962733250,110962929649,196.399,17025.193,17130.179
1,110962694582,110962763584,110979407221,110979550831,143.61,16643.637,16712.639
2,110979789401,110979884910,110996079045,110996262342,183.297,16194.135,16289.644
0,110996752306,110996822909,111013804659,111014077755,273.096,16981.75,17052.353
1,111013943056,111014023481,111030310733,111030466130,155.397,16287.252,16367.677
2,111031126144,111031193007,111046081772,111046265664,183.892,14888.765,14955.628
0,111048270741,111048371860,111062752968,111062903054,150.086,14381.108,14482.227
1,111065478081,111065579368,111079424713,111079562482,137.769,13845.345,13946.632
2,111082696741,111082902718,111096065661,111096206586,140.925,13162.943,13368.92
2,111082696741,111082902718,111112873362,111113327742,454.38,29970.644,30176.621
0,111099565752,111099664051,111129601817,111129794565,192.748,29937.766,30036.065
1,111116703584,111116810977,111146073695,111146179029,105.334,29262.718,29370.111
2,111133716205,111133805089,111162772102,111163189601,417.499,28967.013,29055.897
0,111150812018,111150898302,111179411526,111179566078,154.552,28513.224,28599.508
1,111167882809,111167973433,111196064199,111196250325,186.126,28090.766,28181.39
2,111184645974,111184771626,111212730639,111212885972,155.333,27959.013,28084.665
0,111201802518,111201893175,111229412092,111229536801,124.709,27518.917,27609.574
1,111218757769,111218853508,111246077862,111246229993,152.131,27224.354,27320.093
2,111235843796,111235926225,111263455445,111263721153,265.708,27529.22,27611.649
0,111253002961,111253098665,111279469224,111279617833,148.609,26370.559,26466.263
1,111269760147,111269838102,111296117689,111296380337,262.648,26279.587,26357.542
2,111287005970,111287099923,111312767543,111313023086,255.543,25667.62,25761.573
0,111304148505,111304374498,111329399895,111329487594,87.699,25025.397,25251.39
1,111320976143,111321073042,111346061018,111346194417,133.399,24987.976,25084.875
2,111338105455,111338225623,111362734209,111362841189,106.98,24508.586,24628.754
0,111355191415,111355275134,111379450506,111379878076,427.57,24175.372,24259.091
1,111372344008,111372432369,111396119235,111396356048,236.813,23686.866,23775.227
2,111389093072,111389179443,111412877822,111413053748,175.926,23698.379,23784.75
0,111406271520,111406357431,111431471548,111431761889,290.341,25114.117,25200.028
1,111423305811,111423398607,111446505226,111446679304,174.078,23106.619,23199.415
2,111440457720,111440529345,111462739896,111462854524,114.628,22210.551,22282.176
0,111457438068,111457523398,111479403314,111479507258,103.944,21879.916,21965.246
1,111474689886,111474778940,111496072343,111496253521,181.178,21293.403,21382.457
2,111491630200,111491736393,111512733650,111512879318,145.668,20997.257,21103.45
0,111508566632,111508652831,111529417154,111529534638,117.484,20764.323,20850.522
1,111525615775,111525728121,111546103017,111546283173,180.156,20374.896,20487.242
2,111542751430,111542829412,111562763380,111562891618,128.238,19933.968,20011.95
0,111559733021,111559823409,111579449234,111579809688,360.454,19625.825,19716.213
1,111576602180,111576681938,111596103212,111596476899,373.687,19421.274,19501.032
2,111593307739,111593397569,111612737869,111612881937,144.068,19340.3,19430.13
0,111610829478,111610925505,111629798556,111629965048,166.492,18873.051,18969.078
1,111627726102,111627835680,111646105397,111646273447,168.05,18269.717,18379.295
2,111644745225,111644817261,111662767970,111663053447,285.477,17950.709,18022.745
0,111661404747,111661513192,111679430881,111679671517,240.636,17917.689,18026.134
1,111678579639,111678672862,111696119307,111696386989,267.682,17446.445,17539.668
2,111695353078,111695439741,111712729050,111712873963,144.913,17289.309,17375.972
0,111712355227,111712440330,111729388124,111729501090,112.966,16947.794,17032.897
1,111729211041,111729313960,111746058015,111746194824,136.809,16744.055,16846.974
2,111746144023,111746220005,111762761149,111762921783,160.634,16541.144,16617.126
0,111763185643,111763287067,111780048911,111780180138,131.227,16761.844,16863.268
0,111763185643,111763287067,111796066410,111796203491,137.081,32779.343,32880.767
2,111797555181,111797647497,111812740470,111812882985,142.515,15092.973,15185.289
0,111814381251,111814459104,111829392035,111829479392,87.357,14932.931,15010.784
1,111831437976,111831548135,111846074583,111846208042,133.459,14526.448,14636.607
2,111848525692,111848619349,111862793604,111862920412,126.808,14174.255,14267.912
0,111865497979,111865611271,111879434490,111879590051,155.561,13823.219,13936.511
0,111865497979,111865611271,111896158091,111896492166,334.075,30546.82,30660.112
1,111882646433,111882728265,111912774538,111912939442,164.904,30046.273,30128.105
2,111899621315,111899719482,111929656713,111929779401,122.688,29937.231,30035.398
0,111916649284,111916726158,111946092082,111946241125,149.043,29365.924,29442.798
1,111933683692,111933782930,111962737253,111962881569,144.316,28954.323,29053.561
2,111950973910,111951044830,111979414318,111979569905,155.587,28369.488,28440.408
0,111967946783,111968041019,111996066166,111996186425,120.259,28025.147,28119.383
1,111984954467,111985030813,112012734053,112012867876,133.823,27703.24,27779.586
2,112001993105,112002073843,112029388517,112029503923,115.406,27314.674,27395.412
0,112019030681,112019095326,112046053454,112046198209,144.755,26958.128,27022.773
1,112036115776,112036219222,112062734990,112062891917,156.927,26515.768,26619.214
2,112053227755,112053326504,112079418678,112079545143,126.465,26092.174,26190.923
0,112070149538,112070247709,112096145612,112096391068,245.456,25897.903,25996.074
1,112087112733,112087191557,112112740973,112112851940,110.967,25549.416,25628.24
2,112104182078,112104303100,112129393734,112129484024,90.29,25090.634,25211.656
0,112120859581,112120949478,112146365164,112146564769,199.605,25415.686,25505.583
1,112137968534,112138068284,112162771824,112162917277,145.453,24703.54,24803.29
2,112155081191,112155195949,112179444115,112179691406,247.291,24248.166,24362.924
0,112172007163,112172109981,112196069919,112196217977,148.058,23959.938,24062.756
1,112189134246,112189203183,112212765578,112213109112,343.534,23562.395,23631.332
2,112206142188,112206237014,112229440935,112229616444,175.509,23203.921,23298.747
0,112223247812,112223309822,112246067497,112246214483,146.986,22757.675,22819.685
1,112240440185,112240524970,112262729748,112262886075,156.327,22204.778,22289.563
2,112257382123,112257476356,112279433402,112279577717,144.315,21957.046,22051.279
0,112274676269,112274791645,112296121611,112296314102,192.491,21329.966,21445.342
1,112291598280,112291684178,112312762688,112313198521,435.833,21078.51,21164.408
2,112308806069,112308902719,112329394993,112329478544,83.551,20492.274,20588.924
0,112325985726,112326061453,112346068697,112346202139,133.442,20007.244,20082.971
1,112343223040,112343326482,112362738110,112362876838,138.728,19411.628,19515.07
2,112360229738,112360306311,112379435555,112379697505,261.95,19129.244,19205.817
0,112377354358,112377470327,112396341108,112396608772,267.664,18870.781,18986.75
1,112394411623,112394521968,112412776822,112412941973,165.151,18254.854,18365.199
2,112411661824,112411743982,112437534816,112437726684,191.868,25790.834,25872.992
0,112428675569,112428736643,112451629289,112451836861,207.572,22892.646,22953.72
1,112445716668,112445798254,112467051184,112467227744,176.56,21252.93,21334.516
2,112462767143,112462843328,112482204775,112482364892,160.117,19361.447,19437.632
0,112480012737,112480128161,112498326882,112498510019,183.137,18198.721,18314.145
1,112496699046,112496782398,112512880862,112513281056,400.194,16098.464,16181.816
2,112513782778,112513875806,112529426060,112529611635,185.575,15550.254,15643.282
0,112530653334,112530716073,112546081593,112546214528,132.935,15365.52,15428.259
1,112547899856,112547999538,112562784809,112562969772,184.963,14785.271,14884.953
2,112564997131,112565067477,112579453971,112579679626,225.655,14386.494,14456.84
0,112582057902,112582176317,112596067482,112596213660,146.178,13891.165,14009.58
0,112582057902,112582176317,112612782454,112613254555,472.101,30606.137,30724.552
1,112599001578,112599104972,112629399626,112629521718,122.092,30294.654,30398.048
2,112615988468,112616096795,112646055874,112646192599,136.725,29959.079,30067.406
0,112633126515,112633209861,112662773886,112663029975,256.089,29564.025,29647.371
1,112650242839,112650347403,112679391787,112679515114,123.327,29044.384,29148.948
2,112667145424,112667211291,112696064435,112696202106,137.671,28853.144,28919.011
0,112684465877,112684558370,112712761126,112712991326,230.2,28202.756,28295.249
1,112701628513,112701714453,112729414777,112729574606,159.829,27700.324,27786.264
2,112718698853,112718791840,112746104081,112746364544,260.463,27312.241,27405.228
0,112735738811,112735811725,112762736334,112762878302,141.968,26924.609,26997.523
1,112752932588,112753020180,112779431885,112779703586,271.701,26411.705,26499.297
2,112769965997,112770047236,112796093670,112796338919,245.249,26046.434,26127.673
0,112786870874,112786976211,112812743441,112812892440,148.999,25767.23,25872.567
1,112803702341,112803794808,112829460915,112829716320,255.405,25666.107,25758.574
2,112820594444,112820688909,112846065885,112846199473,133.588,25376.976,25471.441
0,112837635104,112837704405,112864892640,112864990782,98.142,27188.235,27257.536
1,112854443473,112854522656,112879717459,112879887396,169.937,25194.803,25273.986
2,112871477656,112871560960,112907056534,112907298864,242.33,35495.574,35578.878
1,112905902777,112906000763,112913319344,112913642731,323.387,7318.581,7416.567
1,112905902777,112906000763,112933767749,112933925210,157.461,27766.986,27864.972
2,112922767924,112922852875,112946938884,112947029005,90.121,24086.009,24170.96
0,112939756782,112939825292,112962788716,112962936868,148.152,22963.424,23031.934
1,112956784939,112956867037,112979391153,112979478789,87.636,22524.116,22606.214
2,112973913884,112973988239,112996883284,112997037198,153.914,22895.045,22969.4
0,112991191031,112991325843,113022235987,113022404532,168.545,30910.144,31044.956
2,113025290342,113025392191,113036188533,113036418526,229.993,10796.342,10898.191
2,113025290342,113025392191,113049090332,113049370842,280.51,23698.141,23799.99
0,113042236326,113042314823,113063903144,113064098607,195.463,21588.321,21666.818
1,113058993861,113059086200,113080445386,113080620132,174.746,21359.186,21451.525
2,113075799695,113075875368,113096076458,113096209460,133.002,20201.09,20276.763
0,113093052882,113093164793,113112729349,113112864994,135.645,19564.556,19676.467
1,113109714761,113109797875,113129391444,113129508936,117.492,19593.569,19676.683
2,113127045222,113127155687,113146126458,113146422870,296.412,18970.771,19081.236
0,113144063081,113144150984,113162959752,113163260811,301.059,18808.768,18896.671
1,113161003295,113161154122,113179401191,113179540873,139.682,18247.069,18397.896
2,113177749809,113177824954,113196079157,113196221138,141.981,18254.203,18329.348
0,113195068222,113195200023,113212777195,113213085321,308.126,17577.172,17708.973
1,113212053262,113212131209,113229398146,113229581863,183.717,17266.937,17344.884
2,113229400287,113229497185,113246097738,113246348942,251.204,16600.553,16697.451
0,113246299544,113246383445,113262828587,113263176838,348.251,16445.142,16529.043
1,113263303702,113263393735,113279421949,113279572710,150.761,16028.214,16118.247
2,113280079209,113280150558,113296066449,113296215760,149.311,15915.891,15987.24
0,113297277773,113297365251,113312761337,113313013040,251.703,15396.086,15483.564
1,113314325492,113314405159,113329386990,113329516073,129.083,14981.831,15061.498
2,113331221008,113331311511,113346135861,113346386469,250.608,14824.35,14914.853
0,113348376255,113348459811,113362742031,113362930104,188.073,14282.22,14365.776
0,113348376255,113348459811,113379421435,113379597507,176.072,30961.624,31045.18
1,113365431351,113365528310,113396106550,113396341273,234.723,30578.24,30675.199
2,113382411817,113382497223,113412779587,113413089783,310.196,30282.364,30367.77
0,113399223451,113399320462,113433816167,113434002286,186.119,34495.705,34592.716
2,113433515010,113433630816,113448359566,113448527746,168.18,14728.75,14844.556
0,113450599761,113450677103,113463914044,113464087151,173.107,13236.941,13314.283
0,113450599761,113450677103,113480925219,113481138135,212.916,30248.116,30325.458
1,113467534468,113467617118,113496069321,113496202707,133.386,28452.203,28534.853
2,113484600027,113484672192,113512764696,113512989997,225.301,28092.504,28164.669
0,113501629428,113501725706,113529437327,113529648341,211.014,27711.621,27807.899
1,113518713734,113518803262,113546357899,113546631878,273.979,27554.637,27644.165
2,113535672702,113535765189,113562731118,113562881394,150.276,26965.929,27058.416
0,113552836547,113552928312,113579418062,113579560836,142.774,26489.75,26581.515
1,113569747208,113569844752,113596101904,113596249487,147.583,26257.152,26354.696
2,113586955190,113587051547,113612733335,113612907472,174.137,25681.788,25778.145
0,113603853401,113603962292,113629410852,113629604594,193.742,25448.56,25557.451
1,113621020524,113621108167,113646071280,113646255371,184.091,24963.113,25050.756
2,113637942796,113638030244,113662780312,113663074034,293.722,24750.068,24837.516
0,113655047984,113655142463,113679393851,113679571935,178.084,24251.388,24345.867
1,113672031558,113672128466,113696166246,113696521503,355.257,24037.78,24134.688
2,113689100007,113689163187,113712758167,113712904664,146.497,23594.98,23658.16
0,113706063026,113706158281,113729397837,113729547638,149.801,23239.556,23334.811
1,113723131509,113723215965,113746060254,113746211255,151.001,22844.289,22928.745
2,113740269603,113740385173,113762723857,113762884372,160.515,22338.684,22454.254
0,113757298313,113757376587,113779445343,113779890643,445.3,22068.756,22147.03
1,113774502154,113774608572,113796175804,113796413827,238.023,21567.232,21673.65
2,113791658367,113791736819,113812752154,113812896293,144.139,21015.335,21093.787
0,113808804655,113808907082,113829403848,113829539225,135.377,20496.766,20599.193
1,113825721701,113825813590,113846066220,113846219261,153.041,20252.63,20344.519
2,113842905963,113842998997,113862735260,113862874109,138.849,19736.263,19829.297
0,113860283802,113860356821,113879674587,113879799434,124.847,19317.766,19390.785
1,113877451376,113877563095,113896069408,113896208010,138.602,18506.313,18618.032
2,113894441236,113894556549,113912822634,113913208429,385.795,18266.085,18381.398
0,113911660041,113911765720,113934055795,113934377433,321.638,22290.075,22395.754
1,113928713922,113928790123,113948950202,113949113573,163.371,20160.079,20236.28
2,113945709707,113945801657,113963492997,113963689986,196.989,17691.34,17783.29
0,113962719482,113962798768,113979396297,113979534622,138.325,16597.529,16676.815
1,113979739010,113979834850,113996061740,113996238824,177.084,16226.89,16322.73
2,113996758031,113996862697,114012732860,114012904999,172.139,15870.163,15974.829
0,114013749469,114013835911,114029498359,114029738159,239.8,15662.448,15748.89
1,114030978491,114031056170,114046087076,114046274382,187.306,15030.906,15108.585
2,114047896567,114047989155,114062732077,114062870908,138.831,14742.922,14835.51
0,114065152690,114065216591,114079397633,114079645234,247.601,14181.042,14244.943
1,114082351171,114082466213,114096062821,114096213998,151.177,13596.608,13711.65
2,114099237053,114099327778,114112723663,114112852159,128.496,13395.885,13486.61
0,114116384246,114116482979,114129638872,114129978741,339.869,13155.893,13254.626
1,114133209752,114133297823,114146101637,114146369234,267.597,12803.814,12891.885
1,114133209752,114133297823,114163042410,114163299553,257.143,29744.587,29832.658
2,114150206969,114150306484,114179391256,114179546525,155.269,29084.772,29184.287
0,114167268604,114167362880,114196061093,114196226496,165.403,28698.213,28792.489
1,114184338210,114184431845,114212768677,114213026284,257.607,28336.832,28430.467
2,114201368959,114201489264,114229427622,114229659464,231.842,27938.358,28058.663
0,114218406858,114218505313,114246077381,114246224487,147.106,27572.068,27670.523
1,114235542646,114235661169,114262774831,114263016007,241.176,27113.662,27232.185
2,114252686062,114252793809,114279447874,114279882323,434.449,26654.065,26761.812
0,114269702217,114269846834,114296129746,114296300886,171.14,26282.912,26427.529
1,114286836943,114286940070,114312735059,114312920829,185.77,25794.989,25898.116
2,114303958537,114304041882,114329401465,114329565774,164.309,25359.583,25442.928
0,114320889250,114320991380,114346118786,114346413422,294.636,25127.406,25229.536
1,114337968253,114338055669,114362729422,114362852293,122.871,24673.753,24761.169
2,114355148903,114355256892,114379396955,114379517838,120.883,24140.063,24248.052
0,114372135031,114372223691,114396105930,114396295526,189.596,23882.239,23970.899
1,114389191595,114389289708,114413319592,114413561112,241.52,24029.884,24127.997
2,114406367789,114406466573,114429399811,114429544220,144.409,22933.238,23032.022
0,114423294333,114423397422,114446064855,114446208689,143.834,22667.433,22770.522
1,114440258933,114440343948,114462804282,114463324837,520.555,22460.334,22545.349
2,114457394978,114457500770,114479595454,114479855538,260.084,22094.684,22200.476
0,114474342927,114474429413,114496080928,114496240919,159.991,21651.515,21738.001
1,114491507056,114491605583,114512907195,114513104068,196.873,21301.612,21400.139
2,114508617346,114508716259,114529429503,114529763226,333.723,20713.244,20812.157
0,114525263617,114525368680,114546115170,114546361471,246.301,20746.49,20851.553
1,114542338194,114542426469,114562830254,114563137739,307.485,20403.785,20492.06
2,114559392787,114559490901,114579576283,114579883058,306.775,20085.382,20183.496
0,114576351931,114576436976,114596091367,114596324899,233.532,19654.391,19739.436
1,114593697773,114593809706,114612747956,114613079917,331.961,18938.25,19050.183
2,114610594444,114610699601,114629396720,114629562354,165.634,18697.119,18802.276
0,114627620555,114627749193,114646183910,114646444213,260.303,18434.717,18563.355
1,114644820299,114644910460,114662825172,114663079749,254.577,17914.712,18004.873
2,114661598971,114661684148,114679402150,114679523990,121.84,17718.002,17803.179
0,114678710706,114678783820,114696072187,114696226237,154.05,17288.367,17361.481
1,114695669524,114695751828,114712751809,114712878488,126.679,16999.981,17082.285
2,114712862618,114712931050,114729397605,114729546459,148.854,16466.555,16534.987
0,114729978837,114730096877,114746068007,114746238396,170.389,15971.13,16089.17
1,114746778860,114746870378,114762763369,114762900562,137.193,15892.991,15984.509
2,114763799408,114763880983,114779436885,114779601443,164.558,15555.902,15637.477
0,114780901543,114780979562,114796094957,114796330484,235.527,15115.395,15193.414
1,114797967306,114798065957,114812767279,114813137177,369.898,14701.322,14799.973
2,114814747479,114814815320,114829405107,114829571822,166.715,14589.787,14657.628
0,114831970705,114832060540,114846098668,114846275271,176.603,14038.128,14127.963
1,114849040079,114849126024,114862791513,114863225138,433.625,13665.489,13751.434
2,114865722535,114865813267,114879407273,114879545904,138.631,13594.006,13684.738
0,114882912659,114882999744,114896152918,114896386653,233.735,13153.174,13240.259
1,114900093814,114900195900,114913482478,114913670513,188.035,13286.578,13388.664
2,114917120440,114917199230,114929411519,114929554220,142.701,12212.289,12291.079
2,114917120440,114917199230,114946102114,114946349427,247.313,28902.884,28981.674
0,114934309108,114934405443,114962730686,114962864139,133.453,28325.243,28421.578
1,114951407136,114951518686,114979394508,114979533562,139.054,27875.822,27987.372
2,114968453412,114968558860,114996131828,114996537865,406.037,27572.968,27678.416
0,114985489502,114985580717,115012741346,115012864688,123.342,27160.629,27251.844
1,115002604743,115002709282,115029580698,115029832080,251.382,26871.416,26975.955
2,115019697245,115019787666,115046102126,115046360013,257.887,26314.46,26404.881
0,115036687412,115036827654,115062831489,115063307112,475.623,26003.835,26144.077
1,115053788424,115053873768,115079417819,115079556819,139.0,25544.051,25629.395
2,115070867144,115070978545,115096084024,115096292633,208.609,25105.479,25216.88
0,115087682415,115087781876,115112731094,115112855709,124.615,24949.218,25048.679
1,115104697741,115104823895,115129436594,115129669427,232.833,24612.699,24738.853
2,115121835615,115121925870,115146067176,115146199562,132.386,24141.306,24231.561
0,115138849211,115138962256,115162767876,115162999776,231.9,23805.62,23918.665
1,115155870478,115155961841,115179412915,115179532721,119.806,23451.074,23542.437
2,115172923746,115173029287,115196065974,115196208500,142.526,23036.687,23142.228
0,115189930622,115190018989,115212898537,115213359253,460.716,22879.548,22967.915
1,115206982586,115207095459,115229556362,115229725402,169.04,22460.903,22573.776
2,115223951161,115224034663,115246064186,115246204902,140.716,22029.523,22113.025
0,115240985422,115241088617,115262733016,115262861127,128.111,21644.399,21747.594
1,115257793113,115257879977,115279436890,115279840816,403.926,21556.913,21643.777
2,115274932981,115275045354,115296074350,115296210263,135.913,21028.996,21141.369
0,115292066687,115292152480,115312832578,115313073433,240.855,20680.098,20765.891
1,115309329127,115309428565,115329415214,115329580997,165.783,19986.649,20086.087
2,115326395715,115326491310,115346063943,115346238137,174.194,19572.633,19668.228
0,115343362037,115343469367,115362742222,115362888572,146.35,19272.855,19380.185
1,115360163970,115360245948,115379393569,115379529026,135.457,19147.621,19229.599
2,115377420405,115377537909,115396254058,115396493409,239.351,18716.149,18833.653
0,115394120769,115394206838,115412781174,115412933299,152.125,18574.336,18660.405
1,115410982210,115411093533,115429421582,115429609796,188.214,18328.049,18439.372
2,115428245838,115428326494,115446101549,115446288588,187.039,17775.055,17855.711
0,115445283631,115445379043,115462821647,115463122203,300.556,17442.604,17538.016
1,115462378947,115462446691,115479428680,115479587362,158.682,16981.989,17049.733
2,115479546663,115479630393,115496139224,115496686818,547.594,16508.831,16592.561
0,115496542956,115496633674,115512881551,115513362595,481.044,16247.877,16338.595
1,115513672696,115513781207,115529478254,115529798863,320.609,15697.047,15805.558
2,115530728893,115530812859,115546142498,115546413773,271.275,15329.639,15413.605
0,115547641371,115547748933,115562829543,115563064519,234.976,15080.61,15188.172
1,115564721743,115564796494,115579426164,115579585896,159.732,14629.67,14704.421
2,115581733095,115581817481,115596151576,115596385713,234.137,14334.095,14418.481
0,115599297802,115599402563,115612848949,115613150918,301.969,13446.386,13551.147
1,115615974403,115616087042,115629434995,115629624186,189.191,13347.953,13460.592
2,115633277206,115633373979,115646117927,115646337188,219.261,12743.948,12840.721
2,115633277206,115633373979,115662923554,115663322051,398.497,29549.575,29646.348
0,115650401331,115650503904,115679416013,115679599360,183.347,28912.109,29014.682
1,115667328110,115667402048,115696083590,115696273296,189.706,28681.542,28755.48
2,115684368357,115684465876,115712755425,115712926764,171.339,28289.549,28387.068
0,115701438364,115701520207,115729418219,115729577981,159.762,27898.012,27979.855
1,115718232684,115718333324,115746106516,115746294580,188.064,27773.192,27873.832
2,115735249333,115735335185,115762754350,115762917507,163.157,27419.165,27505.017
0,115752285381,115752378280,115779416411,115779595368,178.957,27038.131,27131.03
1,115769212395,115769294401,115796113431,115796273390,159.959,26819.03,26901.036
2,115786375797,115786484279,115812767713,115812953955,186.242,26283.434,26391.916
0,115803353352,115803448374,115829460682,115829629341,168.659,26012.308,26107.33
1,115820720679,115820832374,115846096966,115846274013,177.047,25264.592,25376.287
2,115837719470,115837806027,115862766512,115862961327,194.815,24960.485,25047.042
0,115854866560,115854960305,115879442492,115879624945,182.453,24482.187,24575.932
1,115871879456,115871976034,115896112318,115896309059,196.741,24136.284,24232.862
2,115888974042,115889090084,115912800748,115913088211,287.463,23710.664,23826.706
0,115905991930,115906128006,115929460732,115929695864,235.132,23332.726,23468.802
1,115922874949,115922984274,115946187673,115946643891,456.218,23203.399,23312.724
2,115940209277,115940294297,115962821637,115963095834,274.197,22527.34,22612.36
0,115957303617,115957397828,115979431692,115979619850,188.158,22033.864,22128.075
1,115974163173,115974252777,115996098208,115996266249,168.041,21845.431,21935.035
2,115990875983,115990974597,116012756694,116012911563,154.869,21782.097,21880.711
0,116008060618,116008142618,116029416761,116029574757,157.996,21274.143,21356.143
1,116025398914,116025500499,116046090946,116046270138,179.192,20590.447,20692.032
2,116042600360,116042737537,116062743573,116062897391,153.818,20006.036,20143.213
0,116059491137,116059596163,116079414941,116079565282,150.341,19818.778,19923.804
1,116076597906,116076684276,116096068892,116096216905,148.013,19384.616,19470.986
2,116093713793,116093824794,116112821286,116112987640,166.354,18996.492,19107.493
0,116110882357,116110981266,116129480433,116129777351,296.918,18499.167,18598.076
1,116128038857,116128155169,116146078960,116146214988,136.028,17923.791,18040.103
2,116145055291,116145153762,116162842244,116163128056,285.812,17688.482,17786.953
0,116162096833,116162199312,116179500712,116179688010,187.298,17301.4,17403.879
1,116179001560,116179090311,116196066028,116196224116,158.088,16975.717,17064.468
2,116195903442,116196006980,116212741810,116212889813,148.003,16734.83,16838.368
0,116213090585,116213191678,116229444176,116229889863,445.687,16252.498,16353.591
1,116230603320,116230704152,116246066198,116246220061,153.863,15362.046,15462.878
2,116247707489,116247800800,116263048675,116263286094,237.419,15247.875,15341.186
0,116264786733,116264894396,116279498066,116279843955,345.889,14603.67,14711.333
1,116281803737,116281885405,116296111296,116296263293,151.997,14225.891,14307.559
2,116298827242,116298926385,116312746267,116312893815,147.548,13819.882,13919.025
0,116316084991,116316171650,116329406794,116329584550,177.756,13235.144,13321.803
1,116332869897,116332985596,116346094480,116346255396,160.916,13108.884,13224.583
2,116349948989,116350040019,116362732975,116362931254,198.279,12692.956,12783.986
0,116366805525,116366916196,116379448628,116379604821,156.193,12532.432,12643.103
0,116366805525,116366916196,116396124324,116396321922,197.598,29208.128,29318.799
2,116400979079,116401072945,116418751930,116418951186,199.256,17678.985,17772.851
0,116417866912,116417939375,116434600339,116434762801,162.462,16660.964,16733.427
1,116434924848,116435014881,116450021745,116450194525,172.78,15006.864,15096.897
2,116451806913,116451875285,116465530151,116465694037,163.886,13654.866,13723.238
0,116468927481,116469042126,116480602029,116480826048,224.019,11559.903,11674.548
0,116468927481,116469042126,116496152394,116496330391,177.997,27110.268,27224.913
1,116486053693,116486158542,116512751599,116513117747,366.148,26593.057,26697.906
2,116503030890,116503134326,116529405063,116529565649,160.586,26270.737,26374.173
0,116519821115,116519943213,116546109595,116546545703,436.108,26166.382,26288.48
1,116537015287,116537093441,116562860905,116563108920,248.015,25767.464,25845.618
2,116554137356,116554199486,116579499679,116579710482,210.803,25300.193,25362.323
0,116571399529,116571515901,116596100201,116596252291,152.09,24584.3,24700.672
1,116588432521,116588519162,116612928659,116613102269,173.61,24409.497,24496.138
2,116605728916,116605845545,116629417354,116629627286,209.932,23571.809,23688.438
0,116622630398,116622720306,116646076871,116646230791,153.92,23356.565,23446.473
1,116639745976,116639849073,116663014635,116663342988,328.353,23165.562,23268.659
2,116656819464,116656905633,116679421443,116679620617,199.174,22515.81,22601.979
0,116673982758,116674087585,116696085553,116696228626,143.073,21997.968,22102.795
1,116691066846,116691158654,116712801295,116713047704,246.409,21642.641,21734.449
2,116708399863,116708504692,116729433636,116729601548,167.912,20928.944,21033.773
0,116725456395,116725537717,116746099095,116746291819,192.724,20561.378,20642.7
1,116742602762,116742695137,116762802793,116763040093,237.3,20107.656,20200.031
2,116759789626,116759875690,116779404169,116779556423,152.254,19528.479,19614.543
0,116776863083,116776961041,116796184961,116796474154,289.193,19223.92,19321.878
1,116794056174,116794143036,116812785136,116813233666,448.53,18642.1,18728.962
2,116811227691,116811467541,116829494991,116830027637,532.646,18027.45,18267.3
0,116828367515,116828447196,116846079343,116846253743,174.4,17632.147,17711.828
1,116845197594,116845411588,116862739893,116862907246,167.353,17328.305,17542.299
2,116862282628,116862368387,116879410810,116879581370,170.56,17042.423,17128.182
0,116879069429,116879163831,116896087214,116896251353,164.139,16923.383,17017.785
1,116896189115,116896265199,116912789145,116913113120,323.975,16523.946,16600.03
2,116913172431,116913285553,116929448439,116929608599,160.16,16162.886,16276.008
0,116930223111,116930293642,116946076952,116946221319,144.367,15783.31,15853.841
1,116946936005,116947025271,116962749697,116962956394,206.697,15724.426,15813.692
2,116964046921,116964125148,116979402613,116979551178,148.565,15277.465,15355.692
0,116981271295,116981368361,116996109232,116996400769,291.537,14740.871,14837.937
1,116998420512,116998500633,117012774193,117013066748,292.555,14273.56,14353.681
2,117015436913,117015531684,117029479678,117029738274,258.596,13947.994,14042.765
0,117032711453,117032796092,117046118919,117046394909,275.99,13322.827,13407.466
1,117049749927,117049852861,117062769984,117062922416,152.432,12917.123,13020.057
2,117066807691,117066889649,117079409144,117079576012,166.868,12519.495,12601.453
0,117083758439,117083837560,117096097243,117096310347,213.104,12259.683,12338.804
1,117101061660,117101157483,117112854358,117113225095,370.737,11696.875,11792.698
2,117118119485,117118235295,117129413717,117129555962,142.245,11178.422,11294.232
0,117134890567,117134968707,117146154863,117146446663,291.8,11186.156,11264.296
0,117134890567,117134968707,117162769858,117162885483,115.625,27801.151,27879.291
1,117151929050,117152025673,117179765454,117179946722,181.268,27739.781,27836.404
2,117169051380,117169147540,117196087171,117196226696,139.525,26939.631,27035.791
0,117186072724,117186163357,117212728904,117212889428,160.524,26565.547,26656.18
1,117202781037,117202851399,117229393440,117229533042,139.602,26542.041,26612.403
2,117219554541,117219668665,117246115941,117246365056,249.115,26447.276,26561.4
0,117236567826,117236634503,117262753394,117262924199,170.805,26118.891,26185.568
1,117253319439,117253415527,117279413263,117279567808,154.545,25997.736,26093.824
2,117270390144,117270475941,117296078853,117296203231,124.378,25602.912,25688.709
0,117287297655,117287393792,117312740283,117312912616,172.333,25346.491,25442.628
1,117304763232,117304843108,117329395940,117329561055,165.115,24552.832,24632.708
2,117321800182,117321895988,117346068226,117346309337,241.111,24172.238,24268.044
0,117338737123,117338822204,117362794162,117363098006,303.844,23971.958,24057.039
1,117355802297,117355896222,117379414269,117379573351,159.082,23518.047,23611.972
2,117372599532,117372673426,117396129682,117396376301,246.619,23456.256,23530.15
0,117389746166,117389831668,117412750554,117412928440,177.886,22918.886,23004.388
1,117407288388,117407384273,117429408626,117429544658,136.032,22024.353,22120.238
2,117424092009,117424220900,117446072161,117446206295,134.134,21851.261,21980.152
0,117441200898,117441272770,117462741916,117462951708,209.792,21469.146,21541.018
1,117458053532,117458139534,117479459113,117479887813,428.7,21319.579,21405.581
2,117475401298,117475470398,117496061484,117496188998,127.514,20591.086,20660.186
0,117492101237,117492178815,117512741842,117512895252,153.41,20563.027,20640.605
1,117509050444,117509119278,117529403067,117529555472,152.405,20283.789,20352.623
2,117526193441,117526282656,117546066744,117546210890,144.146,19784.088,19873.303
0,117543218112,117543290436,117562739433,117562873463,134.03,19448.997,19521.321
1,117560081147,117560168379,117579453090,117579750660,297.57,19284.711,19371.943
2,117577214651,117577278535,117596141772,117596301829,160.057,18863.237,18927.121
0,117594280847,117594356088,117612741087,117612873978,132.891,18384.999,18460.24
1,117611499906,117611582238,117629453944,117629872421,418.477,17871.706,17954.038
2,117628613003,117628721473,117646070899,117646217194,146.295,17349.426,17457.896
0,117645579134,117645667280,117662780797,117662920790,139.993,17113.517,17201.663
1,117662477518,117662561457,117679432865,117679664694,231.829,16871.408,16955.347
2,117679686972,117679755062,117696142064,117696345910,203.846,16387.002,16455.092
0,117696841962,117696921522,117712764180,117712919619,155.439,15842.658,15922.218
1,117713648841,117713715848,117729394201,117729599531,205.33,15678.353,15745.36
2,117730916411,117730994364,117746063561,117746201708,138.147,15069.197,15147.15
0,117748018901,117748093506,117762797018,117762932539,135.521,14703.512,14778.117
1,117764776676,117764867792,117779402021,117779543012,140.991,14534.229,14625.345
2,117781987999,117782056669,117796123902,117796390600,266.698,14067.233,14135.903
0,117798951617,117799033663,117812753060,117812905610,152.55,13719.397,13801.443
0,117798951617,117799033663,117829401301,117829534734,133.433,30367.638,30449.684
2,117833062333,117833141362,117846064917,117846183434,118.517,12923.555,13002.584
2,117833062333,117833141362,117862730759,117862919064,188.305,29589.397,29668.426
0,117850028355,117850088861,117879434234,117879674101,239.867,29345.373,29405.879
1,117867270027,117867357078,117896089697,117896454017,364.32,28732.619,28819.67
2,117884188735,117884249085,117912791733,117913023446,231.713,28542.648,28602.998
0,117901334670,117901420171,117934213897,117934433177,219.28,32793.726,32879.227
2,117935578913,117935683973,117948056931,117948286684,229.753,12372.958,12478.018
2,117935578913,117935683973,117964263970,117964515046,251.076,28579.997,28685.057
0,117952693332,117952762118,117979453954,117979674853,220.899,26691.836,26760.622
1,117969770741,117969863577,117996061858,117996219943,158.085,26198.281,26291.117
2,117986673088,117986750816,118012778294,118013027653,249.359,26027.478,26105.206
0,118003715898,118003801284,118029423310,118029651779,228.469,25622.026,25707.412
1,118020864783,118020928060,118046071615,118046215241,143.626,25143.555,25206.832
2,118038072748,118038186229,118062764841,118063015259,250.418,24578.612,24692.093
0,118054934114,118055005510,118079425908,118079557481,131.573,24420.398,24491.794
1,118071800205,118071878537,118096106278,118096529921,423.643,24227.741,24306.073
2,118088961205,118089043680,118112776615,118113043055,266.44,23732.935,23815.41
0,118106051258,118106147140,118129435414,118129630494,195.08,23288.274,23384.156
1,118123045792,118123109345,118146103025,118146537896,434.871,22993.68,23057.233
2,118140338123,118140461344,118162740340,118162914787,174.447,22278.996,22402.217
0,118157245089,118157335387,118179395232,118179529476,134.244,22059.845,22150.143
1,118174240120,118174331355,118196110297,118196215657,105.36,21778.942,21870.177
2,118191400204,118191471433,118212743697,118212876816,133.119,21272.264,21343.493
0,118208378230,118208465382,118229413080,118229553196,140.116,20947.698,21034.85
1,118225509403,118225576476,118246098858,118246260784,161.926,20522.382,20589.455
2,118242952109,118243037026,118262956073,118263198092,242.019,19919.047,20003.964
0,118259996269,118260072184,118279407019,118279536542,129.523,19334.835,19410.75
1,118277084433,118277161790,118296069802,118296209088,139.286,18908.012,18985.369
2,118294179049,118294267297,118312799768,118313056745,256.977,18532.471,18620.719
0,118311411087,118311500612,118329430697,118329664618,233.921,17930.085,18019.61
1,118328369746,118328452636,118346163960,118346464950,300.99,17711.324,17794.214
2,118345287877,118345372974,118362728677,118362890907,162.23,17355.703,17440.8
0,118362233856,118362293865,118379428249,118379660909,232.66,17134.384,17194.393
1,118379710640,118379786653,118396133736,118396382350,248.614,16347.083,16423.096
2,118396734533,118396803207,118412868949,118413162294,293.345,16065.742,16134.416
0,118413535957,118413625919,118429427792,118429616058,188.266,15801.873,15891.835
1,118430627584,118430687960,118446070685,118446234693,164.008,15382.725,15443.101
2,118447800325,118447881185,118462745588,118462919012,173.424,14864.403,14945.263
0,118464904670,118464970053,118479400195,118479531022,130.827,14430.142,14495.525
1,118481839277,118481919543,118496063325,118496199121,135.796,14143.782,14224.048
2,118498692971,118498769248,118512728946,118512857281,128.335,13959.698,14035.975
0,118515912074,118516033425,118529400760,118529558638,157.878,13367.335,13488.686
1,118532928065,118532990962,118546063632,118546206170,142.538,13072.67,13135.567
2,118550066544,118550149364,118562813694,118563069923,256.229,12664.33,12747.15
0,118567264606,118567324328,118579399553,118579532702,133.149,12075.225,12134.947
1,118584012554,118584089596,118596113763,118596364775,251.012,12024.167,12101.209
2,118601158792,118601253236,118612803786,118613165783,361.997,11550.55,11644.994
2,118601158792,118601253236,118629461059,118630059460,598.401,28207.823,28302.267
0,118618026099,118618126320,118646071710,118646231434,159.724,27945.39,28045.611
1,118634943514,118635016418,118662732592,118662874479,141.887,27716.174,27789.078
2,118651750103,118651835345,118679487423,118679938912,451.489,27652.078,27737.32
0,118668809429,118668868443,118696089717,118696250553,160.836,27221.274,27280.288
1,118685920542,118686008564,118712765779,118712941109,175.33,26757.215,26845.237
2,118703041232,118703113518,118729419738,118729564607,144.869,26306.22,26378.506
0,118720247713,118720341970,118746474916,118746780090,305.174,26132.946,26227.203
1,118737225045,118737297559,118762765329,118762976009,210.68,25467.77,25540.284
2,118754430701,118754515020,118779493710,118779750807,257.097,24978.69,25063.009
0,118771474998,118771559157,118796106244,118796274971,168.727,24547.087,24631.246
1,118788214887,118788311934,118812834634,118813244489,409.855,24522.7,24619.747
2,118805096759,118805163537,118829645726,118830366806,721.08,24482.189,24548.967
0,118822230539,118822311263,118846347959,118846655759,307.8,24036.696,24117.42
1,118839651719,118839782949,118862845706,118863318992,473.286,23062.757,23193.987
2,118856570732,118856664730,118879408899,118879544082,135.183,22744.169,22838.167
0,118873699484,118873762158,118896124881,118896363337,238.456,22362.723,22425.397
1,118890931319,118891009477,118913312864,118913529289,216.425,22303.387,22381.545
2,118907804058,118907885907,118929412304,118929560855,148.551,21526.397,21608.246
0,118924649266,118924731547,118946151556,118946401442,249.886,21420.009,21502.29
1,118941679264,118941766961,118962735346,118962867557,132.211,20968.385,21056.082
2,118958773230,118958856119,118979500153,118979658236,158.083,20644.034,20726.923
0,118975763878,118975826734,118996139439,118996470166,330.727,20312.705,20375.561
1,118992823080,118992898151,119012753238,119012897327,144.089,19855.087,19930.158
2,119009745987,119009808280,119029407076,119029572728,165.652,19598.796,19661.089
0,119026858687,119026932555,119046070042,119046233450,163.408,19137.487,19211.355
1,119043883020,119043963700,119062722465,119062848852,126.387,18758.765,18839.445
2,119060837938,119060916981,119079472753,119079864632,391.879,18555.772,18634.815
0,119078015238,119078078285,119096079720,119096213936,134.216,18001.435,18064.482
1,119095106366,119095216795,119113478669,119113784179,305.51,18261.874,18372.303
2,119112050625,119112120041,119129429595,119129582242,152.647,17309.554,17378.97
0,119129123436,119129198077,119146062332,119146204216,141.884,16864.255,16938.896
1,119146144679,119146213505,119162727445,119162846558,119.113,16513.94,16582.766
2,119163318740,119163414627,119179422142,119179656366,234.224,16007.515,16103.402
0,119180183174,119180255296,119196068661,119196208169,139.508,15813.365,15885.487
1,119197168766,119197255730,119212777005,119213028632,251.627,15521.275,15608.239
2,119213991846,119214062555,119229444144,119229696182,252.038,15381.589,15452.298
0,119231092404,119231189177,119246072906,119246266751,193.845,14883.729,14980.502
1,119248129274,119248195065,119263027386,119263266326,238.94,14832.321,14898.112
2,119265148915,119265234208,119279423319,119279575862,152.543,14189.111,14274.404
0,119282059419,119282169656,119296066335,119296199418,133.083,13896.679,14006.916
1,119299435743,119299516106,119312731952,119312865918,133.966,13215.846,13296.209
2,119316649980,119316718126,119329469457,119329892147,422.69,12751.331,12819.477
0,119333826638,119333910287,119346112874,119346360747,247.873,12202.587,12286.236
1,119351060598,119351149591,119362853928,119363087686,233.758,11704.337,11793.33
2,119367831892,119367928823,119379483370,119379621072,137.702,11554.547,11651.478
0,119384762302,119384830686,119396069687,119396225428,155.741,11239.001,11307.385
0,119384762302,119384830686,119412773894,119413051915,278.021,27943.208,28011.592
1,119402001114,119402078452,119429440850,119429687176,246.326,27362.398,27439.736
2,119419149303,119419211894,119446126382,119446286655,160.273,26914.488,26977.079
0,119436233332,119436310990,119462775792,119463014350,238.558,26464.802,26542.46
1,119453067992,119453125279,119479425376,119479793180,367.804,26300.097,26357.384
2,119470327198,119470408154,119496073489,119496214461,140.972,25665.335,25746.291
0,119487480379,119487555784,119512797875,119513038623,240.748,25242.091,25317.496
1,119504434632,119504567103,119529416071,119529567642,151.571,24848.968,24981.439
2,119521479590,119521552413,119546288712,119546549745,261.033,24736.299,24809.122
0,119538541407,119538618870,119562802237,119563224291,422.054,24183.367,24260.83
1,119555539836,119555598979,119579473823,119579671260,197.437,23874.844,23933.987
2,119572514340,119572590103,119596107734,119596367113,259.379,23517.631,23593.394
0,119589471482,119589548932,119612781026,119613035346,254.32,23232.094,23309.544
1,119607092250,119607207062,119629399133,119629541263,142.13,22192.071,22306.883
2,119623142270,119623221821,119646136991,119646406140,269.149,22915.17,22994.721
0,119640172345,119640262508,119662744687,119662890074,145.387,22482.179,22572.342
1,119657110290,119657179550,119679388400,119679522991,134.591,22208.85,22278.11
2,119673896589,119673980285,119696081925,119696216363,134.438,22101.64,22185.336
0,119691041393,119691116766,119712730871,119712852192,121.321,21614.105,21689.478
1,119707959860,119708041940,119729395563,119729523384,127.821,21353.623,21435.703
2,119725042099,119725123659,119746063070,119746194230,131.16,20939.411,21020.971
0,119742302435,119742379733,119762764182,119762989045,224.863,20384.449,20461.747
1,119759338814,119759406067,119779406764,119779543622,136.858,20000.697,20067.95
2,119776817177,119776901098,119796064414,119796201644,137.23,19163.316,19247.237
0,119793755352,119793817530,119812761772,119815004992,2243.22,18944.242,19006.42
1,119810887101,119810984865,119829400528,119829529474,128.946,18415.663,18513.427
2,119828183108,119828391732,119846108211,119846352467,244.256,17716.479,17925.103
0,119845181032,119845303858,119862795745,119863252447,456.702,17491.887,17614.713
1,119861917474,119861978907,119879408644,119879553844,145.2,17429.737,17491.17
2,119879096666,119879179570,119896089765,119896288278,198.513,16910.195,16993.099
0,119896342802,119896411479,119912751391,119912899243,147.852,16339.912,16408.589
1,119913152897,119913297444,119929402803,119929549742,146.939,16105.359,16249.906
2,119930072988,119930145817,119946098990,119946239657,140.667,15953.173,16026.002
0,119947088608,119947185802,119962764274,119962944417,180.143,15578.472,15675.666
1,119964148294,119964219848,119979403530,119979556818,153.288,15183.682,15255.236
2,119981224149,119981305538,119996062751,119996255670,192.919,14757.213,14838.602
0,119998237244,119998297626,120012796914,120012967331,170.417,14499.288,14559.67
1,120015109470,120015208648,120029431638,120029816737,385.099,14222.99,14322.168
2,120032115276,120032190646,120046129257,120046362235,232.978,13938.611,14013.981
0,120048704327,120048800908,120062770107,120063004433,234.326,13969.199,14065.78
1,120065907596,120065981279,120079958692,120080240121,281.429,13977.413,14051.096
2,120082635699,120082710828,120097404662,120098116074,711.412,14693.834,14768.963
0,120100469864,120100548427,120113794102,120114145048,350.946,13245.675,13324.238
1,120116950574,120117052934,120129565732,120129838143,272.411,12512.798,12615.158
1,120116950574,120117052934,120146064348,120146207638,143.29,29011.414,29113.774
2,120133914856,120134004477,120162732657,120162877842,145.185,28728.18,28817.801
0,120150869247,120150951765,120179401941,120179572489,170.548,28450.176,28532.694
1,120168013565,120168081227,120196103136,120196260334,157.198,28021.909,28089.571
2,120185105819,120185195790,120212762655,120212900604,137.949,27566.865,27656.836
0,120202139475,120202202064,120229566525,120229811293,244.768,27364.461,27427.05
1,120219327868,120219418326,120246061130,120246185678,124.548,26642.804,26733.262
2,120236395994,120236471909,120262768804,120263171405,402.601,26296.895,26372.81
0,120253516851,120253612165,120279460635,120279712583,251.948,25848.47,25943.784
1,120270631256,120270692584,120296184814,120296474178,289.364,25492.23,25553.558
2,120287717223,120287805895,120312790664,120312940441,149.777,24984.769,25073.441
0,120304826961,120304895769,120329398086,120329545000,146.914,24502.317,24571.125
1,120321836165,120321922690,120346064471,120346181580,117.109,24141.781,24228.306
2,120339049048,120339143212,120362725509,120362860696,135.187,23582.297,23676.461
0,120356162865,120356261565,120379451972,120379845722,393.75,23190.407,23289.107
1,120373003229,120373068685,120396144239,120396354704,210.465,23075.554,23141.01
2,120389941711,120390028575,120413797373,120414044847,247.474,23768.798,23855.662
0,120407094039,120407158230,120429411116,120429567818,156.702,22252.886,22317.077
1,120423925448,120424006929,120446056360,120446162825,106.465,22049.431,22130.912
2,120441019297,120441080608,120462733303,120462890992,157.689,21652.695,21714.006
0,120457997670,120458109279,120479442197,120479682893,240.696,21332.918,21444.527
1,120474738242,120474816009,120496070000,120496212224,142.224,21253.991,21331.758
2,120492320571,120492401707,120512777323,120513012175,234.852,20375.616,20456.752
0,120509308637,120509379621,120529428968,120529633773,204.805,20049.347,20120.331
1,120526598606,120526694871,120546084325,120546198054,113.729,19389.454,19485.719
2,120543704518,120543773289,120562725232,120562858321,133.089,18951.943,19020.714
0,120560634934,120560722089,120579437019,120579849073,412.054,18714.93,18802.085
1,120577411747,120577476711,120596129919,120596349692,219.773,18653.208,18718.172
2,120594921234,120595002384,120612803398,120613043046,239.648,17801.014,17882.164
0,120611725646,120611805865,120629525253,120629940947,415.694,17719.388,17799.607
1,120628973714,120629119827,120648448307,120648646386,198.079,19328.48,19474.593
2,120645778617,120645855846,120664056847,120664508727,451.88,18201.001,18278.23
0,120662850338,120662942103,120680240611,120680394515,153.904,17298.508,17390.273
1,120680061702,120680134697,120696069621,120696239217,169.596,15934.924,16007.919
2,120697020362,120697102656,120712763015,120712995848,232.833,15660.359,15742.653
0,120714181803,120714242928,120729441206,120729615004,173.798,15198.278,15259.403
1,120730988275,120731066473,120746344116,120746599118,255.002,15277.643,15355.841
2,120748109066,120748171819,120762747548,120762880265,132.717,14575.729,14638.482
0,120765234448,120765309332,120779571227,120779921537,350.31,14261.895,14336.779
1,120782381549,120782454043,120796104634,120796289108,184.474,13650.591,13723.085
1,120782381549,120782454043,120812788104,120812994686,206.582,30334.061,30406.555
2,120799531175,120799610638,120829499379,120829849885,350.506,29888.741,29968.204
0,120816626213,120816697548,120846084904,120846227312,142.408,29387.356,29458.691
1,120833415205,120833501313,120862761231,120862929894,168.663,29259.918,29346.026
2,120850472373,120850532545,120879507386,120879770147,262.761,28974.841,29035.013
0,120867455618,120867536886,120897399695,120897588518,188.823,29862.809,29944.077
1,120884509259,120884586923,120912989146,120913271285,282.139,28402.223,28479.887
2,120901506852,120901591969,120937533827,120937748262,214.435,35941.858,36026.975
1,120935535601,120935621204,120950269295,120950528736,259.441,14648.091,14733.694
2,120952522985,120952588150,120965750496,120965920137,169.641,13162.346,13227.511
2,120952522985,120952588150,120980961920,120981133494,171.574,28373.77,28438.935
0,120969656074,120969755024,120997042918,120997197163,154.245,27287.894,27386.844
1,120986787197,120986864462,121012999137,121013162812,163.675,26134.675,26211.94
2,121003923275,121004041173,121029392758,121029520763,128.005,25351.585,25469.483
0,121020663303,121020730034,121046057576,121046173018,115.442,25327.542,25394.273
1,121037565294,121037646936,121068255380,121068555322,299.942,30608.444,30690.086
2,121054639833,121054729627,121079432854,121079539962,107.108,24703.227,24793.021
0,121071893526,121071992634,121096084034,121096281602,197.568,24091.4,24190.508
1,121089085452,121089185385,121112773920,121112918750,144.83,23588.535,23688.468
2,121106092094,121106207080,121129422742,121129577344,154.602,23215.662,23330.648
0,121122796168,121122870892,121146058110,121146151353,93.243,23187.218,23261.942
1,121139914835,121140017581,121162761487,121162880480,118.993,22743.906,22846.652
2,121156762133,121156827283,121179408947,121179559720,150.773,22581.664,22646.814
0,121173781812,121173857835,121196069121,121196234972,165.851,22211.286,22287.309
1,121190844207,121190926256,121212746085,121212878290,132.205,21819.829,21901.878
2,121207743502,121207841331,121229412604,121229550676,138.072,21571.273,21669.102
0,121224686167,121224753820,121246052282,121246184529,132.247,21298.462,21366.115
1,121241958742,121242040606,121262772897,121263185842,412.945,20732.291,20814.155
2,121258872327,121258938142,121279469653,121279752023,282.37,20531.511,20597.326
0,121275992045,121276068297,121296103467,121296347360,243.893,20035.17,20111.422
1,121293057260,121293125648,121312761780,121313000689,238.909,19636.132,19704.52
2,121310213127,121310294323,121329446693,121329805333,358.64,19152.37,19233.566
0,121327169869,121327244216,121346092635,121346192666,100.031,18848.419,18922.766
1,121344579532,121344703855,121362807712,121363046183,238.471,18103.857,18228.18
2,121361386319,121361456206,121379509964,121379784560,274.596,18053.758,18123.645
0,121378411212,121378501068,121396133749,121396323222,189.473,17632.681,17722.537
1,121395180623,121395248017,121415040658,121415255079,214.421,19792.641,19860.035
2,121412157686,121412251375,121430422421,121430608928,186.507,18171.046,18264.735
0,121429281672,121429351818,121446067534,121446194290,126.756,16715.716,16785.862
1,121446305264,121446386298,121462806767,121463002194,195.427,16420.469,16501.503
2,121463481057,121463548202,121479458136,121479649189,191.053,15909.934,15977.079
0,121480424003,121480502483,121496157106,121496562345,405.239,15654.623,15733.103
1,121497450125,121497514780,121512793580,121512953943,160.363,15278.8,15343.455
2,121514505988,121514589505,121529462133,121529750141,288.008,14872.628,14956.145
0,121531438184,121531517216,121546317603,121546474091,156.488,14800.387,14879.419
1,121548519754,121548622331,121562752133,121563013834,261.701,14129.802,14232.379
1,121548519754,121548622331,121579426685,121579583230,156.545,30804.354,30906.931
2,121565604508,121565666043,121597296428,121597506443,210.015,31630.385,31691.92
1,121599565654,121599645113,121613181621,121613408187,226.566,13536.508,13615.967
1,121599565654,121599645113,121629440476,121629663053,222.577,29795.363,29874.822
2,121616348751,121616453163,121646119663,121646274612,154.949,29666.5,29770.912
0,121633348610,121633434389,121662748087,121662889824,141.737,29313.698,29399.477
1,121650573334,121650689134,121679473125,121679639385,166.26,28783.991,28899.791
2,121667577513,121667637280,121696069903,121696162433,92.53,28432.623,28492.39
0,121684569036,121684646881,121712941666,121713075925,134.259,28294.785,28372.63
1,121701842056,121701901703,121729682814,121729840467,157.653,27781.111,27840.758
2,121718798452,121718873544,121746218103,121746333037,114.934,27344.559,27419.651
0,121736093070,121736155626,121762798924,121763177288,378.364,26643.298,26705.854
1,121753141704,121753237258,121779415448,121779604732,189.284,26178.19,26273.744
2,121770118785,121770183962,121796101704,121796211631,109.927,25917.742,25982.919
0,121787031983,121787114490,121812845441,121813093187,247.746,25730.951,25813.458
1,121804198701,121804275087,121829433535,121829642429,208.894,25158.448,25234.834
2,121821124851,121821219147,121846136717,121846304420,167.703,24917.57,25011.866
0,121838817664,121838891321,121862781741,121862932005,150.264,23890.42,23964.077
1,121855295032,121855401118,121879405361,121879568816,163.455,24004.243,24110.329
2,121872356980,121872445128,121896132309,121896371520,239.211,23687.181,23775.329
0,121889550576,121889640028,121915832542,121916215210,382.668,26192.514,26281.966
1,121906715232,121906786060,121937423679,121938374521,950.842,30637.619,30708.447
0,121940916073,121940995757,121947160742,121947261661,100.919,6164.985,6244.669
0,121940916073,121940995757,121962737631,121962890626,152.995,21741.874,21821.558
1,121957935593,121958024961,121979403409,121979556097,152.688,21378.448,21467.816
2,121974975058,121975075429,121996108100,121996359446,251.346,21032.671,21133.042
0,121992025133,121992119528,122012735521,122012867621,132.1,20615.993,20710.388
1,122008938934,122009012029,122029539700,122029727844,188.144,20527.671,20600.766
2,122025834233,122025943150,122046394908,122046721633,326.725,20451.758,20560.675
0,122042960249,122043038468,122065051421,122065531253,479.832,22012.953,22091.172
1,122059879386,122059966208,122080696816,122080924492,227.676,20730.608,20817.43
2,122076821478,122076912984,122096503636,122096654010,150.374,19590.652,19682.158
0,122093763926,122093854766,122112745867,122112853480,107.613,18891.101,18981.941
1,122111104673,122111217938,122129412082,122129554339,142.257,18194.144,18307.409
2,122128042232,122128187882,122146428098,122146690630,262.532,18240.216,18385.866
0,122144737946,122144832037,122162790749,122163020316,229.567,17958.712,18052.803
1,122161865641,122161956473,122179414437,122179557362,142.925,17457.964,17548.796
2,122179216542,122179295349,122196080201,122196220337,140.136,16784.852,16863.659
0,122196112545,122196213553,122212743179,122212943520,200.341,16529.626,16630.634
1,122212830646,122212908709,122229405757,122229505394,99.637,16497.048,16575.111
2,122229556558,122229647282,122246066167,122246219350,153.183,16418.885,16509.609
0,122246642918,122246721624,122262761419,122262900520,139.101,16039.795,16118.501
1,122263805782,122263906136,122279412740,122279530159,117.419,15506.604,15606.958
2,122280845537,122280959286,122296115373,122296289443,174.07,15156.087,15269.836
0,122297840125,122297939332,122312887026,122313180490,293.464,14947.694,15046.901
1,122314894337,122314975046,122329393674,122329489527,95.853,14418.628,14499.337
2,122331885220,122331986915,122346141307,122346281393,140.086,14154.392,14256.087
0,122348793581,122348890955,122362833121,122362989849,156.728,13942.166,14039.54
0,122348793581,122348890955,122379475603,122379707349,231.746,30584.648,30682.022
1,122365783811,122365871115,122396115586,122396286575,170.989,30244.471,30331.775
2,122382982034,122383086133,122418173532,122418389058,215.526,35087.399,35191.498
1,122417283185,122417353983,122433062606,122433271130,208.524,15708.623,15779.421
2,122434399430,122434498424,122448145840,122448372187,226.347,13647.416,13746.41
0,122451103534,122451178159,122462948087,122463252832,304.745,11769.928,11844.553
0,122451103534,122451178159,122479438647,122479612146,173.499,28260.488,28335.113
1,122468222488,122468313581,122496077397,122496295987,218.59,27763.816,27854.909
2,122485284148,122485347091,122512741456,122512850591,109.135,27394.365,27457.308
0,122503324817,122503442944,122529413951,122529518859,104.908,25971.007,26089.134
1,122519225167,122519309956,122546080448,122546221840,141.392,26770.492,26855.281
2,122536433520,122536528312,122562766397,122563231488,465.091,26238.085,26332.877
0,122553517050,122553595639,122579440197,122579600914,160.717,25844.558,25923.147
1,122570797797,122570876472,122596067804,122596201786,133.982,25191.332,25270.007
2,122588056565,122588155047,122612737834,122612932158,194.324,24582.787,24681.269
0,122604726564,122604831002,122629476848,122629757197,280.349,24645.846,24750.284
1,122621811293,122621889050,122646087193,122646245533,158.34,24198.143,24275.9
2,122638818442,122638919762,122662775715,122662962487,186.772,23855.953,23957.273
0,122655807218,122655872973,122679404123,122679521999,117.876,23531.15,23596.905
1,122672938753,122673040560,122696165894,122696772079,606.185,23125.334,23227.141
2,122689986378,122690054322,122712745826,122712892255,146.429,22691.504,22759.448
0,122707113192,122707199379,122729412971,122729543288,130.317,22213.592,22299.779
1,122723999897,122724095310,122746082204,122746266626,184.422,21986.894,22082.307
2,122740967476,122741047649,122762760271,122762906848,146.577,21712.622,21792.795
0,122758139090,122758220968,122779409133,122779579301,170.168,21188.165,21270.043
1,122775048749,122775145574,122796084888,122796220505,135.617,20939.314,21036.139
2,122792250703,122792329820,122812741707,122812895498,153.791,20411.887,20491.004
0,122809269303,122809366235,122829400822,122829594265,193.443,20034.587,20131.519
1,122826338202,122826421388,122846302849,122846447635,144.786,19881.461,19964.647
2,122843157911,122843266908,122862798981,122862984581,185.6,19532.073,19641.07
0,122860250341,122860336273,122879543576,122879774587,231.011,19207.303,19293.235
1,122877464545,122877568339,122896165605,122896501467,335.862,18597.266,18701.06
2,122894803882,122894900329,122916789299,122916975181,185.882,21888.97,21985.417
0,122911743433,122911833619,122931779127,122931977153,198.026,19945.508,20035.694
1,122929243995,122929327975,122946211323,122946338247,126.924,16883.348,16967.328
2,122946322086,122946424041,122962780743,122962986362,205.619,16356.702,16458.657
0,122963496555,122963589666,122979399814,122979502301,102.487,15810.148,15903.259
1,122980552974,122980649151,122996067014,122996260842,193.828,15417.863,15514.04
2,122997527711,122997612531,123012767631,123013007202,239.571,15155.1,15239.92
0,123014541392,123014626189,123029399854,123029509818,109.964,14773.665,14858.462
1,123031862198,123031940470,123046056091,123046155439,99.348,14115.621,14193.893
2,123048773873,123048878114,123062774058,123063018185,244.127,13895.944,14000.185
0,123065874687,123065970348,123079444428,123079625125,180.697,13474.08,13569.741
1,123082921802,123083011642,123096099941,123096268714,168.773,13088.299,13178.139
2,123100044231,123100143034,123112788081,123112963415,175.334,12645.047,12743.85
2,123100044231,123100143034,123129427844,123129535243,107.399,29284.81,29383.613
0,123117119665,123117218786,123146084139,123146176025,91.886,28865.353,28964.474
1,123134296039,123134384544,123162736375,123162918887,182.512,28351.831,28440.336
2,123151536607,123151649619,123179414818,123179564093,149.275,27765.199,27878.211
0,123168595417,123168687317,123196073002,123196271968,198.966,27385.685,27477.585
1,123185764020,123185862492,123212732307,123212890185,157.878,26869.815,26968.287
2,123202832907,123202918647,123229409129,123229611445,202.316,26490.482,26576.222
0,123219995438,123220102713,123246057400,123246140743,83.343,25954.687,26061.962
1,123237045490,123237108523,123262765055,123263028401,263.346,25656.532,25719.565
2,123254046137,123254140425,123279456924,123279878683,421.759,25316.499,25410.787
0,123271022087,123271096318,123296076391,123296173950,97.559,24980.073,25054.304
1,123288181776,123288268524,123312985842,123313170554,184.712,24717.318,24804.066
2,123304999671,123305083537,123329430247,123329588995,158.748,24346.71,24430.576
0,123322051651,123322140718,123346085013,123346222854,137.841,23944.295,24033.362
1,123338841203,123338944047,123362733246,123362830396,97.15,23789.199,23892.043
2,123356011364,123356097263,123379583059,123379765587,182.528,23485.796,23571.695
0,123373131687,123373208152,123396494680,123396797241,302.561,23286.528,23362.993
1,123390206236,123390311980,123415242030,123415422201,180.171,24930.05,25035.794
2,123407141667,123407212029,123433462018,123433727065,265.047,26249.989,26320.351
0,123424172197,123424244171,123447657738,123448031553,373.815,23413.567,23485.541
1,123441299450,123441368588,123462788446,123462994217,205.771,21419.858,21488.996
2,123458238180,123458319941,123479440853,123479623907,183.054,21120.912,21202.673
0,123475704562,123475792368,123496125550,123496376995,251.445,20333.182,20420.988
1,123492486907,123492587157,123512779823,123512961284,181.461,20192.666,20292.916
2,123509429842,123509518017,123529441216,123529620626,179.41,19923.199,20011.374
0,123526454989,123526532508,123546062213,123546194030,131.817,19529.705,19607.224
1,123543581702,123543651733,123562790213,123563040451,250.238,19138.48,19208.511
2,123560483699,123560588436,123579463140,123579732470,269.33,18874.704,18979.441
0,123577316982,123577382191,123596089682,123596453930,364.248,18707.491,18772.7
1,123594758779,123594938676,123612798764,123612916628,117.864,17860.088,18039.985
2,123611582596,123611678535,123629437222,123629617446,180.224,17758.687,17854.626
0,123628359159,123628447734,123646098676,123646240311,141.635,17650.942,17739.517
1,123645750219,123645848395,123666375411,123666482506,107.095,20527.016,20625.192
2,123662568120,123662664633,123679833310,123679926680,93.37,17168.677,17265.19
0,123679700607,123679780241,123696927008,123697014505,87.497,17146.767,17226.401
1,123696864566,123696960425,123717342606,123717426693,84.087,20382.181,20478.04
2,123714020281,123714102234,123731537848,123731629203,91.355,17435.614,17517.567
0,123731098435,123731199749,123748392999,123748534325,141.326,17193.25,17294.564
1,123748263752,123748335434,123766581177,123766666505,85.328,18245.743,18317.425
2,123765556047,123765679898,123783044564,123783126635,82.071,17364.666,17488.517
0,123782397237,123782483588,123797245793,123797324122,78.329,14762.205,14848.556
1,123799356765,123799456105,123814081051,123814176616,95.565,14624.946,14724.286
2,123816635602,123816747074,123835498890,123835591564,92.674,18751.816,18863.288
0,123833359325,123833461531,123848935254,123849380188,444.934,15473.723,15575.929
1,123850572018,123850634168,123863745538,123864075794,330.256,13111.37,13173.52
2,123867546173,123867626316,123879786596,123880043099,256.503,12160.28,12240.423
2,123867546173,123867626316,123896128311,123896374326,246.015,28501.995,28582.138
0,123884281603,123884355731,123912772226,123912987542,215.316,28416.495,28490.623
1,123901182595,123901269442,123929467211,123929726427,259.216,28197.769,28284.616
2,123918151775,123918270675,123946096295,123946276421,180.126,27825.62,27944.52
0,123935193035,123935309027,123962786979,123963048213,261.234,27477.952,27593.944
1,123952091210,123952179141,123979566137,123979813757,247.62,27386.996,27474.927
2,123969139861,123969233969,123996085098,123996243677,158.579,26851.129,26945.237
0,123986166931,123986243542,124012738936,124012926114,187.178,26495.394,26572.005
1,124003208595,124003291612,124029398027,124029535382,137.355,26106.415,26189.432
2,124020462469,124020865683,124046064302,124046236514,172.212,25198.619,25601.833
0,124037215022,124037312446,124062758926,124062897574,138.648,25446.48,25543.904
1,124054394976,124054469253,124079405342,124079573651,168.309,24936.089,25010.366
2,124071574523,124071660944,124096080001,124096222421,142.42,24419.057,24505.478
0,124088625126,124088723582,124112750840,124112902622,151.782,24027.258,24125.714
1,124105716752,124105838482,124129434123,124129667704,233.581,23595.641,23717.371
2,124122774543,124122860535,124146064750,124146197436,132.686,23204.215,23290.207
0,124140005866,124140129813,124162736892,124162882238,145.346,22607.079,22731.026
1,124157067251,124157154005,124179394904,124179529733,134.829,22240.899,22327.653
2,124174233871,124174325193,124196082211,124196314401,232.19,21757.018,21848.34
0,124191522707,124191600855,124212727516,124212846151,118.635,21126.661,21204.809
1,124208617886,124208707586,124229399382,124229557555,158.173,20691.796,20781.496
2,124225615889,124225693982,124246092573,124246323613,231.04,20398.591,20476.684
0,124242964083,124243070172,124262830888,124263096641,265.753,19760.716,19866.805
1,124259931587,124260011042,124279450675,124279672189,221.514,19439.633,19519.088
2,124277065411,124277159147,124296063605,124296333634,270.029,18904.458,18998.194
0,124294153065,124294235566,124312739719,124312885570,145.851,18504.153,18586.654
1,124311285340,124311378764,124329392280,124329514500,122.22,18013.516,18106.94
2,124328236810,124328305419,124346068815,124346252463,183.648,17763.396,17832.005
0,124345316496,124345432858,124362731475,124362962817,231.342,17298.617,17414.979
1,124362521122,124362647098,124379409537,124379595122,185.585,16762.439,16888.415
2,124379392905,124379486128,124396138572,124396372100,233.528,16652.444,16745.667
0,124396350428,124396425470,124412806222,124413235979,429.757,16380.752,16455.794
1,124413422526,124413539911,124429414069,124429598816,184.747,15874.158,15991.543
2,124430489735,124430564214,124446070074,124446200369,130.295,15505.86,15580.339
0,124447682104,124447766694,124462734420,124462910121,175.701,14967.726,15052.316
1,124464874722,124464948388,124479402610,124479543261,140.651,14454.222,14527.888
2,124481707995,124481784846,124496065206,124496237847,172.641,14280.36,14357.211
0,124498874055,124498954217,124512744470,124512943537,199.067,13790.253,13870.415
1,124515852031,124515947473,124529422829,124529569277,146.448,13475.356,13570.798
2,124532803353,124532911506,124546062702,124546249162,186.46,13151.196,13259.349
0,124549627879,124549733151,124562729512,124562900029,170.517,12996.361,13101.633
1,124566682377,124566778196,124579396408,124579567554,171.146,12618.212,12714.031
2,124583830714,124583915691,124596060725,124596230933,170.208,12145.034,12230.011
0,124601050482,124601142860,124612763288,124613017974,254.686,11620.428,11712.806
1,124618110236,124618218416,124629517093,124629753465,236.372,11298.677,11406.857
1,124618110236,124618218416,124646117745,124646419479,301.734,27899.329,28007.509
2,124635203824,124635282385,124662993279,124663319558,326.279,27710.894,27789.455
0,124652092010,124652187828,124679402204,124679535980,133.776,27214.376,27310.194
1,124669226037,124669320064,124696063978,124696212675,148.697,26743.914,26837.941
2,124686182496,124686281944,124712761550,124713002008,240.458,26479.606,26579.054
0,124703311711,124703392479,124729425866,124729665136,239.27,26033.387,26114.155
1,124720285124,124720376349,124746084497,124746384237,299.74,25708.148,25799.373
2,124737468035,124737552884,124762735476,124762870087,134.611,25182.592,25267.441
0,124754330422,124754416343,124779398507,124779541407,142.9,24982.164,25068.085
1,124771574044,124771649939,124796072609,124796193702,121.093,24422.67,24498.565
2,124788495417,124788620907,124812745366,124812894380,149.014,24124.459,24249.949
0,124805434120,124805525629,124829460536,124829628912,168.376,23934.907,24026.416
1,124822484054,124822592477,124846114749,124846338093,223.344,23522.272,23630.695
2,124839561136,124839650867,124862732026,124862868670,136.644,23081.159,23170.89
0,124856609021,124856699523,124879401947,124879608887,206.94,22702.424,22792.926
1,124873782539,124873909070,124896434702,124896692460,257.758,22525.632,22652.163
2,124890772662,124890876615,124913053152,124913397642,344.49,22176.537,22280.49
0,124907773485,124907853739,124937815101,124938038193,223.092,29961.362,30041.616
2,124941681985,124941769297,124952440625,124952681589,240.964,10671.328,10758.64
2,124941681985,124941769297,124966776128,124966930940,154.812,25006.831,25094.143
0,124958884828,124958975989,124981518345,124981665541,147.196,22542.356,22633.517
1,124975872955,124975957222,124996066474,124996172216,105.742,20109.252,20193.519
2,124993109831,124993221844,125012729540,125012855808,126.268,19507.696,19619.709
0,125009910865,125010029958,125029396195,125029533168,136.973,19366.237,19485.33
1,125026835863,125026930582,125046066853,125046208173,141.32,19136.271,19230.99
2,125043972816,125044084498,125062784788,125063009565,224.777,18700.29,18811.972
0,125061023782,125061099748,125079402893,125079555488,152.595,18303.145,18379.111
1,125078293163,125078364032,125096059323,125096234448,175.125,17695.291,17766.16
2,125095249628,125095348977,125112772910,125113006558,233.648,17423.933,17523.282
0,125112166739,125112245310,125129397404,125129537328,139.924,17152.094,17230.665
1,125129232525,125129324977,125146067293,125146217373,150.08,16742.316,16834.768
2,125146281477,125146362843,125162728680,125162868829,140.149,16365.837,16447.203
0,125163292452,125163376798,125179472774,125179746068,273.294,16095.976,16180.322
1,125180396950,125180479173,125196070665,125196208633,137.968,15591.492,15673.715
2,125197118325,125197204287,125212723863,125212856457,132.594,15519.576,15605.538
0,125214156407,125214257633,125229397085,125229547001,149.916,15139.452,15240.678
1,125231129954,125231228256,125246095967,125246324264,228.297,14867.711,14966.013
2,125248094753,125248168489,125262728952,125262860240,131.288,14560.463,14634.199
0,125264917950,125265007009,125279475775,125279750053,274.278,14468.766,14557.825
1,125281926215,125281990790,125296102601,125296515979,413.378,14111.811,14176.386
2,125298981850,125299076937,125312780186,125313008862,228.676,13703.249,13798.336
0,125316026797,125316108442,125329394245,125329572232,177.987,13285.803,13367.448
1,125333305366,125333408680,125346060185,125346178991,118.806,12651.505,12754.819
2,125350392486,125350478643,125362740177,125362912543,172.366,12261.534,12347.691
2,125350392486,125350478643,125379537173,125379822833,285.66,29058.53,29144.687
0,125367316617,125367396710,125396105071,125396573786,468.715,28708.361,28788.454
1,125384341691,125384411679,125412794854,125413069030,274.176,28383.175,28453.163
2,125401496399,125401596942,125435562383,125435726996,164.613,33965.441,34065.984
1,125435571767,125435676792,125450477536,125450637363,159.827,14800.744,14905.769
2,125452522444,125452600729,125466509717,125466708868,199.151,13908.988,13987.273
0,125469564778,125469658526,125481844568,125482039859,195.291,12186.042,12279.79
0,125469564778,125469658526,125497327526,125497465151,137.625,27669.0,27762.748
1,125486724576,125486786195,125512729993,125512870479,140.486,25943.798,26005.417
2,125504771520,125504880604,125529396147,125529536243,140.096,24515.543,24624.627
0,125520756617,125520822755,125546082544,125546244395,161.851,25259.789,25325.927
1,125538219049,125538335794,125562737330,125562875249,137.919,24401.536,24518.281
2,125554918867,125555016593,125579429608,125579589380,159.772,24413.015,24510.741
0,125572015509,125572109031,125596102592,125596307659,205.067,23993.561,24087.083
1,125589139154,125589236035,125612845260,125613117454,272.194,23609.225,23706.106
2,125606272556,125606388996,125629431966,125629827892,395.926,23042.97,23159.41
0,125623781718,125623946552,125646067393,125646203093,135.7,22120.841,22285.675
1,125640742647,125640833773,125662748099,125662913884,165.785,21914.326,22005.452
2,125658035883,125658117823,125679412850,125679561733,148.883,21295.027,21376.967
0,125674943512,125675051053,125696096288,125696316398,220.11,21045.235,21152.776
1,125692039012,125692114180,125712742324,125712883528,141.204,20628.144,20703.312
2,125709036240,125709126029,125729398147,125729544317,146.17,20272.118,20361.907
0,125726358139,125726430572,125746060151,125746188594,128.443,19629.579,19702.012
1,125743349762,125743432792,125762726168,125762865989,139.821,19293.376,19376.406
2,125760420763,125760510462,125779401707,125779540142,138.435,18891.245,18980.944
0,125777447431,125777679983,125796059006,125796189458,130.452,18379.023,18611.575
1,125794556219,125794629890,125812754510,125812906142,151.632,18124.62,18198.291
2,125811575285,125811727591,125829402032,125829557921,155.889,17674.441,17826.747
0,125828525719,125828586031,125846063470,125846199773,136.303,17477.439,17537.751
1,125845703706,125845833957,125862724821,125862892331,167.51,16890.864,17021.115
2,125862366297,125862458000,125879451012,125879560625,109.613,16993.012,17084.715
0,125879336991,125879438716,125900893267,125901190038,296.771,21454.551,21556.276
1,125896298417,125896374954,125916668006,125916978463,310.457,20293.052,20369.589
2,125913282239,125913367357,125929658701,125930018373,359.672,16291.344,16376.462
0,125930304591,125930384257,125946071115,125946217391,146.276,15686.858,15766.524
1,125947525855,125947668679,125962775372,125962995003,219.631,15106.693,15249.517
2,125964533936,125964622197,125979397495,125979534745,137.25,14775.298,14863.559
0,125981528429,125981624377,125996058032,125996177004,118.972,14433.655,14529.603
1,125998473294,125998539005,126012747597,126012908214,160.617,14208.592,14274.303
2,126015495187,126015591531,126029415841,126029610884,195.043,13824.31,13920.654
0,126032211483,126032289878,126046126838,126046369067,242.229,13836.96,13915.355
1,126049231475,126049320906,126062765321,126063038647,273.326,13444.415,13533.846
2,126066442870,126066542950,126079432413,126079883157,450.744,12889.463,12989.543
0,126083686230,126083785234,126096103802,126096333909,230.107,12318.568,12417.572
1,126100684183,126100773531,126112785143,126112918587,133.444,12011.612,12100.96
2,126117845835,126117946683,126129480328,126129625225,144.897,11533.645,11634.493
0,126134956141,126135018806,126146075482,126146212000,136.518,11056.676,11119.341
0,126134956141,126135018806,126162783752,126162929245,145.493,27764.946,27827.611
1,126151801225,126151890297,126179395342,126179609898,214.556,27505.045,27594.117
2,126168494982,126168562846,126196063863,126196211785,147.922,27501.017,27568.881
0,126185359300,126185459818,126212722838,126212855094,132.256,27263.02,27363.538
1,126202351714,126202445960,126229394833,126229518394,123.561,26948.873,27043.119
2,126219332088,126219430681,126246121573,126246285018,163.445,26690.892,26789.485
0,126236468149,126236545754,126262748937,126262891182,142.245,26203.183,26280.788
1,126253582908,126253673631,126279423408,126279587726,164.318,25749.777,25840.5
2,126270797195,126270875735,126296109069,126296384495,275.426,25233.334,25311.874
0,126287875836,126287982297,126312728007,126312867036,139.029,24745.71,24852.171
1,126304568074,126304652957,126329396614,126329613252,216.638,24743.657,24828.54
2,126321651708,126321740176,126346158419,126346449943,291.524,24418.243,24506.711
0,126338702366,126338781649,126362727936,126362863366,135.43,23946.287,24025.57
1,126355460291,126355553639,126379406283,126379561677,155.394,23852.644,23945.992
2,126372643457,126372719396,126396139725,126396375112,235.387,23420.329,23496.268
0,126389520841,126389606673,126416291663,126416513977,222.314,26684.99,26770.822
1,126406597360,126406676360,126431886438,126432052914,166.476,25210.078,25289.078
2,126423846584,126423930871,126446255005,126446434338,179.333,22324.134,22408.421
0,126440693567,126440764530,126462810821,126462956195,145.374,22046.291,22117.254
1,126457623239,126457703942,126479446831,126479695890,249.059,21742.889,21823.592
2,126474509214,126474584631,126496076345,126496235508,159.163,21491.714,21567.131
0,126491492978,126491618960,126512742349,126512887696,145.347,21123.389,21249.371
1,126508372424,126508479470,126529402234,126529555296,153.062,20922.764,21029.81
2,126525235229,126525329849,126546099480,126546481808,382.328,20769.631,20864.251
0,126542397303,126542487487,126562805278,126563078043,272.765,20317.791,20407.975
1,126559564326,126559655803,126579516063,126579772653,256.59,19860.26,19951.737
2,126576770742,126576850403,126596099483,126596524624,425.141,19249.08,19328.741
0,126593814579,126593913061,126612762285,126612925568,163.283,18849.224,18947.706
1,126611152622,126611343491,126629408121,126629575968,167.847,18064.63,18255.499
2,126628002657,126628104322,126646064330,126646224908,160.578,17960.008,18061.673
0,126644926232,126644995737,126662724345,126662864980,140.635,17728.608,17798.113
1,126661748151,126661825863,126679494602,126679842539,347.937,17668.739,17746.451
2,126678786002,126678847535,126696089081,126696261533,172.452,17241.546,17303.079
0,126695543619,126695638842,126712779083,126713122045,342.962,17140.241,17235.464
1,126712368752,126712443194,126729390930,126729522276,131.346,16947.736,17022.178
2,126729523220,126729782441,126746098108,126746334800,236.692,16315.667,16574.888
0,126746409400,126746477501,126762724731,126762854428,129.697,16247.23,16315.331
1,126763574870,126763664154,126779432459,126779639634,207.175,15768.305,15857.589
2,126780661383,126780739436,126796118009,126796263790,145.781,15378.573,15456.626
0,126797827671,126797926531,126812786408,126813029609,243.201,14859.877,14958.737
1,126815012742,126815091417,126829398309,126829547986,149.677,14306.892,14385.567
2,126832316698,126832425616,126846103601,126846321159,217.558,13677.985,13786.903
0,126849239746,126849325562,126862728307,126862829323,101.016,13402.745,13488.561
0,126849239746,126849325562,126879542393,126879706195,163.802,30216.831,30302.647
1,126866275928,126866367763,126896159783,126896404665,244.882,29792.02,29883.855
2,126883449432,126883535893,126918295909,126918503643,207.734,34760.016,34846.477
1,126917465311,126917525989,126933570192,126933738762,168.57,16044.203,16104.881
2,126934482722,126934581486,126949053027,126949230544,177.517,14471.541,14570.305
0,126951666878,126951759137,126964603903,126964794225,190.322,12844.766,12937.025
0,126951666878,126951759137,126979641375,126979828634,187.259,27882.238,27974.497
1,126968638990,126968726805,126996142600,126996379747,237.147,27415.795,27503.61
2,126985737493,126985813046,127012752236,127012914152,161.916,26939.19,27014.743
0,127002823498,127002913657,127029412768,127029555544,142.776,26499.111,26589.27
1,127019807551,127019889785,127046083351,127046239418,156.067,26193.566,26275.8
2,127037136533,127037223117,127062797550,127063010471,212.921,25574.433,25661.017
0,127054139835,127054217364,127079416649,127079662430,245.781,25199.285,25276.814
1,127071319311,127071417112,127096114276,127096358009,243.733,24697.164,24794.965
2,127088194007,127088280046,127112835740,127113126243,290.503,24555.694,24641.733
0,127105359811,127105470317,127129418963,127129578616,159.653,23948.646,24059.152
1,127122426727,127122515081,127146076700,127146248852,172.152,23561.619,23649.973
2,127139391886,127139533276,127162742004,127162873918,131.914,23208.728,23350.118
0,127156494080,127156568249,127179532524,127179686966,154.442,22964.275,23038.444
1,127173907937,127174017700,127196074432,127196254908,180.476,22056.732,22166.495
2,127191018716,127191109300,127212741727,127212897347,155.62,21632.427,21723.011
0,127207935058,127208031659,127229449499,127229995477,545.978,21417.84,21514.441
1,127224875942,127224950464,127246104845,127246284511,179.666,21154.381,21228.903
2,127241997146,127242093261,127262754405,127262951267,196.862,20661.144,20757.259
0,127259102444,127259264020,127279410137,127279596050,185.913,20146.117,20307.693
1,127276218902,127276329239,127296127373,127296416464,289.091,19798.134,19908.471
2,127293161090,127293245036,127313311505,127313598841,287.336,20066.469,20150.415
0,127310432600,127310535974,127329625137,127329769361,144.224,19089.163,19192.537
1,127327387138,127327475700,127346074428,127346239962,165.534,18598.728,18687.29
2,127344522973,127344691773,127362742899,127362924826,181.927,18051.126,18219.926
0,127361453229,127361541618,127379726988,127379992446,265.458,18185.37,18273.759
1,127378262961,127378445750,127396137461,127396393704,256.243,17691.711,17874.5
2,127395130751,127395191776,127416435082,127416697961,262.879,21243.306,21304.331
0,127412269724,127412359895,127431936888,127432118005,181.117,19576.993,19667.164
1,127429317135,127429389239,127447041752,127447220179,178.427,17652.513,17724.617
2,127446039783,127446123195,127462821597,127462986136,164.539,16698.402,16781.814
0,127463224360,127463297743,127479409951,127479566502,156.551,16112.208,16185.591
1,127480314488,127480418102,127496084658,127496223904,139.246,15666.556,15770.17
2,127497179808,127497286040,127512737894,127512891405,153.511,15451.854,15558.086
0,127514115944,127514210117,127529481833,127529730552,248.719,15271.716,15365.889
1,127531251719,127531337756,127546080288,127546234256,153.968,14742.532,14828.569
2,127548161373,127548240996,127562737953,127562874435,136.482,14496.957,14576.58
0,127565013432,127565081875,127579491040,127579761134,270.094,14409.165,14477.608
1,127582462205,127582559025,127596059004,127596181627,122.623,13499.979,13596.799
1,127582462205,127582559025,127612732426,127612861433,129.007,30173.401,30270.221
2,127599333136,127599437867,127629399548,127629542365,142.817,29961.681,30066.412
0,127616367724,127616466074,127646091115,127646316859,225.744,29625.041,29723.391
1,127633280960,127633342063,127662736953,127662921978,185.025,29394.89,29455.993
2,127650605442,127650686030,127679483381,127679732864,249.483,28797.351,28877.939
0,127667529958,127667601417,127696153500,127696431246,277.746,28552.083,28623.542
1,127684269277,127684359638,127712770256,127713033344,263.088,28410.618,28500.979
2,127701307854,127701388540,127729450772,127729618602,167.83,28062.232,28142.918
0,127718422024,127718512098,127746092757,127746266705,173.948,27580.659,27670.733
1,127735619952,127735685547,127762803975,127763127923,323.948,27118.428,27184.023
2,127752373957,127752476962,127779453421,127779911584,458.163,26976.459,27079.464
0,127769313167,127769380808,127796083436,127796258354,174.918,26702.628,26770.269
1,127786703724,127786790470,127812729242,127812890688,161.446,25938.772,26025.518
2,127803731806,127803802731,127829401397,127829554321,152.924,25598.666,25669.591
0,127820676954,127820793563,127846230916,127846591196,360.28,25437.353,25553.962
1,127837843503,127837927716,127862758199,127862950729,192.53,24830.483,24914.696
2,127854736358,127854821362,127879459929,127879740157,280.228,24638.567,24723.571
0,127871967567,127872038418,127900628971,127901936151,1307.18,28590.553,28661.404
1,127889273989,127889363991,127917616441,127917825119,208.678,28252.45,28342.452
2,127906287152,127906365634,127929758545,127929954485,195.94,23392.911,23471.393
0,127923463402,127923554279,127946094443,127946235504,141.061,22540.164,22631.041
1,127940595066,127940662465,127962765680,127962931965,166.285,22103.215,22170.614
2,127957754956,127957849273,127979765010,127979916629,151.619,21915.737,22010.054
0,127974768112,127974844227,127996121637,127996381914,260.277,21277.41,21353.525
1,127992267176,127992384400,128012740141,128012896844,156.703,20355.741,20472.965
2,128009200409,128009269586,128029405446,128029557651,152.205,20135.86,20205.037
0,128025870000,128025957219,128046073603,128046240930,167.327,20116.384,20203.603
1,128042624869,128042691743,128062736774,128062901149,164.375,20045.031,20111.905
2,128059848135,128059951451,128079470306,128079922724,452.418,19518.855,19622.171
0,128076763266,128076827612,128096078126,128096240512,162.386,19250.514,19314.86
1,128093868941,128093948874,128112737518,128112901790,164.272,18788.644,18868.577
2,128111009220,128111111954,128129422933,128129575471,152.538,18310.979,18413.713
0,128128054792,128128178184,128146100366,128146282585,182.219,17922.182,18045.574
1,128144898413,128144971860,128162798440,128163049201,250.761,17826.58,17900.027
2,128161910625,128161998481,128179423914,128179606039,182.125,17425.433,17513.289
0,128178835004,128178901167,128196070280,128196203989,133.709,17169.113,17235.276
1,128195836487,128195915613,128212775027,128213214956,439.929,16859.414,16938.54
2,128212930312,128212996234,128229459443,128229701752,242.309,16463.209,16529.131
0,128230009222,128230100562,128246104905,128246367607,262.702,16004.343,16095.683
1,128247091833,128247188862,128262827781,128263251464,423.683,15638.919,15735.948
2,128264202748,128264290942,128279415073,128279583726,168.653,15124.131,15212.325
0,128281166172,128281234933,128296168815,128296426540,257.725,14933.882,15002.643
1,128298438209,128298550096,128312746959,128312958163,211.204,14196.863,14308.75
2,128315083059,128315149004,128329391124,128329508014,116.89,14242.12,14308.065
0,128332088390,128332186075,128346111320,128346383841,272.521,13925.245,14022.93
1,128349030001,128349101696,128362731016,128362887749,156.733,13629.32,13701.015
1,128349030001,128349101696,128379403555,128379551058,147.503,30301.859,30373.554
2,128366108259,128366186955,128396228845,128396744959,516.114,30041.89,30120.586
0,128383174949,128383235642,128412804798,128413028835,224.037,29569.156,29629.849
1,128400137927,128400220762,128429444647,128429625458,180.811,29223.885,29306.72
2,128416843529,128416928721,128446084201,128446269869,185.668,29155.48,29240.672
0,128433905946,128433990362,128462739407,128462909745,170.338,28749.045,28833.461
1,128450954744,128451032885,128479451893,128479754093,302.2,28419.008,28497.149
2,128467936454,128468038799,128496131488,128496440176,308.688,28092.689,28195.034
0,128484939138,128485005117,128512798006,128513123630,325.624,27792.889,27858.868
1,128502190061,128502279999,128529447052,128529770201,323.149,27167.053,27256.991
2,128519124883,128519196882,128546129067,128546377954,248.887,26932.185,27004.184
0,128535887362,128535971956,128562766283,128563035650,269.367,26794.327,26878.921
1,128553156526,128553229706,128579506843,128579800303,293.46,26277.137,26350.317
2,128570091596,128570174729,128596068592,128596238427,169.835,25893.863,25976.996
0,128587185112,128587257983,128612736052,128613972622,1236.57,25478.069,25550.94
1,128604385515,128604506303,128629422305,128629573076,150.771,24916.002,25036.79
2,128621509393,128621580144,128646109893,128646478662,368.769,24529.749,24600.5
0,128638386089,128638478700,128662769809,128663006356,236.547,24291.109,24383.72
1,128655465103,128655556576,128679444569,128679691600,247.031,23887.993,23979.466
2,128672427615,128672512319,128696148182,128696455062,306.88,23635.863,23720.567
0,128689357842,128689431065,128712750454,128712904176,153.722,23319.389,23392.612
1,128706484259,128706575577,128729418677,128729580901,162.224,22843.1,22934.418
2,128723359470,128723421782,128746066254,128746384061,317.807,22644.472,22706.784
0,128740447992,128740532760,128762731992,128762874858,142.866,22199.232,22284.0
1,128757244904,128757342180,128779449670,128779696071,246.401,22107.49,22204.766
2,128774408494,128774488614,128796089106,128796243325,154.219,21600.492,21680.612
0,128791307962,128791371573,128812767199,128812921694,154.495,21395.626,21459.237
1,128808118240,128808195624,128829439410,128829665013,225.603,21243.786,21321.17
2,128825156149,128825225688,128846129173,128846559609,430.436,20903.485,20973.024
0,128842046915,128842144514,128862739913,128862925930,186.017,20595.399,20692.998
1,128859082054,128859179373,128879445777,128879665972,220.195,20266.404,20363.723
2,128876346299,128876453021,128896159984,128896377693,217.709,19706.963,19813.685
0,128893269441,128893342758,128912751078,128912903773,152.695,19408.32,19481.637
1,128910243327,128910329748,128929420451,128929590998,170.547,19090.703,19177.124
2,128927303327,128927365582,128946089407,128946236621,147.214,18723.825,18786.08
0,128944760958,128944844471,128962748419,128962910687,162.268,17903.948,17987.461
1,128961792370,128961868913,128979412742,128979569329,156.587,17543.829,17620.372
2,128978519579,128978612087,128996075217,128996231541,156.324,17463.13,17555.638
0,128995174693,128995245906,129012745184,129012896572,151.388,17499.278,17570.491
1,129012125003,129012221211,129029411096,129029589035,177.939,17189.885,17286.093
2,129029101263,129029164424,129046133723,129046348422,214.699,16969.299,17032.46
0,129046021963,129046102394,129062908538,129063175563,267.025,16806.144,16886.575
1,129063097978,129063162721,129079459667,129079647615,187.948,16296.946,16361.689
1,129063097978,129063162721,129096141115,129096454087,312.972,32978.394,33043.137
2,129080177885,129080254335,129112746514,129112900678,154.164,32492.179,32568.629
0,129097478972,129097563461,129129464251,129129747865,283.614,31900.79,31985.279
1,129114366384,129114466793,129146094773,129146250493,155.72,31627.98,31728.389
2,129131361236,129131427999,129162825911,129163122788,296.877,31397.912,31464.675
0,129148351098,129148441355,129179404911,129179571030,166.119,30963.556,31053.813
1,129165395527,129165459856,129196066094,129196199474,133.38,30606.238,30670.567
2,129182685494,129182763483,129212761610,129212919888,158.278,29998.127,30076.116
0,129199703192,129199775726,129229412223,129229607340,195.117,29636.497,29709.031
1,129216823312,129216911423,129246063977,129246195202,131.225,29152.554,29240.665
2,129233975046,129234053454,129262973152,129263266495,293.343,28919.698,28998.106
0,129251189640,129251280462,129279417267,129279612208,194.941,28136.805,28227.627
1,129268253423,129268313720,129296127238,129296647926,520.688,27813.518,27873.815
2,129285461886,129285538154,129312777332,129313214341,437.009,27239.178,27315.446
0,129302643683,129302725325,129329439287,129329675433,236.146,26713.962,26795.604
1,129319798771,129319923532,129346207648,129346451056,243.408,26284.116,26408.877
2,129336736651,129336811636,129362777510,129363221013,443.503,25965.874,26040.859
0,129353715821,129353815167,129379468310,129379776085,307.775,25653.143,25752.489
1,129370774452,129370842156,129396118629,129396383509,264.88,25276.473,25344.177
2,129387841906,129387930218,129412852208,129413176234,324.026,24921.99,25010.302
0,129404867982,129404936507,129434272549,129434514262,241.713,29336.042,29404.567
1,129421781696,129421864110,129449676323,129449839518,163.195,27812.213,27894.627
2,129438969936,129439038573,129464769802,129464970884,201.082,25731.229,25799.866
0,129456071003,129456149425,129479787140,129479990709,203.569,23637.715,23716.137
1,129473175196,129473235040,129496077698,129496219346,141.648,22842.658,22902.502
2,129490523437,129490602975,129512786412,129513014437,228.025,22183.437,22262.975
0,129507246378,129507308204,129529410010,129529512004,101.994,22101.806,22163.632
1,129524454594,129524547459,129546070867,129546170294,99.427,21523.408,21616.273
2,129541470815,129541533743,129562737300,129562890284,152.984,21203.557,21266.485
0,129558638810,129558725464,129579465155,129579668620,203.465,20739.691,20826.345
1,129575857989,129575927376,129596076407,129596238397,161.99,20149.031,20218.418
2,129593516012,129593697353,129612812402,129613007094,194.692,19115.049,19296.39
0,129609970321,129610062245,129629430256,129629591480,161.224,19368.011,19459.935
1,129627046476,129627163883,129646114252,129646363366,249.114,18950.369,19067.776
2,129644074791,129644160056,129662742460,129662908361,165.901,18582.404,18667.669
0,129661217556,129661306951,129679434394,129679602122,167.728,18127.443,18216.838
1,129678375850,129678459704,129696150325,129696422401,272.076,17690.621,17774.475
2,129695269561,129695354615,129713685419,129713969812,284.393,18330.804,18415.858
0,129712235036,129712296506,129729407070,129729558846,151.776,17110.564,17172.034
1,129729778900,129729868947,129746105904,129746360790,254.886,16236.957,16327.004
2,129746894866,129746967791,129762736251,129762898375,162.124,15768.46,15841.385
0,129764111948,129764194277,129779442692,129779659709,217.017,15248.415,15330.744
1,129781146242,129781209644,129796183280,129796411893,228.613,14973.636,15037.038
1,129781146242,129781209644,129812800315,129812980397,180.082,31590.671,31654.073
2,129798249667,129798329336,129829401177,129829573719,172.542,31071.841,31151.51
0,129815277576,129815342511,129846061356,129846213737,152.381,30718.845,30783.78
1,129832297417,129832376212,129862735221,129862877200,141.979,30359.009,30437.804
2,129849435359,129849517054,129879396612,129879580143,183.531,29879.558,29961.253
0,129866511717,129866582143,129896079615,129896220119,140.504,29497.472,29567.898
1,129883461267,129883516619,129912898570,129913218875,320.305,29381.951,29437.303
2,129900538548,129900615153,129936457792,129936739156,281.364,35842.639,35919.244
1,129934534208,129934613192,129951768478,129951960646,192.168,17155.286,17234.27
2,129951848113,129951921117,129967369692,129967549189,179.497,15448.575,15521.579
0,129969016621,129969139847,129983433228,129983621592,188.364,14293.381,14416.607
0,129969016621,129969139847,129998599918,129998771136,171.218,29460.071,29583.297
1,129985957217,129986023233,130014009495,130014385954,376.459,27986.262,28052.278
2,130003232665,130003311048,130029451598,130029935188,483.59,26140.55,26218.933
0,130020176949,130020240475,130046222720,130046488594,265.874,25982.245,26045.771
1,130037047479,130037128474,130062796562,130063010791,214.229,25668.088,25749.083
2,130054021402,130054087903,130079409753,130079586253,176.5,25321.85,25388.351
0,130070797218,130070889680,130096069701,130096233623,163.922,25180.021,25272.483
1,130087802867,130087879180,130112735670,130112883355,147.685,24856.49,24932.803
2,130105213725,130105348091,130129411245,130129545708,134.463,24063.154,24197.52
0,130121922496,130121995368,130146071121,130146231521,160.4,24075.753,24148.625
1,130138816489,130138903104,130162768289,130163026515,258.226,23865.185,23951.8
2,130155777596,130155843183,130179398597,130179531626,133.029,23555.414,23621.001
0,130172694891,130172793154,130196122588,130196361498,238.91,23329.434,23427.697
1,130189640732,130189708081,130212755706,130212956007,200.301,23047.625,23114.974
2,130206586251,130206672735,130229492104,130229788946,296.842,22819.369,22905.853
0,130223641390,130223703872,130246071316,130246219365,148.049,22367.444,22429.926
1,130240818918,130240897562,130262757722,130263220575,462.853,21860.16,21938.804
2,130257863451,130257933528,130279401081,130279545050,143.969,21467.553,21537.63
0,130275356868,130275444433,130296062485,130296206494,144.009,20618.052,20705.617
1,130292315635,130292390932,130312733104,130312887188,154.084,20342.172,20417.469
2,130309427994,130309525948,130329392000,130329529637,137.637,19866.052,19964.006
0,130326549430,130326612276,130346085901,130346238506,152.605,19473.625,19536.471
1,130343612249,130343688965,130362726387,130362844276,117.889,19037.422,19114.138
2,130360685738,130360903300,130379395745,130379567839,172.094,18492.445,18710.007
0,130377746873,130377827240,130396134892,130396374049,239.157,18307.652,18388.019
1,130394986869,130395110802,130412820076,130413117253,297.177,17709.274,17833.207
2,130412007644,130412096677,130429430608,130429570955,140.347,17333.931,17422.964
0,130428984167,130429043592,130446086974,130446243555,156.581,17043.382,17102.807
1,130446039166,130446117368,130462734167,130462852896,118.729,16616.799,16695.001
2,130463280109,130463344194,130479404494,130479503922,99.428,16060.3,16124.385
0,130480025957,130480101644,130496066892,130496223156,156.264,15965.248,16040.935
1,130497026076,130497100188,130512740693,130512885843,145.15,15640.505,15714.617
2,130513997460,130514126640,130529430077,130529676528,246.451,15303.437,15432.617
0,130531197227,130531281931,130546214755,130546433389,218.634,14932.824,15017.528
1,130548259467,130548349599,130562762807,130562911679,148.872,14413.208,14503.34
1,130548259467,130548349599,130579400779,130579710290,309.511,31051.18,31141.312
2,130564962631,130565044387,130596058541,130596244144,185.603,31014.154,31095.91
0,130582225898,130582312018,130612766139,130613003475,237.336,30454.121,30540.241
1,130599553859,130599630865,130629396622,130629553354,156.732,29765.757,29842.763
2,130616680002,130616791467,130646096463,130646324715,228.252,29304.996,29416.461
0,130633662188,130633794358,130662751920,130662885274,133.354,28957.562,29089.732
1,130650832913,130650932625,130679437818,130679674790,236.972,28505.193,28604.905
2,130667894201,130668013254,130696082236,130696240196,157.96,28068.982,28188.035
0,130685023523,130685107957,130712778763,130713003103,224.34,27670.806,27755.24
1,130702161684,130702220490,130729398238,130729538678,140.44,27177.748,27236.554
2,130719326271,130719418754,130746064410,130746198641,134.231,26645.656,26738.139
0,130736388756,130736471097,130764415235,130764686710,271.475,27944.138,28026.479
1,130753423149,130753515172,130780148621,130780316678,168.057,26633.449,26725.472
2,130770627466,130770697185,130796071273,130796218044,146.771,25374.088,25443.807
0,130787715695,130787796712,130812807444,130813051380,243.936,25010.732,25091.749
1,130805008748,130805087504,130829428355,130829641730,213.375,24340.851,24419.607
2,130822199461,130822307173,130846107221,130846233699,126.478,23800.048,23907.76
0,130839192699,130839270589,130862811377,130862989002,177.625,23540.788,23618.678
1,130856084929,130856164479,130879407566,130879520335,112.769,23243.087,23322.637
2,130872872590,130872935633,130896124065,130896390941,266.876,23188.432,23251.475
0,130890169457,130890252997,130926677429,130926914861,237.432,36424.432,36507.972
2,130924586594,130924708371,130932678658,130932840035,161.377,7970.287,8092.064
2,130924586594,130924708371,130947645835,130947837389,191.554,22937.464,23059.241
0,130941641424,130941718905,130963619248,130963801654,182.406,21900.343,21977.824
1,130958776575,130958855336,130979436029,130979546809,110.78,20580.693,20659.454
2,130975883231,130975960890,130996310720,130996457354,146.634,20349.83,20427.489
0,130992858637,130992945118,131012766822,131012893597,126.775,19821.704,19908.185
1,131009776407,131009846876,131029400034,131029529346,129.312,19553.158,19623.627
2,131027000892,131027079428,131046064886,131046185765,120.879,18985.458,19063.994
0,131043980629,131044055325,131062722629,131062847667,125.038,18667.304,18742.0
1,131060913850,131060996195,131079400840,131079505586,104.746,18404.645,18486.99
2,131077631074,131077702160,131096090627,131096251894,161.267,18388.467,18459.553
0,131094860295,131094999262,131112733947,131112836004,102.057,17734.685,17873.652
1,131112011038,131112082775,131129394894,131129498711,103.817,17312.119,17383.856
2,131129011101,131129119217,131146277929,131146518757,240.828,17158.712,17266.828
0,131146099907,131146179094,131162746225,131162903546,157.321,16567.131,16646.318
1,131162950463,131163049897,131179395419,131179492010,96.591,16345.522,16444.956
2,131179865645,131179932999,131196078855,131196195964,117.109,16145.856,16213.21
0,131196813842,131196899731,131212768064,131212990520,222.456,15868.333,15954.222
1,131213925937,131213987753,131229394923,131229529468,134.545,15407.17,15468.986
2,131231026468,131231106475,131246093349,131246340153,246.804,14986.874,15066.881
0,131248096731,131248167983,131262737659,131262910296,172.637,14569.676,14640.928
0,131248096731,131248167983,131279402934,131279499282,96.348,31234.951,31306.203
1,131265315800,131265407694,131296361796,131296639999,278.203,30954.102,31045.996
2,131282254536,131282325598,131312754676,131312907187,152.511,30429.078,30500.14
0,131299282837,131299358755,131329436073,131329674717,238.644,30077.318,30153.236
1,131316450182,131316528074,131346060224,131346188625,128.401,29532.15,29610.042
2,131333598211,131333690750,131362723864,131362859190,135.326,29033.114,29125.653
0,131350731483,131350847855,131379398901,131379527288,128.387,28551.046,28667.418
1,131367761482,131367845902,131396135171,131396297623,162.452,28289.269,28373.689
2,131384746141,131384808715,131413263843,131413504755,240.912,28455.128,28517.702
0,131401841229,131401932174,131429404930,131429559121,154.191,27472.756,27563.701
1,131418914418,131418987374,131446059884,131446183200,123.316,27072.51,27145.466
2,131435761156,131435847405,131462763300,131463013217,249.917,26915.895,27002.144
0,131452850543,131452921663,131479435874,131479692010,256.136,26514.211,26585.331
1,131469992404,131470094543,131496057465,131496152661,95.196,25962.922,26065.061
2,131486894754,131486964862,131512766672,131513019964,253.292,25801.81,25871.918
0,131504002574,131504098793,131529422781,131529678472,255.691,25323.988,25420.207
1,131520992779,131521077690,131546093416,131546306153,212.737,25015.726,25100.637
2,131537832094,131537912865,131562731402,131562874843,143.441,24818.537,24899.308
0,131554914143,131554989943,131579458818,131579627248,168.43,24468.875,24544.675
1,131571861346,131571939117,131596112755,131596348598,235.843,24173.638,24251.409
2,131588950142,131589023345,131612727996,131612980721,252.725,23704.651,23777.854
0,131606436315,131606519553,131629466626,131629723572,256.946,22947.073,23030.311
1,131623075700,131623137323,131646068810,131646160573,91.763,22931.487,22993.11
2,131640099064,131640186888,131662793318,131663021996,228.678,22606.43,22694.254
0,131657008581,131657072886,131679429720,131679598224,168.504,22356.834,22421.139
1,131674075895,131674151196,131696230667,131696511201,280.534,22079.471,22154.772
2,131691306580,131691397678,131712863751,131713050052,186.301,21466.073,21557.171
0,131708358683,131708447099,131729433365,131729562714,129.349,20986.266,21074.682
1,131725379380,131725439891,131746162420,131746417203,254.783,20722.529,20783.04
2,131742639043,131742722106,131762789702,131763080370,290.668,20067.596,20150.659
0,131759646424,131759716920,131779390444,131779523535,133.091,19673.524,19744.02
1,131776504566,131776578041,131796058108,131796192509,134.401,19480.067,19553.542
2,131793473634,131793542038,131812782600,131813069753,287.153,19240.562,19308.966
0,131810535745,131810624009,131829396213,131829533019,136.806,18772.204,18860.468
1,131828043481,131828109707,131846079414,131846218395,138.981,17969.707,18035.933
2,131844837600,131844912710,131862978310,131863219769,241.459,18065.6,18140.71
0,131861992232,131862078817,131879411230,131879545885,134.655,17332.413,17418.998
1,131878999945,131879113093,131896108742,131896262770,154.028,16995.649,17108.797
2,131896004348,131896098506,131913564377,131913861828,297.451,17465.871,17560.029
0,131913129794,131913221111,131931213473,131931421701,208.228,17992.362,18083.679
1,131930230027,131930303320,131947198883,131947437698,238.815,16895.563,16968.856
2,131947307148,131947397244,131963552136,131963660992,108.856,16154.892,16244.988
0,131964276628,131964342302,131979401322,131979514573,113.251,15059.02,15124.694
1,131981132340,131981224980,131996115881,131996716156,600.275,14890.901,14983.541
2,131998194032,131998267351,132012787545,132013020974,233.429,14520.194,14593.513
0,132015272145,132015422955,132029407225,132029539393,132.168,13984.27,14135.08
1,132032297276,132032373760,132046059389,132046173583,114.194,13685.629,13762.113
1,132032297276,132032373760,132062742586,132062912996,170.41,30368.826,30445.31
2,132049456640,132049553909,132079448564,132079858464,409.9,29894.655,29991.924
0,132066501688,132066575582,132096094100,132096306025,211.925,29518.518,29592.412
1,132083748779,132083827800,132112871629,132112986926,115.297,29043.829,29122.85
2,132100641881,132100753429,132129441309,132129628854,187.545,28687.88,28799.428
0,132117820288,132117966010,132146066478,132146203600,137.122,28100.468,28246.19
1,132134871276,132134938243,132162746941,132162916767,169.826,27808.698,27875.665
2,132151608622,132151721242,132179425873,132179537149,111.276,27704.631,27817.251
0,132168671739,132168759118,132196077678,132196182302,104.624,27318.56,27405.939
1,132185783380,132185883509,132212763246,132213200168,436.922,26879.737,26979.866
2,132202787028,132202847912,132229461461,132229877080,415.619,26613.549,26674.433
0,132220043662,132220154456,132246071942,132246244243,172.301,25917.486,26028.28
1,132236808121,132236885183,132262726545,132262868994,142.449,25841.362,25918.424
2,132253904493,132254023869,132279424682,132279571046,146.364,25400.813,25520.189
0,132270818209,132270880297,132296098315,132296341679,243.364,25218.018,25280.106
1,132287715070,132287817917,132312729413,132312879990,150.577,24911.496,25014.343
2,132304823991,132304905340,132329394569,132329525072,130.503,24489.229,24570.578
0,132321920768,132322014104,132346059572,132346184777,125.205,24045.468,24138.804
1,132339092563,132339188562,132362806221,132363049873,243.652,23617.659,23713.658
2,132355958706,132356062906,132379473090,132379728463,255.373,23410.184,23514.384
0,132373107429,132373184629,132396138034,132396309079,171.045,22953.405,23030.605
1,132390166722,132390248859,132412838303,132413895143,1056.84,22589.444,22671.581
2,132406998647,132407061567,132432528541,132432732451,203.91,25466.974,25529.894
0,132424256648,132424332214,132448496096,132448652300,156.204,24163.882,24239.448
1,132441578293,132441673278,132463229216,132463410017,180.801,21555.938,21650.923
2,132458738689,132458834801,132479409343,132479552683,143.34,20574.542,20670.654
0,132475953467,132476020633,132496087550,132496184857,97.307,20066.917,20134.083
1,132492800797,132492892827,132512735503,132512886176,150.673,19842.676,19934.706
2,132510346712,132510418247,132529392243,132529522144,129.901,18973.996,19045.531
0,132526464868,132526567917,132546063919,132546220033,156.114,19496.002,19599.051
1,132543605012,132543696233,132562730240,132562863934,133.694,19034.007,19125.228
2,132560713601,132560799475,132579404467,132579549534,145.067,18604.992,18690.866
0,132577745626,132577883059,132596101288,132596300955,199.667,18218.229,18355.662
1,132594866537,132594965018,132612832341,132613052978,220.637,17867.323,17965.804
2,132611819123,132611940111,132629484397,132629746592,262.195,17544.286,17665.274
0,132628959976,132629079730,132646078535,132646220633,142.098,16998.805,17118.559
1,132646058220,132646148562,132662730419,132662823264,92.845,16581.857,16672.199
2,132663135983,132663245911,132679398249,132679500570,102.321,16152.338,16262.266
0,132680267757,132680359781,132696098526,132696264567,166.041,15738.745,15830.769
1,132697395212,132697517274,132712815606,132713056014,240.408,15298.332,15420.394
2,132714364278,132714462511,132729404714,132729512522,107.808,14942.203,15040.436
0,132731385996,132731495862,132746104071,132746548301,444.23,14608.209,14718.075
1,132748798109,132748887620,132762756371,132762884470,128.099,13868.751,13958.262
2,132765782299,132765894254,132779455854,132779665044,209.19,13561.6,13673.555
0,132782695550,132782785615,132796084268,132796246707,162.439,13298.653,13388.718
0,132782695550,132782785615,132812793041,132813039719,246.678,30007.426,30097.491
1,132799627710,132799757352,132829448657,132829839277,390.62,29691.305,29820.947
2,132816595338,132816689967,132846110982,132846301027,190.045,29421.015,29515.644
2,132816595338,132816689967,132896119798,132896424847,305.049,79429.831,79524.46
2,132816595338,132816689967,132931205914,132931476173,270.259,114515.947,114610.576
2,132816595338,132816689967,132946104037,132946310534,206.497,129414.07,129508.699
2,132816595338,132816689967,132996181490,132996439240,257.75,179491.523,179586.152
0,132833642819,132833743043,132862762611,132862935262,172.651,29019.568,29119.792
0,132833642819,132833743043,132916288276,132916540392,252.116,82545.233,82645.457
0,132833642819,132833743043,132962770191,132962981331,211.14,129027.148,129127.372
0,132833642819,132833743043,133012756611,133012978473,221.862,179013.568,179113.792
1,132850690942,132850762366,132879444402,132879680409,236.007,28682.036,28753.46
1,132850690942,132850762366,132979438535,132979581663,143.128,128676.169,128747.593
1,132850690942,132850762366,133029390728,133029520519,129.791,178628.362,178699.786
